anio,expediente,ruc,nombre,ciiu_balance,ciiu_directorio,grupo,canton,ciudad,situacion_legal,archivo,tipo_formulario,n_cuentas_no_cero,activo_total,pasivo_total,patrimonio_total,ingresos_ordinarios,ingresos_totales,costos_gastos_totales,utilidad_antes_part_ir,utilidad_neta,registros_mismo_anio,cuadre_A_P_Pt
2010,10060,1390021646001,PESPACA PESQUERA DEL PACIFICO CA,C1020.02,C1020.02,Industria: elaboración y conservación de pescado,MANTA,MANTA,ACTIVA,balances_2010_3.txt,casilleros,63,4147417.75,3610785.77,536631.98,,1131331.67,1040094.91,91236.76,91236.76,1,0.0
2010,109262,0992262427001,GEOPAXI S.A.,A0311.01,A0311.01,Armadores / pesca marítima,MANTA,MANTA,DISOLUCIÓN Y LIQUIDACIÓN OFICIO INSCRITA EN RM,balances_2010_3.txt,casilleros,78,12422027.33,5943558.84,6478468.49,,13156876.51,10747240.0,2409636.51,1587700.14,1,0.0
2010,111848,0992299231001,ELVAYKA KYOEI S.A.,A0311.01,A0311.01,Armadores / pesca marítima,MANTA,MANTA,ACTIVA,balances_2010_3.txt,casilleros,95,9842857.68,6306273.62,3536584.06,,5796299.67,5613136.51,183163.16,88614.98,1,-0.0
2010,114130,0992331283001,XUK S.A.,A0311.01,A0311.01,Armadores / pesca marítima,JARAMIJÓ,JARAMIJÓ,ACTIVA,balances_2010_3.txt,casilleros,74,1822424.54,1191228.26,631196.28,,4182892.92,3729298.77,453594.15,284992.02,1,0.0
2010,115653,0992354186001,TUNAEXPORT S.A.S.,A0311.01,A0311.01,Armadores / pesca marítima,MANTA,MANTA,ACTIVA,balances_2010_3.txt,casilleros,43,6608198.16,3058785.41,3549412.75,,609576.81,1248338.39,-638761.58,-970303.25,1,0.0
2010,11733,1390013643001,INDUSTRIA DE ENLATADOS ALIMENTICIOS CIA LTDA IDEAL,C1020.02,C1020.02,Industria: elaboración y conservación de pescado,MONTECRISTI,MONTECRISTI,DISOLUCIÓN Y LIQUIDACIÓN OFICIO INSCRITA EN RM,balances_2010_3.txt,casilleros,96,15754335.13,6634425.37,9119909.76,,17610743.17,15654034.43,1956708.74,1956708.51,1,0.0
2010,124823,0992481978001,ACTORCORP S.A.,A0311.01,A0311.01,Armadores / pesca marítima,MANTA,MANTA,DISOLUCIÓN Y LIQUIDACIÓN OFICIO NO INSCRITA EN RM,balances_2010_3.txt,casilleros,48,113253.6,827329.9,-714076.3,,40000.0,487010.21,-447010.21,-447010.21,1,0.0
2010,12582,1390034063001,EMPRESA DEL MAR CIA LTDA,A0311.01,A0311.01,Armadores / pesca marítima,MANTA,MANTA,ACTIVA,balances_2010_3.txt,casilleros,44,250305.17,198578.9,51726.27,,1821261.8,1801131.34,20130.46,12142.4,1,0.0
2010,126601,0992505621001,SUNSTAR S.A.,A0311.01,A0311.01,Armadores / pesca marítima,MANTA,MANTA,ACTIVA,balances_2010_3.txt,casilleros,32,121178.53,113071.54,8106.99,,282960.45,271812.23,11148.22,6396.29,1,0.0
2010,128384,0992530332001,ASTILLERO ESPERANZA DEL MAR C.A. ASTIESMAR,A0311.01,A0311.01,Armadores / pesca marítima,JARAMIJÓ,JARAMIJÓ,ACTIVA,balances_2010_3.txt,casilleros,90,2192768.03,1097746.09,1095021.94,,1489984.35,1545174.74,-55190.39,-55190.39,1,-0.0
2010,134444,0992623284001,POKINCI S.A.,C1020.02,C1020.02,Industria: elaboración y conservación de pescado,JARAMIJÓ,JARAMIJÓ,ACTIVA,balances_2010_3.txt,casilleros,20,1997.75,299.44,1698.31,,3750.0,2552.25,1197.75,898.31,1,0.0
2010,17663,1390097677001,MARDEX MARISCOS DE EXPORTACION S.A.,A0311.01,A0311.01,Armadores / pesca marítima,MANTA,MANTA,DISOLUCIÓN Y LIQUIDACIÓN OFICIO INSCRITA EN RM,balances_2010_3.txt,casilleros,109,7467006.66,3233934.21,4233072.45,,15778058.85,15804871.83,-26812.98,-87265.76,1,0.0
2010,18528,1790943178001,PRODUCTOS DEL MAR Y SABORES NACIONALES PROMARSAN CIA. LTDA.,C1020.04,C1020.04,Industria: elaboración y conservación de pescado,JARAMIJÓ,JARAMIJÓ,ACTIVA,balances_2010_3.txt,casilleros,73,602815.09,531478.24,71336.85,,1748412.55,1716323.47,32089.08,32089.12,1,-0.0
2010,19582,1390073891001,TRANSMARINA CA,A0311.03,A0311.03,Armadores / pesca marítima,MONTECRISTI,MONTECRISTI,ACTIVA,balances_2010_3.txt,casilleros,119,15425030.98,8455006.49,6970024.49,,24453375.49,22463187.78,1990187.71,1379502.55,1,0.0
2010,205129,1391765770001,EMPACADORA MADEZA S.A.,C1020.02,C1020.02,Industria: elaboración y conservación de pescado,MANTA,MANTA,ACTIVA,balances_2010_3.txt,casilleros,55,90227.3,85822.9,4404.4,,572579.17,552890.43,19688.74,13772.39,1,0.0
2010,205167,1391766793001,POLARISPESCA S.A.,A0311.01,A0311.01,Armadores / pesca marítima,MANTA,MANTA,ACTIVA,balances_2010_3.txt,casilleros,20,460865.31,460115.31,750.0,,0.0,0.0,0.0,0.0,1,0.0
2010,205205,1391767943001,ALHO FISH S.A.,A0311.01,A0311.01,Armadores / pesca marítima,MANTA,MANTA,ACTIVA,balances_2010_3.txt,casilleros,6,800.0,0.0,800.0,,0.0,0.0,0.0,0.0,1,0.0
2010,205233,1391768567001,TXOPITUNA ECUADOR CIA. LTDA.,A0311.03,A0311.03,Armadores / pesca marítima,MANTA,MANTA,ACTIVA,balances_2010_3.txt,casilleros,55,8128354.72,7814603.06,313751.66,,188613.37,212713.09,-24099.72,-24099.72,1,0.0
2010,25440,0990555761001,PESDEL S.A.,A0311.01,A0311.01,Armadores / pesca marítima,JARAMIJÓ,JARAMIJÓ,ACTIVA,balances_2010_3.txt,casilleros,82,14862818.68,14529831.09,332987.59,,1699141.04,2318253.46,-619112.42,-619112.42,1,-0.0
2010,34003,1390099602001,INVERSIONES VETERINARIAS INAGANSA S.A.,A0311.03,A0311.03,Armadores / pesca marítima,MONTECRISTI,MONTECRISTI,DISOLUCIÓN Y LIQUIDACIÓN OFICIO INSCRITA EN RM,balances_2010_3.txt,casilleros,66,112673.74,112338.02,335.72,,165697.9,178342.18,-12644.28,-12644.28,1,0.0
2010,34175,1390141692001,EMPACADORA BILBO S.A. BILBOSA,C1020.01,C1020.01,Industria: elaboración y conservación de pescado,MANTA,MANTA,ACTIVA,balances_2010_3.txt,casilleros,94,8206982.52,5827448.38,2379534.14,,18339754.94,17642261.82,697493.12,451620.11,1,-0.0
2010,34292,1390144039001,PESCADO FRESCO DE EXPORTACION PEFREXPORT S.A.,C1020.04,C1020.04,Industria: elaboración y conservación de pescado,MANTA,MANTA,ACTIVA,balances_2010_3.txt,casilleros,40,1207438.99,390802.71,816636.28,,30000.0,29646.89,353.11,181.06,1,0.0
2010,34328,1390145493001,FISHCORP S.A.,A0311.01,A0311.01,Armadores / pesca marítima,JARAMIJÓ,JARAMIJÓ,ACTIVA,balances_2010_3.txt,casilleros,64,2511449.88,2184330.61,327119.27,,1054028.41,1000747.22,53281.19,33810.15,1,0.0
2010,34346,1390145957001,PESQUERA PERALTA SOCIEDAD ANONIMA PESPERALTA,A0311.01,A0311.01,Armadores / pesca marítima,MANTA,MANTA,ACTIVA,balances_2010_3.txt,casilleros,15,32804.0,4.0,32800.0,,0.0,0.0,0.0,0.0,1,0.0
2010,34388,1390147186001,MARBELIZE S.A.,C1020.04,C1020.04,Industria: elaboración y conservación de pescado,JARAMIJÓ,JARAMIJÓ,ACTIVA,balances_2010_3.txt,casilleros,117,37725926.43,29400959.61,8324966.82,,53996786.79,55839041.28,-1842254.49,-1842254.49,1,0.0
2010,34420,1390148212001,MANABITA DE COMERCIO S.A. MANCORSACOM,C1020.04,C1020.04,Industria: elaboración y conservación de pescado,JARAMIJÓ,JARAMIJÓ,ACTIVA,balances_2010_3.txt,casilleros,98,3205354.16,981867.36,2223486.8,,6153650.25,3687710.63,2465939.62,1582633.62,1,0.0
2010,34442,1390149154001,SHELLFISH S.A.,A0311.01,A0311.01,Armadores / pesca marítima,MANTA,MANTA,ACTIVA,balances_2010_3.txt,casilleros,65,1161714.99,515662.28,646052.71,,1902248.32,1664127.02,238121.3,153335.1,1,0.0
2010,34449,1390149219001,EUROFISH S.A.,C1020.04,C1020.04,Industria: elaboración y conservación de pescado,MONTECRISTI,MONTECRISTI,ACTIVA,balances_2010_3.txt,casilleros,109,29463223.63,20842909.64,8620313.99,,73662106.43,68261709.51,5400396.92,3532618.37,1,-0.0
2010,34453,1390149316001,MADEPACIF S.A.,C1020.02,C1020.02,Industria: elaboración y conservación de pescado,MANTA,MANTA,DISOLUCIÓN Y LIQUIDACIÓN OFICIO INSCRITA EN RM,balances_2010_3.txt,casilleros,42,9851.6,94116.34,-84264.74,,106161.64,102870.35,3291.29,3291.29,1,0.0
2010,34521,1391700776001,TECNICA Y COMERCIO DE LA PESCA C.A. TECOPESCA,A0311.01,A0311.01,Armadores / pesca marítima,JARAMIJÓ,JARAMIJÓ,ACTIVA,balances_2010_3.txt,casilleros,120,61244958.87,43500620.43,17744338.44,,86494138.69,80356167.18,6137971.51,0.0,1,-0.0
2010,34525,1391700830001,"MANACRIPEX CIA. LTDA. MANABITA DE CRIA , PESCA Y EXPORTACION",A0311.03,A0311.03,Armadores / pesca marítima,JARAMIJÓ,JARAMIJÓ,ACTIVA,balances_2010_3.txt,casilleros,83,4455654.15,3427378.58,1028275.57,,3645445.11,3575930.31,69514.8,69514.8,1,0.0
2010,34611,1391709765001,PESQUERA UGAVI S.A.,A0311.03,A0311.03,Armadores / pesca marítima,MANTA,MANTA,ACTIVA,balances_2010_3.txt,casilleros,69,2695102.47,1268576.06,1426526.41,,6704685.57,6286366.99,418318.58,239443.62,1,0.0
2010,34614,1391701926001,INDUSTRIA ATUNERA S.A. INDUATUN,A0311.01,A0311.01,Armadores / pesca marítima,MANTA,MANTA,ACTIVA,balances_2010_3.txt,casilleros,63,12489105.16,5638907.18,6850197.98,,3597810.85,4211975.03,-614164.18,-176103.61,1,0.0
2010,34630,1391702094001,DIAZ VASQUEZ DIVA S.A.,A0311.01,A0311.01,Armadores / pesca marítima,MANTA,MANTA,ACTIVA,balances_2010_3.txt,casilleros,12,1074950.0,1074150.0,800.0,,0.0,0.0,0.0,0.0,1,0.0
2010,34725,1391726740001,INMOTUNA S.A.,A0311.01,A0311.01,Armadores / pesca marítima,MANTA,MANTA,ACTIVA,balances_2010_3.txt,casilleros,25,32831.8,34854.79,-2022.99,,0.0,1527.26,-1527.26,-1527.25,1,0.0
2010,34727,1391716702001,MEGAOCEAN S.A,A0311.01,A0311.01,Armadores / pesca marítima,MANTA,MANTA,ACTIVA,balances_2010_3.txt,casilleros,60,782941.75,596401.2,186540.55,,2171572.41,2332897.78,-161325.37,-161325.37,1,0.0
2010,34759,1391717474001,PROVIPACIF S.A,A0311.01,A0311.01,Armadores / pesca marítima,MANTA,MANTA,ACTIVA,balances_2010_3.txt,casilleros,74,3825288.55,2510574.33,1314714.22,,1796433.17,1700812.64,95620.53,6678.57,1,-0.0
2010,34863,1391722486001,UNIOCEAN S.A.,A0311.03,A0311.03,Armadores / pesca marítima,MANTA,MANTA,ACTIVA,balances_2010_3.txt,casilleros,70,7699662.98,6398164.23,1301498.75,,7808805.68,7359166.7,449638.98,258731.69,1,0.0
2010,34903,1391723318001,OCEANFISH S.A.,A0311.01,A0311.01,Armadores / pesca marítima,MANTA,MANTA,ACTIVA,balances_2010_3.txt,casilleros,122,11185097.32,8898349.46,2286747.86,,24253939.04,23869444.85,384494.19,192580.06,1,-0.0
2010,34919,1391724500001,PESCIMERA S.A,A0311.01,A0311.01,Armadores / pesca marítima,MANTA,MANTA,ACTIVA,balances_2010_3.txt,casilleros,63,1757349.06,1586087.1,171261.96,,3942268.87,3842794.66,99474.21,99474.21,1,-0.0
2010,34948,1391724837001,PRODUCTOS PESQUEROS S.A. PRODUPES,C1020.06,C1020.06,Industria: elaboración y conservación de pescado,MONTECRISTI,MONTECRISTI,ACTIVA,balances_2010_3.txt,casilleros,74,995396.95,730264.19,265132.76,,5465203.9,5260913.5,204290.4,128728.69,1,0.0
2010,34958,1391725426001,CARIBBEAN ATLANTIC CARTLANT S.A.,A0311.01,A0311.01,Armadores / pesca marítima,MANTA,MANTA,ACTIVA,balances_2010_3.txt,casilleros,13,1266.34,93.92,1172.42,,0.0,0.0,0.0,0.0,1,-0.0
2010,35171,1390140319001,"FRIGORIFICO Y LABORATORIO SAN MATEO, FRIGOLAB SAN MATEO CIA. LTDA.",A0311.01,A0311.01,Armadores / pesca marítima,JARAMIJÓ,JARAMIJÓ,ACTIVA,balances_2010_3.txt,casilleros,115,8296181.58,2753822.25,5542359.33,,15188590.25,15125444.33,63145.92,30914.65,1,0.0
2010,35254,1390143024001,PES NUNEZ SANTANA PESNUSAN CIA. LTDA.,C1020.02,C1020.02,Industria: elaboración y conservación de pescado,MONTECRISTI,MONTECRISTI,ACTIVA,balances_2010_3.txt,casilleros,75,201833.81,109872.34,91961.47,,2258163.37,2256583.84,1579.53,-17567.26,1,0.0
2010,35294,1390144861001,MAREROCE EXPORT IMPORT CIA. LTDA.,C1020.01,C1020.01,Industria: elaboración y conservación de pescado,JARAMIJÓ,JARAMIJÓ,ACTIVA,balances_2010_3.txt,casilleros,62,996600.3,581483.5,415116.8,,3810023.13,3767456.88,42566.25,27135.98,1,0.0
2010,35359,1390148034001,PESQUERA CHOPITEA CIA. LTDA.,A0311.01,A0311.01,Armadores / pesca marítima,MANTA,MANTA,ACTIVA,balances_2010_3.txt,casilleros,24,430101.64,383050.73,47050.91,,28231.5,16921.73,11309.77,8482.33,1,0.0
2010,35364,1390148433001,ALIMENTOS INTEGRADOS ALINTEGRA CIA. LTDA.,C1020.05,C1020.05,Industria: elaboración y conservación de pescado,MANTA,MANTA,ACTIVA,balances_2010_3.txt,casilleros,13,2320.03,1920.03,400.0,,0.0,0.0,0.0,0.0,1,0.0
2010,35404,1390150020001,HARINA DE PESCADO DE EXPORTACION HARDEPEX CIA. LTDA.,C1020.05,C1020.05,Industria: elaboración y conservación de pescado,JARAMIJÓ,JARAMIJÓ,DISOLUCIÓN Y LIQUIDACIÓ DE PLENO DERECHO NO INS RM,balances_2010_3.txt,casilleros,74,617554.26,239576.52,377977.74,,2935523.35,2738862.22,196661.13,133016.74,1,0.0
2010,35420,1391700938001,MANATUN CIA. LTDA.,A0311.01,A0311.01,Armadores / pesca marítima,MANTA,MANTA,DISOLUCIÓN Y LIQUIDACIÓN OFICIO INSCRITA EN RM,balances_2010_3.txt,casilleros,50,150778.87,139471.43,11307.44,,582659.83,571428.4,11231.43,6802.04,1,0.0
2010,35524,1391715986001,JJ ECOMAR EXPORT IMPORT CIA.LTDA,C1020.02,C1020.02,Industria: elaboración y conservación de pescado,MANTA,MANTA,DISOLUCIÓN Y LIQUIDACIÓN DE PLENO DERECHO INSC. RM,balances_2010_3.txt,casilleros,6,400.0,0.0,400.0,,0.0,0.0,0.0,0.0,1,0.0
2010,35688,1391729391001,PESQUERA BETH EEL S.A.,A0311.01,A0311.01,Armadores / pesca marítima,MONTECRISTI,MONTECRISTI,ACTIVA,balances_2010_3.txt,casilleros,21,96947.62,22337.62,74610.0,,0.0,-22337.62,22337.62,0.0,1,0.0
2010,35759,1391731388001,ARMAPAC S.A.,C1020.02,C1020.02,Industria: elaboración y conservación de pescado,MANTA,MANTA,DISOLUCIÓN Y LIQUIDACIÓN OFICIO INSCRITA EN RM,balances_2010_3.txt,casilleros,20,800.0,0.0,800.0,,89370.0,85534.36,3835.64,0.0,1,0.0
2010,35766,1391732872001,FRIGORIFICO Y CONSERVERA DE LA PESCA FRICOPES S.A.,A0311.01,A0311.01,Armadores / pesca marítima,MANTA,MANTA,ACTIVA,balances_2010_3.txt,casilleros,77,815207.25,177215.35,637991.9,,2281678.52,2053333.61,228344.91,139209.72,1,0.0
2010,35826,1391732813001,FISHMAR S.A.,A0311.01,A0311.01,Armadores / pesca marítima,MANTA,MANTA,ACTIVA,balances_2010_3.txt,casilleros,63,2431950.65,2032898.56,399052.09,,578099.54,470357.16,107742.38,61426.88,1,-0.0
2010,35888,1391734271001,USAFISH S.A.,C1020.02,C1020.02,Industria: elaboración y conservación de pescado,MANTA,MANTA,ACTIVA,balances_2010_3.txt,casilleros,45,694757.58,617985.98,76771.6,,2737219.3,2685624.04,51595.26,51595.26,1,-0.0
2010,35973,1391736452001,B&B TUNE_SUPPLIERS S.A.,A0311.01,A0311.01,Armadores / pesca marítima,MANTA,MANTA,ACTIVA,balances_2010_3.txt,casilleros,68,990421.27,984431.87,5989.4,,499171.11,496317.14,2853.97,1599.09,1,0.0
2010,369,1790034305001,SEAFMAN SOCIEDAD ECUATORIANA DE ALIMENTOS Y FRIGORIFICOS MANTA C.A.,C1020.02,C1020.02,Industria: elaboración y conservación de pescado,MANTA,MANTA,ACTIVA,balances_2010_3.txt,casilleros,115,41564508.01,26391669.69,15172838.32,,76770479.68,75791870.16,978609.52,558946.56,1,-0.0
2010,39949,1391773439001,PESCAEXITO CIA. LTDA.,A0311.01,A0311.01,Armadores / pesca marítima,MANTA,MANTA,ACTIVA,balances_2010_3.txt,casilleros,25,72172.88,5311.25,66861.63,,223992.39,220181.14,3811.25,3811.05,1,0.0
2010,61599,1391776101001,COINFORMANT S.A.,A0311.01,A0311.01,Armadores / pesca marítima,MANTA,MANTA,DISOLUCIÓN Y LIQUIDACIÓN DE PLENO DERECHO INSC. RM,balances_2010_3.txt,casilleros,7,800.0,0.0,800.0,,0.0,0.0,0.0,0.0,1,0.0
2010,61759,1391775903001,CONSULTORES INDUSTRIALES Y PRODUCTOS DEL MAR S.A. CIPROMAR,A0311.01,A0311.01,Armadores / pesca marítima,MANTA,MANTA,ACTIVA,balances_2010_3.txt,casilleros,8,1000.0,0.0,1000.0,,0.0,0.0,0.0,0.0,1,0.0
2010,62123,1391776497001,FIOMAR&SHARK OCEAN S.A.,A0311.01,A0311.01,Armadores / pesca marítima,MONTECRISTI,MONTECRISTI,DISOLUCIÓN Y LIQUIDACIÓN OFICIO NO INSCRITA EN RM,balances_2010_3.txt,casilleros,35,279810.0,101140.67,178669.33,,59389.2,54322.08,5067.12,4192.12,1,0.0
2010,62647,1391776683001,FRANCHI FISH S.A.,A0311.01,A0311.01,Armadores / pesca marítima,MANTA,MANTA,ACTIVA,balances_2010_3.txt,casilleros,30,31169.71,23564.1,7605.61,,769527.24,760350.59,9176.65,5834.29,1,0.0
2010,63129,1391777434001,MUNDOTRADE S.A.,A0311.01,A0311.01,Armadores / pesca marítima,MANTA,MANTA,DISOLUCIÓN Y LIQUIDACIÓN OFICIO INSCRITA EN RM,balances_2010_3.txt,casilleros,7,525.0,0.0,525.0,,0.0,0.0,0.0,0.0,1,0.0
2010,636,1390005713001,INDUSTRIA ECUATORIANA PRODUCTORA DE ALIMENTOS CA INEPACA,C1020.02,C1020.02,Industria: elaboración y conservación de pescado,MANTA,MANTA,ACTIVA,balances_2010_3.txt,casilleros,94,41155293.33,10114054.29,31041239.04,,45307413.9,43023803.93,2283609.97,1462868.1,1,0.0
2010,63945,1391778732001,INTERNACIONAL SEAFOOD FOODINTER S.A.,C1020.03,C1020.03,Industria: elaboración y conservación de pescado,MANTA,MANTA,DISOLUCIÓN Y LIQUIDACIÓN OFICIO NO INSCRITA EN RM,balances_2010_3.txt,casilleros,7,3125.0,0.0,3125.0,,0.0,0.0,0.0,0.0,1,0.0
2010,64976,1391779801001,EMPACADORA ALKRISTO DEL MAR S.A. EMPALMAR,A0311.01,A0311.01,Armadores / pesca marítima,MANTA,MANTA,ACTIVA,balances_2010_3.txt,casilleros,6,1000.0,0.0,1000.0,,0.0,0.0,0.0,0.0,1,0.0
2010,70242,0991285571001,OLIMAR S.A.,C1020.01,C1020.01,Industria: elaboración y conservación de pescado,MANTA,MANTA,DISOLUCIÓN Y LIQUIDACIÓN OFICIO INSCRITA EN RM,balances_2010_3.txt,casilleros,62,3412273.88,2191563.39,1220710.49,,3441343.54,3441343.54,0.0,0.0,1,-0.0
2010,7027,1390050352001,CONSERVAS ISABEL ECUATORIANA S.A.,C1020.02,C1020.02,Industria: elaboración y conservación de pescado,MANTA,MANTA,ACTIVA,balances_2010_3.txt,casilleros,120,67519991.7,38959855.49,28560136.21,,107773592.32,105146266.07,2627326.25,1237340.34,1,0.0
2010,72073,0991313788001,ASISERVY S.A.,C1020.02,C1020.02,Industria: elaboración y conservación de pescado,JARAMIJÓ,JARAMIJÓ,ACTIVA,balances_2010_3.txt,casilleros,96,22187070.59,15353322.97,6833747.62,,30893814.11,30836439.38,57374.73,57374.73,1,-0.0
2010,72096,0991316531001,AGROL S.A.,A0311.01,A0311.01,Armadores / pesca marítima,MANTA,MANTA,ACTIVA,balances_2010_3.txt,casilleros,63,5966672.42,5620057.72,346614.7,,2087791.17,2382972.92,-295181.75,-295181.75,1,0.0
2010,79132,0991417117001,MARMONTESAN S.A.,A0311.01,A0311.01,Armadores / pesca marítima,MONTECRISTI,MONTECRISTI,ACTIVA,balances_2010_3.txt,casilleros,52,262198.41,178217.97,83980.44,,360017.35,359983.64,33.71,21.49,1,-0.0
2010,83238,0991469095001,TADEL S.A.,C1020.05,C1020.05,Industria: elaboración y conservación de pescado,JARAMIJÓ,JARAMIJÓ,ACTIVA,balances_2010_3.txt,casilleros,84,8835781.91,3315919.12,5519862.79,,19609676.85,15254436.82,4355240.03,2481377.5,1,0.0
2010,95584,1391738803001,EYCO S.A.,A0311.01,A0311.01,Armadores / pesca marítima,MANTA,MANTA,ACTIVA,balances_2010_3.txt,casilleros,48,102062.96,100581.99,1480.97,,432958.9,467351.12,-34392.22,-34392.22,1,0.0
2010,95604,1391739524001,PROHAPEZ MANTA S.A.,A0311.01,A0311.01,Armadores / pesca marítima,MONTECRISTI,MONTECRISTI,ACTIVA,balances_2010_3.txt,casilleros,10,2100.0,0.0,2100.0,,0.0,0.0,0.0,0.0,1,0.0
2010,95611,0992471557001,EMPROPESCA S.A.,A0311.01,A0311.01,Armadores / pesca marítima,MANTA,MANTA,ACTIVA,balances_2010_3.txt,casilleros,19,851362.21,850562.21,800.0,,0.0,0.0,0.0,0.0,1,0.0
2010,95657,1391740433001,COMERCIALIZADORA DE PRODUCTOS DEL MAR SINAI S. A.,A0311.01,A0311.01,Armadores / pesca marítima,MONTECRISTI,MONTECRISTI,ACTIVA,balances_2010_3.txt,casilleros,6,400.0,0.0,400.0,,0.0,0.0,0.0,0.0,1,0.0
2010,95697,1391742150001,ACQUITERMI S.A.,A0311.01,A0311.01,Armadores / pesca marítima,MONTECRISTI,MONTECRISTI,DISOLUCIÓN Y LIQUIDACIÓN OFICIO INSCRITA EN RM,balances_2010_3.txt,casilleros,67,730943.2,599336.61,131606.59,,5475716.0,5352895.78,122820.22,76063.52,1,-0.0
2010,95714,1391742053001,DISTRIBUIDORA FLIPPER S.A.,A0311.01,A0311.01,Armadores / pesca marítima,MANTA,MANTA,DISOLUCIÓN Y LIQUIDACIÓN OFICIO INSCRITA EN RM,balances_2010_3.txt,casilleros,94,859317.64,831221.25,28096.39,,1889847.94,1865660.7,24187.24,-54704.56,1,0.0
2010,95725,1391742320001,TUNIDOS DEL PACIFICO S.A.,C1020.02,C1020.02,Industria: elaboración y conservación de pescado,MANTA,MANTA,DISOLUCIÓN Y LIQUIDACIÓN OFICIO INSCRITA EN RM,balances_2010_3.txt,casilleros,47,438154.25,182433.2,255721.05,,738874.49,797029.1,-58154.61,0.0,1,0.0
2010,95806,1391744064001,PESPESCA S.A.,C1020.07,C1020.07,Industria: elaboración y conservación de pescado,MONTECRISTI,MONTECRISTI,ACTIVA,balances_2010_3.txt,casilleros,102,19217251.17,14710253.26,4506997.91,,6560989.84,10968786.12,-4407796.28,-4407796.25,1,0.0
2010,95871,1391744943001,AMATXU MARIA LUISA CIA. LTDA.,A0311.01,A0311.01,Armadores / pesca marítima,MANTA,MANTA,ACTIVA,balances_2010_3.txt,casilleros,6,400.0,0.0,400.0,,0.0,0.0,0.0,0.0,1,0.0
2010,95900,1391745656001,OCEAN FARM S.A.,A0311.01,A0311.01,Armadores / pesca marítima,MANTA,MANTA,ACTIVA,balances_2010_3.txt,casilleros,59,897069.56,940888.26,-43818.7,,31172.04,75790.74,-44618.7,-44618.7,1,0.0
2010,95926,1391746830001,FRESH FISH DEL ECUADOR CIA. LTDA.,A0311.01,A0311.01,Armadores / pesca marítima,MANTA,MANTA,ACTIVA,balances_2010_3.txt,casilleros,96,3460426.32,2596399.22,864027.1,,4060502.48,2877256.61,1183245.87,788660.76,1,-0.0
2010,95993,1391747314001,INDUSTRIAS DE PRODUCTOS DEL MAR S.A. IDELMAR,A0311.01,A0311.01,Armadores / pesca marítima,MANTA,MANTA,ACTIVA,balances_2010_3.txt,casilleros,47,1270487.87,580895.44,689592.43,,1327073.86,1215113.7,111960.16,79913.19,1,0.0
2010,96020,1391748027001,DELIPESCA S.A.,A0311.01,A0311.01,Armadores / pesca marítima,MANTA,MANTA,ACTIVA,balances_2010_3.txt,casilleros,62,12378024.61,7468365.09,4909659.52,,9447325.92,10346237.43,-898911.51,-119567.5,1,0.0
2010,96128,1391750811001,ISIMARE S.A.,A0311.01,A0311.01,Armadores / pesca marítima,JARAMIJÓ,JARAMIJÓ,ACTIVA,balances_2010_3.txt,casilleros,61,741590.44,767369.76,-25779.32,,75721.9,95252.35,-19530.45,-18968.63,1,-0.0
2010,96213,1391753071001,EUROTUNA S.A.,A0311.01,A0311.01,Armadores / pesca marítima,MANTA,MANTA,ACTIVA,balances_2010_3.txt,casilleros,11,1211.68,411.68,800.0,,0.0,0.0,0.0,0.0,1,0.0
2010,96216,1391752377001,MARINE PROTEIN MARPROT S.A.,A0311.01,A0311.01,Armadores / pesca marítima,MONTECRISTI,MONTECRISTI,ACTIVA,balances_2010_3.txt,casilleros,100,2639457.32,2469972.19,169485.13,,884899.33,1000337.28,-115437.95,-120256.78,1,-0.0
2010,96218,1391752822001,MARCARIBE S.A.,A0311.01,A0311.01,Armadores / pesca marítima,MANTA,MANTA,ACTIVA,balances_2010_3.txt,casilleros,11,1214.48,414.48,800.0,,0.0,0.0,0.0,0.0,1,0.0
2010,96265,1391753233001,TECNIMAR CIA. LTDA.,A0311.01,A0311.01,Armadores / pesca marítima,MANTA,MANTA,ACTIVA,balances_2010_3.txt,casilleros,7,1021.0,0.0,1021.0,,0.0,0.0,0.0,0.0,1,0.0
2010,99022,0991520767001,GALDECUN S.A.,C1020.06,C1020.06,Industria: elaboración y conservación de pescado,JARAMIJÓ,JARAMIJÓ,ACTIVA,balances_2010_3.txt,casilleros,76,2051514.49,1445620.35,605894.14,,748244.47,687020.31,61224.16,39030.4,1,-0.0
2011,100223,1391782926001,ALIMENTOS DEL MAR MARFOODSA S.A.,A0311.01,A0311.01,Armadores / pesca marítima,JARAMIJÓ,JARAMIJÓ,ACTIVA,balances_2011_3.txt,NIIF_jerarquico,41,93404.12,81551.25,11852.87,76150.81,76150.81,57992.15,18158.66,11652.87,1,-0.0
2011,10060,1390021646001,PESPACA PESQUERA DEL PACIFICO CA,C1020.02,C1020.02,Industria: elaboración y conservación de pescado,MANTA,MANTA,ACTIVA,balances_2011_3.txt,NIIF_jerarquico,80,5023519.26,3024750.37,1998768.89,1272830.83,1272830.83,1172685.1,100145.73,100145.73,1,-0.0
2011,109262,0992262427001,GEOPAXI S.A.,A0311.01,A0311.01,Armadores / pesca marítima,MANTA,MANTA,DISOLUCIÓN Y LIQUIDACIÓN OFICIO INSCRITA EN RM,balances_2011_3.txt,NIIF_jerarquico,106,21779491.75,7372920.31,14406571.44,19090118.09,19230364.25,15838386.0,3391978.25,1955473.96,1,0.0
2011,111848,0992299231001,ELVAYKA KYOEI S.A.,A0311.01,A0311.01,Armadores / pesca marítima,MANTA,MANTA,ACTIVA,balances_2011_3.txt,NIIF_jerarquico,102,17085509.38,6289931.47,10795577.91,8669853.18,8669853.18,6876477.7,1793375.48,1136584.0,1,0.0
2011,114130,0992331283001,XUK S.A.,A0311.01,A0311.01,Armadores / pesca marítima,JARAMIJÓ,JARAMIJÓ,ACTIVA,balances_2011_2.txt,casilleros,75,2676029.22,1721453.1,954576.12,,4459253.36,3898217.55,561035.81,355572.5,1,0.0
2011,115653,0992354186001,TUNAEXPORT S.A.S.,A0311.01,A0311.01,Armadores / pesca marítima,MANTA,MANTA,ACTIVA,balances_2011_2.txt,casilleros,61,7281095.65,2536717.33,4744378.32,,5510141.71,3951586.6,1558555.11,1194965.57,1,0.0
2011,11733,1390013643001,INDUSTRIA DE ENLATADOS ALIMENTICIOS CIA LTDA IDEAL,C1020.02,C1020.02,Industria: elaboración y conservación de pescado,MONTECRISTI,MONTECRISTI,DISOLUCIÓN Y LIQUIDACIÓN OFICIO INSCRITA EN RM,balances_2011_3.txt,NIIF_jerarquico,135,21365808.9,8661571.93,12704236.97,22039935.28,22162518.84,19725763.200000003,2436755.64,1560371.9,1,-0.0
2011,124823,0992481978001,ACTORCORP S.A.,A0311.01,A0311.01,Armadores / pesca marítima,MANTA,MANTA,DISOLUCIÓN Y LIQUIDACIÓN OFICIO NO INSCRITA EN RM,balances_2011_2.txt,casilleros,39,77892.26,36858.52,41033.74,,47264.44,59093.79,-11829.35,-11829.35,1,0.0
2011,12582,1390034063001,EMPRESA DEL MAR CIA LTDA,A0311.01,A0311.01,Armadores / pesca marítima,MANTA,MANTA,ACTIVA,balances_2011_2.txt,casilleros,51,269315.21,215242.8,54072.41,,636932.1,632831.56,4100.54,2111.53,1,0.0
2011,126601,0992505621001,SUNSTAR S.A.,A0311.01,A0311.01,Armadores / pesca marítima,MANTA,MANTA,ACTIVA,balances_2011_2.txt,casilleros,45,318570.7,296618.3,21952.4,,375922.3,344588.42,31333.88,18217.53,1,0.0
2011,128384,0992530332001,ASTILLERO ESPERANZA DEL MAR C.A. ASTIESMAR,A0311.01,A0311.01,Armadores / pesca marítima,JARAMIJÓ,JARAMIJÓ,ACTIVA,balances_2011_3.txt,NIIF_jerarquico,105,9220341.35,4511167.8,4709173.55,3333202.84,3353962.55,3330665.66,23296.89,-2739.56,1,0.0
2011,134444,0992623284001,POKINCI S.A.,C1020.02,C1020.02,Industria: elaboración y conservación de pescado,JARAMIJÓ,JARAMIJÓ,ACTIVA,balances_2011_2.txt,casilleros,7,1698.31,0.0,1698.31,,0.0,0.0,0.0,898.31,1,0.0
2011,137966,1391785003001,COMERCIALIZADORA TONINO SEA FOOD S.A. COMTOSEAFOOD,A0311.01,A0311.01,Armadores / pesca marítima,MANTA,MANTA,ACTIVA,balances_2011_3.txt,NIIF_jerarquico,49,126633.41,97719.19,28914.22,275563.93,275563.93,271649.71,3914.22,3914.22,1,0.0
2011,139001,1391785402001,PESQUERA MONTECRISTI S.A. PESQUEMONSA,A0311.01,A0311.01,Armadores / pesca marítima,MANTA,MANTA,ACTIVA,balances_2011_4.txt,NIIF_jerarquico,34,548608.29,547551.1,1057.19,0.0,57.19,0.0,57.19,57.19,1,0.0
2011,139004,1391799101001,PUERTOMAR S.A.,A0311.03,A0311.03,Armadores / pesca marítima,JARAMIJÓ,JARAMIJÓ,ACTIVA,balances_2011_4.txt,NIIF_jerarquico,6,800.0,0.0,800.0,0.0,0.0,0.0,0.0,0.0,1,0.0
2011,141044,1391790619001,FULL MOON ECUADOR FULMEC S.A.,A0311.01,A0311.01,Armadores / pesca marítima,MANTA,MANTA,ACTIVA,balances_2011_4.txt,NIIF_jerarquico,6,1000.0,0.0,1000.0,0.0,0.0,0.0,0.0,0.0,1,0.0
2011,141596,1391788185001,COVEROSA S.A.,A0311.01,A0311.01,Armadores / pesca marítima,MANTA,MANTA,ACTIVA,balances_2011_3.txt,NIIF_jerarquico,54,272791.04,277131.35,-4340.31,758132.63,758132.63,763474.51,-5341.88,-5341.88,1,0.0
2011,143146,1391789629001,ACUIRÍA S.A.,C1020.01,C1020.01,Industria: elaboración y conservación de pescado,MANTA,MANTA,DISOLUCIÓN Y LIQUIDACIÓN OFICIO INSCRITA EN RM,balances_2011_4.txt,NIIF_jerarquico,6,800.0,0.0,800.0,0.0,0.0,0.0,0.0,0.0,1,0.0
2011,143165,1391790589001,ACUICOLA Y PISCICOLA LA ISLA S.A. ACUISLA,A0311.01,A0311.01,Armadores / pesca marítima,MANTA,MANTA,ACTIVA,balances_2011_4.txt,NIIF_jerarquico,6,1000.0,0.0,1000.0,0.0,0.0,0.0,0.0,0.0,1,0.0
2011,143486,1391790104001,ATUN ESTRIBELA S.A.,A0311.03,A0311.03,Armadores / pesca marítima,MANTA,MANTA,DISOLUCIÓN Y LIQUIDACIÓN OFICIO NO INSCRITA EN RM,balances_2011_3.txt,NIIF_jerarquico,9,3800100.0,0.0,3800100.0,0.0,0.0,0.0,0.0,0.0,1,0.0
2011,143580,1391790260001,OSAKAFISH S.A.,A0311.01,A0311.01,Armadores / pesca marítima,MANTA,MANTA,DISOLUCIÓN Y LIQUIDACIÓN OFICIO INSCRITA EN RM,balances_2011_3.txt,NIIF_jerarquico,6,1000.0,0.0,1000.0,0.0,0.0,0.0,0.0,0.0,1,0.0
2011,143702,1391790279001,AGRICOLA Y PISCICOLA SUSSMANN DELGADO AGROSUSSDEL S.A.,A0311.01,A0311.01,Armadores / pesca marítima,MANTA,MANTA,ACTIVA,balances_2011_4.txt,NIIF_jerarquico,6,1200.0,0.0,1200.0,0.0,0.0,0.0,0.0,0.0,1,0.0
2011,143706,1391790287001,PESQUERA ATUNES DEL PACIFICO S.A. ''ATUNPACIFICOSA'',A0311.03,A0311.03,Armadores / pesca marítima,MANTA,MANTA,ACTIVA,balances_2011_3.txt,NIIF_jerarquico,9,26503250.0,0.0,26503250.0,0.0,0.0,0.0,0.0,0.0,1,0.0
2011,144167,1391791488001,GRUPO DEGFER CIA. LTDA.,A0311.01,A0311.01,Armadores / pesca marítima,JARAMIJÓ,JARAMIJÓ,ACTIVA,balances_2011_3.txt,NIIF_jerarquico,7,5000.0,0.0,5000.0,0.0,0.0,0.0,0.0,0.0,1,0.0
2011,17663,1390097677001,MARDEX MARISCOS DE EXPORTACION S.A.,A0311.01,A0311.01,Armadores / pesca marítima,MANTA,MANTA,DISOLUCIÓN Y LIQUIDACIÓN OFICIO INSCRITA EN RM,balances_2011_3.txt,NIIF_jerarquico,143,9068176.78,4635716.31,4432460.47,15606217.71,15669418.9,15550610.219999999,118808.68,-16798.3,1,0.0
2011,18528,1790943178001,PRODUCTOS DEL MAR Y SABORES NACIONALES PROMARSAN CIA. LTDA.,C1020.04,C1020.04,Industria: elaboración y conservación de pescado,JARAMIJÓ,JARAMIJÓ,ACTIVA,balances_2011_2.txt,casilleros,86,850385.45,504574.24,345811.21,,1889090.24,1830963.99,58126.25,49407.32,1,-0.0
2011,19582,1390073891001,TRANSMARINA CA,A0311.03,A0311.03,Armadores / pesca marítima,MONTECRISTI,MONTECRISTI,ACTIVA,balances_2011_3.txt,NIIF_jerarquico,124,25504054.98,10765183.52,14738871.46,31825654.04,31825654.04,28856955.040000003,2968699.0,2019140.92,1,0.0
2011,205129,1391765770001,EMPACADORA MADEZA S.A.,C1020.02,C1020.02,Industria: elaboración y conservación de pescado,MANTA,MANTA,ACTIVA,balances_2011_2.txt,casilleros,63,150895.44,131825.58,19069.86,,844170.54,810662.01,33508.53,16892.62,1,0.0
2011,205167,1391766793001,POLARISPESCA S.A.,A0311.01,A0311.01,Armadores / pesca marítima,MANTA,MANTA,ACTIVA,balances_2011_2.txt,casilleros,58,573175.18,558701.74,14473.44,,935227.25,913370.82,21856.43,13723.44,1,0.0
2011,205205,1391767943001,ALHO FISH S.A.,A0311.01,A0311.01,Armadores / pesca marítima,MANTA,MANTA,ACTIVA,balances_2011_2.txt,casilleros,6,800.0,0.0,800.0,,0.0,0.0,0.0,0.0,1,0.0
2011,205233,1391768567001,TXOPITUNA ECUADOR CIA. LTDA.,A0311.03,A0311.03,Armadores / pesca marítima,MANTA,MANTA,ACTIVA,balances_2011_2.txt,casilleros,78,10982675.93,9979636.59,1003039.34,,17258130.03,17103990.97,154139.06,154139.06,1,-0.0
2011,25440,0990555761001,PESDEL S.A.,A0311.01,A0311.01,Armadores / pesca marítima,JARAMIJÓ,JARAMIJÓ,ACTIVA,balances_2011_4.txt,NIIF_jerarquico,118,30004547.35,15906779.28,14097768.07,2942261.53,2942261.53,2799460.5300000003,142801.0,52549.51,1,0.0
2011,34175,1390141692001,EMPACADORA BILBO S.A. BILBOSA,C1020.01,C1020.01,Industria: elaboración y conservación de pescado,MANTA,MANTA,ACTIVA,balances_2011_2.txt,casilleros,117,8915906.91,6330952.93,2584953.98,,23904939.26,23033069.28,871869.98,564941.95,1,0.0
2011,34292,1390144039001,PESCADO FRESCO DE EXPORTACION PEFREXPORT S.A.,C1020.04,C1020.04,Industria: elaboración y conservación de pescado,MANTA,MANTA,ACTIVA,balances_2011_2.txt,casilleros,42,2984269.3,392654.8,2591614.5,,32513.01,32474.62,38.39,-374.02,1,0.0
2011,34328,1390145493001,FISHCORP S.A.,A0311.01,A0311.01,Armadores / pesca marítima,JARAMIJÓ,JARAMIJÓ,ACTIVA,balances_2011_2.txt,casilleros,77,2313043.94,1978561.25,334482.69,,1347374.08,1323309.52,24064.56,7363.42,1,-0.0
2011,34346,1390145957001,PESQUERA PERALTA SOCIEDAD ANONIMA PESPERALTA,A0311.01,A0311.01,Armadores / pesca marítima,MANTA,MANTA,ACTIVA,balances_2011_2.txt,casilleros,15,32804.0,4.0,32800.0,,0.0,0.0,0.0,0.0,1,0.0
2011,34388,1390147186001,MARBELIZE S.A.,C1020.04,C1020.04,Industria: elaboración y conservación de pescado,JARAMIJÓ,JARAMIJÓ,ACTIVA,balances_2011_3.txt,NIIF_jerarquico,154,42716553.79,28764323.62,13952230.17,81480756.61,81480756.61,79386232.6,2094524.01,1283759.24,1,-0.0
2011,34420,1390148212001,MANABITA DE COMERCIO S.A. MANCORSACOM,C1020.04,C1020.04,Industria: elaboración y conservación de pescado,JARAMIJÓ,JARAMIJÓ,ACTIVA,balances_2011_2.txt,casilleros,95,3022570.48,849518.61,2173051.87,,5870902.22,4259656.91,1611245.31,1046752.94,1,0.0
2011,34442,1390149154001,SHELLFISH S.A.,A0311.01,A0311.01,Armadores / pesca marítima,MANTA,MANTA,ACTIVA,balances_2011_2.txt,casilleros,62,1583662.65,560260.89,1023401.76,,3241347.75,2651318.58,590029.17,377352.69,1,-0.0
2011,34449,1390149219001,EUROFISH S.A.,C1020.04,C1020.04,Industria: elaboración y conservación de pescado,MONTECRISTI,MONTECRISTI,ACTIVA,balances_2011_3.txt,NIIF_jerarquico,144,52672786.2,32425491.44,20247294.76,113240820.95,113752717.95,104564430.67,9188287.28,6257428.62,1,0.0
2011,34453,1390149316001,MADEPACIF S.A.,C1020.02,C1020.02,Industria: elaboración y conservación de pescado,MANTA,MANTA,DISOLUCIÓN Y LIQUIDACIÓN OFICIO INSCRITA EN RM,balances_2011_2.txt,casilleros,69,303988.66,335852.35,-31863.69,,1747464.36,1721938.53,25525.83,11788.31,1,-0.0
2011,34521,1391700776001,TECNICA Y COMERCIO DE LA PESCA C.A. TECOPESCA,A0311.01,A0311.01,Armadores / pesca marítima,JARAMIJÓ,JARAMIJÓ,ACTIVA,balances_2011_3.txt,NIIF_jerarquico,163,83432119.72,55207437.54,28224682.18,132326163.29,132923244.28,124227856.50999999,8695387.77,5604197.23,1,0.0
2011,34525,1391700830001,"MANACRIPEX CIA. LTDA. MANABITA DE CRIA , PESCA Y EXPORTACION",A0311.03,A0311.03,Armadores / pesca marítima,JARAMIJÓ,JARAMIJÓ,ACTIVA,balances_2011_2.txt,casilleros,85,5098223.68,3800629.71,1297593.97,,4330119.04,4094022.15,236096.89,155152.51,1,-0.0
2011,34611,1391709765001,PESQUERA UGAVI S.A.,A0311.03,A0311.03,Armadores / pesca marítima,MANTA,MANTA,ACTIVA,balances_2011_3.txt,NIIF_jerarquico,85,16594142.02,2405241.81,14188900.21,7464900.5,7464900.5,6768939.75,695960.75,212079.26,1,-0.0
2011,34614,1391701926001,INDUSTRIA ATUNERA S.A. INDUATUN,A0311.01,A0311.01,Armadores / pesca marítima,MANTA,MANTA,ACTIVA,balances_2011_3.txt,NIIF_jerarquico,85,11011122.97,3911205.18,7099917.79,5742233.88,5742233.88,5448445.87,293788.01,249719.81,1,0.0
2011,34630,1391702094001,DIAZ VASQUEZ DIVA S.A.,A0311.01,A0311.01,Armadores / pesca marítima,MANTA,MANTA,ACTIVA,balances_2011_2.txt,casilleros,12,1074950.0,1074150.0,800.0,,0.0,0.0,0.0,0.0,1,0.0
2011,34725,1391726740001,INMOTUNA S.A.,A0311.01,A0311.01,Armadores / pesca marítima,MANTA,MANTA,ACTIVA,balances_2011_2.txt,casilleros,39,492966.83,204239.68,288727.15,,2755.74,12005.6,-9249.86,-9249.86,1,0.0
2011,34727,1391716702001,MEGAOCEAN S.A,A0311.01,A0311.01,Armadores / pesca marítima,MANTA,MANTA,ACTIVA,balances_2011_2.txt,casilleros,63,1284063.28,1147077.14,136986.14,,1287439.73,1436994.14,-149554.41,-149554.41,1,0.0
2011,34759,1391717474001,PROVIPACIF S.A,A0311.01,A0311.01,Armadores / pesca marítima,MANTA,MANTA,ACTIVA,balances_2011_2.txt,casilleros,74,3717328.88,2411767.3,1305561.58,,2499319.13,2404646.5,94672.63,53230.38,1,0.0
2011,34863,1391722486001,UNIOCEAN S.A.,A0311.03,A0311.03,Armadores / pesca marítima,MANTA,MANTA,ACTIVA,balances_2011_3.txt,NIIF_jerarquico,85,17862557.03,7139976.57,10722580.46,8664259.54,8664259.54,8144063.619999999,520195.92,136553.76,1,0.0
2011,34903,1391723318001,OCEANFISH S.A.,A0311.01,A0311.01,Armadores / pesca marítima,MANTA,MANTA,ACTIVA,balances_2011_3.txt,NIIF_jerarquico,143,15381516.9,11910837.09,3470679.81,33470773.25,33485493.25,33192263.9,293229.35,142133.44,1,0.0
2011,34919,1391724500001,PESCIMERA S.A,A0311.01,A0311.01,Armadores / pesca marítima,MANTA,MANTA,ACTIVA,balances_2011_2.txt,casilleros,75,3727044.9,2610591.29,1116453.61,,7079479.46,6659350.99,420128.47,420128.47,1,-0.0
2011,34948,1391724837001,PRODUCTOS PESQUEROS S.A. PRODUPES,C1020.06,C1020.06,Industria: elaboración y conservación de pescado,MONTECRISTI,MONTECRISTI,ACTIVA,balances_2011_2.txt,casilleros,77,2332416.47,1966318.94,366097.53,,7444080.46,7204043.3,240037.16,100964.77,1,0.0
2011,34958,1391725426001,CARIBBEAN ATLANTIC CARTLANT S.A.,A0311.01,A0311.01,Armadores / pesca marítima,MANTA,MANTA,ACTIVA,balances_2011_2.txt,casilleros,13,1262.42,90.0,1172.42,,0.0,0.0,0.0,0.0,1,0.0
2011,35171,1390140319001,"FRIGORIFICO Y LABORATORIO SAN MATEO, FRIGOLAB SAN MATEO CIA. LTDA.",A0311.01,A0311.01,Armadores / pesca marítima,JARAMIJÓ,JARAMIJÓ,ACTIVA,balances_2011_3.txt,NIIF_jerarquico,140,11851588.58,8015205.28,3836383.3,16757529.69,16860780.71,16619703.96,241076.75,204178.25,1,0.0
2011,35254,1390143024001,PES NUNEZ SANTANA PESNUSAN CIA. LTDA.,C1020.02,C1020.02,Industria: elaboración y conservación de pescado,MONTECRISTI,MONTECRISTI,ACTIVA,balances_2011_2.txt,casilleros,75,419531.45,385083.35,34448.1,,3615087.79,3672315.68,-57227.89,-57227.89,1,0.0
2011,35294,1390144861001,MAREROCE EXPORT IMPORT CIA. LTDA.,C1020.01,C1020.01,Industria: elaboración y conservación de pescado,JARAMIJÓ,JARAMIJÓ,ACTIVA,balances_2011_2.txt,casilleros,6,40000.0,0.0,40000.0,,0.0,0.0,0.0,0.0,1,0.0
2011,35359,1390148034001,PESQUERA CHOPITEA CIA. LTDA.,A0311.01,A0311.01,Armadores / pesca marítima,MANTA,MANTA,ACTIVA,balances_2011_2.txt,casilleros,24,437657.61,391765.02,45892.59,,28922.96,17960.32,10962.64,7402.2,1,-0.0
2011,35364,1390148433001,ALIMENTOS INTEGRADOS ALINTEGRA CIA. LTDA.,C1020.05,C1020.05,Industria: elaboración y conservación de pescado,MANTA,MANTA,ACTIVA,balances_2011_2.txt,casilleros,13,2842.76,2442.76,400.0,,0.0,0.0,0.0,0.0,1,0.0
2011,35404,1390150020001,HARINA DE PESCADO DE EXPORTACION HARDEPEX CIA. LTDA.,C1020.05,C1020.05,Industria: elaboración y conservación de pescado,JARAMIJÓ,JARAMIJÓ,DISOLUCIÓN Y LIQUIDACIÓ DE PLENO DERECHO NO INS RM,balances_2011_2.txt,casilleros,73,1368265.29,877763.26,490502.03,,2929277.73,2718499.58,210778.15,115209.88,1,0.0
2011,35420,1391700938001,MANATUN CIA. LTDA.,A0311.01,A0311.01,Armadores / pesca marítima,MANTA,MANTA,DISOLUCIÓN Y LIQUIDACIÓN OFICIO INSCRITA EN RM,balances_2011_2.txt,casilleros,61,247914.49,104365.84,143548.65,,1593592.42,1562058.9,31533.52,19352.12,1,0.0
2011,35524,1391715986001,JJ ECOMAR EXPORT IMPORT CIA.LTDA,C1020.02,C1020.02,Industria: elaboración y conservación de pescado,MANTA,MANTA,DISOLUCIÓN Y LIQUIDACIÓN DE PLENO DERECHO INSC. RM,balances_2011_2.txt,casilleros,6,400.0,0.0,400.0,,0.0,0.0,0.0,0.0,1,0.0
2011,35688,1391729391001,PESQUERA BETH EEL S.A.,A0311.01,A0311.01,Armadores / pesca marítima,MONTECRISTI,MONTECRISTI,ACTIVA,balances_2011_2.txt,casilleros,25,99010.0,3386.05,95623.95,,1113024.87,1113305.63,-280.76,0.0,1,0.0
2011,35759,1391731388001,ARMAPAC S.A.,C1020.02,C1020.02,Industria: elaboración y conservación de pescado,MANTA,MANTA,DISOLUCIÓN Y LIQUIDACIÓN OFICIO INSCRITA EN RM,balances_2011_2.txt,casilleros,6,800.0,0.0,800.0,,0.0,0.0,0.0,0.0,1,0.0
2011,35766,1391732872001,FRIGORIFICO Y CONSERVERA DE LA PESCA FRICOPES S.A.,A0311.01,A0311.01,Armadores / pesca marítima,MANTA,MANTA,ACTIVA,balances_2011_2.txt,casilleros,68,1063565.28,222106.77,841458.51,,2976906.53,2661529.2,315377.33,183146.95,1,0.0
2011,35826,1391732813001,FISHMAR S.A.,A0311.01,A0311.01,Armadores / pesca marítima,MANTA,MANTA,ACTIVA,balances_2011_2.txt,casilleros,64,3670902.31,2915638.14,755264.17,,1458661.42,1014821.7,443839.72,286212.08,1,-0.0
2011,35888,1391734271001,USAFISH S.A.,C1020.02,C1020.02,Industria: elaboración y conservación de pescado,MANTA,MANTA,ACTIVA,balances_2011_2.txt,casilleros,65,609101.44,535471.43,73630.01,,5915456.76,5867891.41,47565.35,9625.17,1,-0.0
2011,35973,1391736452001,B&B TUNE_SUPPLIERS S.A.,A0311.01,A0311.01,Armadores / pesca marítima,MANTA,MANTA,ACTIVA,balances_2011_2.txt,casilleros,75,1931367.41,1636749.83,294617.58,,2727322.26,2385426.18,341896.08,244250.35,1,-0.0
2011,369,1790034305001,SEAFMAN SOCIEDAD ECUATORIANA DE ALIMENTOS Y FRIGORIFICOS MANTA C.A.,C1020.02,C1020.02,Industria: elaboración y conservación de pescado,MANTA,MANTA,ACTIVA,balances_2011_3.txt,NIIF_jerarquico,155,47802766.63,26313694.25,21489072.38,114785094.47,115290625.91,108721042.18,6569583.73,4243951.09,1,0.0
2011,39949,1391773439001,PESCAEXITO CIA. LTDA.,A0311.01,A0311.01,Armadores / pesca marítima,MANTA,MANTA,ACTIVA,balances_2011_2.txt,casilleros,40,86072.66,68044.56,18028.1,,415864.4,398236.3,17628.1,17628.1,1,0.0
2011,61599,1391776101001,COINFORMANT S.A.,A0311.01,A0311.01,Armadores / pesca marítima,MANTA,MANTA,DISOLUCIÓN Y LIQUIDACIÓN DE PLENO DERECHO INSC. RM,balances_2011_2.txt,casilleros,31,49682.62,116.15,49566.47,,4568.17,5001.7,-433.53,-433.53,1,0.0
2011,61759,1391775903001,CONSULTORES INDUSTRIALES Y PRODUCTOS DEL MAR S.A. CIPROMAR,A0311.01,A0311.01,Armadores / pesca marítima,MANTA,MANTA,ACTIVA,balances_2011_2.txt,casilleros,37,16348.61,5291.1,11057.51,,279164.53,263595.63,15568.9,10057.51,1,0.0
2011,62123,1391776497001,FIOMAR&SHARK OCEAN S.A.,A0311.01,A0311.01,Armadores / pesca marítima,MONTECRISTI,MONTECRISTI,DISOLUCIÓN Y LIQUIDACIÓN OFICIO NO INSCRITA EN RM,balances_2011_2.txt,casilleros,28,81410.0,0.0,81410.0,,197450.0,220600.09,-23150.09,-23150.09,1,0.0
2011,62647,1391776683001,FRANCHI FISH S.A.,A0311.01,A0311.01,Armadores / pesca marítima,MANTA,MANTA,ACTIVA,balances_2011_2.txt,casilleros,53,173511.71,164386.85,9124.86,,3523081.87,3512568.89,10512.98,1367.32,1,-0.0
2011,63129,1391777434001,MUNDOTRADE S.A.,A0311.01,A0311.01,Armadores / pesca marítima,MANTA,MANTA,DISOLUCIÓN Y LIQUIDACIÓN OFICIO INSCRITA EN RM,balances_2011_2.txt,casilleros,34,7810.05,13940.7,-6130.65,,129299.2,135954.85,-6655.65,-6655.65,1,-0.0
2011,636,1390005713001,INDUSTRIA ECUATORIANA PRODUCTORA DE ALIMENTOS CA INEPACA,C1020.02,C1020.02,Industria: elaboración y conservación de pescado,MANTA,MANTA,ACTIVA,balances_2011_3.txt,NIIF_jerarquico,131,55931032.63,14042674.93,41888357.7,64388362.77,64504216.34,56225965.74,8278250.6,5380241.57,1,0.0
2011,63945,1391778732001,INTERNACIONAL SEAFOOD FOODINTER S.A.,C1020.03,C1020.03,Industria: elaboración y conservación de pescado,MANTA,MANTA,DISOLUCIÓN Y LIQUIDACIÓN OFICIO NO INSCRITA EN RM,balances_2011_2.txt,casilleros,15,48196.88,35696.88,12500.0,,0.0,0.0,0.0,0.0,1,0.0
2011,64976,1391779801001,EMPACADORA ALKRISTO DEL MAR S.A. EMPALMAR,A0311.01,A0311.01,Armadores / pesca marítima,MANTA,MANTA,ACTIVA,balances_2011_2.txt,casilleros,71,470146.82,422441.22,47705.6,,2524074.82,2477369.22,46705.6,46705.6,1,0.0
2011,70242,0991285571001,OLIMAR S.A.,C1020.01,C1020.01,Industria: elaboración y conservación de pescado,MANTA,MANTA,DISOLUCIÓN Y LIQUIDACIÓN OFICIO INSCRITA EN RM,balances_2011_3.txt,NIIF_jerarquico,100,3324989.36,2104301.19,1220688.17,5608550.54,5608550.54,5594991.83,13558.71,1289.88,1,0.0
2011,7027,1390050352001,CONSERVAS ISABEL ECUATORIANA S.A.,C1020.02,C1020.02,Industria: elaboración y conservación de pescado,MANTA,MANTA,ACTIVA,balances_2011_3.txt,NIIF_jerarquico,139,77599144.03,45269349.01,32329795.02,120082206.1,120367950.32,116332166.64,4035783.68,2512964.52,1,0.0
2011,72073,0991313788001,ASISERVY S.A.,C1020.02,C1020.02,Industria: elaboración y conservación de pescado,JARAMIJÓ,JARAMIJÓ,ACTIVA,balances_2011_3.txt,NIIF_jerarquico,127,35162146.74,18176308.03,16985838.71,46364628.83,46364628.83,46074393.370000005,290235.46,246700.14,1,0.0
2011,72096,0991316531001,AGROL S.A.,A0311.01,A0311.01,Armadores / pesca marítima,MANTA,MANTA,ACTIVA,balances_2011_2.txt,casilleros,59,4809944.83,4184909.48,625035.35,,6311179.66,6060094.31,251085.35,251085.35,1,0.0
2011,79132,0991417117001,MARMONTESAN S.A.,A0311.01,A0311.01,Armadores / pesca marítima,MONTECRISTI,MONTECRISTI,ACTIVA,balances_2011_2.txt,casilleros,51,368775.77,269953.19,98822.58,,1289279.33,1266270.61,23008.72,14863.63,1,0.0
2011,83238,0991469095001,TADEL S.A.,C1020.05,C1020.05,Industria: elaboración y conservación de pescado,JARAMIJÓ,JARAMIJÓ,ACTIVA,balances_2011_3.txt,NIIF_jerarquico,117,11340009.41,3814849.14,7525160.27,21844392.5,21874276.45,18615074.43,3259202.02,2462827.02,1,0.0
2011,95584,1391738803001,EYCO S.A.,A0311.01,A0311.01,Armadores / pesca marítima,MANTA,MANTA,ACTIVA,balances_2011_2.txt,casilleros,55,98909.43,79609.44,19299.99,,337229.08,311960.28,25268.8,11588.3,1,-0.0
2011,95604,1391739524001,PROHAPEZ MANTA S.A.,A0311.01,A0311.01,Armadores / pesca marítima,MONTECRISTI,MONTECRISTI,ACTIVA,balances_2011_2.txt,casilleros,10,2100.0,0.0,2100.0,,0.0,0.0,0.0,0.0,1,0.0
2011,95611,0992471557001,EMPROPESCA S.A.,A0311.01,A0311.01,Armadores / pesca marítima,MANTA,MANTA,ACTIVA,balances_2011_2.txt,casilleros,18,941223.46,940423.46,800.0,,0.0,0.0,0.0,0.0,1,0.0
2011,95657,1391740433001,COMERCIALIZADORA DE PRODUCTOS DEL MAR SINAI S. A.,A0311.01,A0311.01,Armadores / pesca marítima,MONTECRISTI,MONTECRISTI,ACTIVA,balances_2011_2.txt,casilleros,6,400.0,0.0,400.0,,0.0,0.0,0.0,0.0,1,0.0
2011,95697,1391742150001,ACQUITERMI S.A.,A0311.01,A0311.01,Armadores / pesca marítima,MONTECRISTI,MONTECRISTI,DISOLUCIÓN Y LIQUIDACIÓN OFICIO INSCRITA EN RM,balances_2011_2.txt,casilleros,76,911137.49,609783.51,301353.98,,3749513.69,3637210.69,112303.0,70827.93,1,0.0
2011,95714,1391742053001,DISTRIBUIDORA FLIPPER S.A.,A0311.01,A0311.01,Armadores / pesca marítima,MANTA,MANTA,DISOLUCIÓN Y LIQUIDACIÓN OFICIO INSCRITA EN RM,balances_2011_2.txt,casilleros,81,877029.55,845855.37,31174.18,,2622226.11,2559902.95,62323.16,19562.03,1,0.0
2011,95725,1391742320001,TUNIDOS DEL PACIFICO S.A.,C1020.02,C1020.02,Industria: elaboración y conservación de pescado,MANTA,MANTA,DISOLUCIÓN Y LIQUIDACIÓN OFICIO INSCRITA EN RM,balances_2011_2.txt,casilleros,41,348574.61,131039.95,217534.66,,438872.47,418904.25,19968.22,19968.22,1,-0.0
2011,95806,1391744064001,PESPESCA S.A.,C1020.07,C1020.07,Industria: elaboración y conservación de pescado,MONTECRISTI,MONTECRISTI,ACTIVA,balances_2011_3.txt,NIIF_jerarquico,116,32700888.2,26367528.81,6333359.39,14481143.75,14943789.63,14812759.48,131030.15,69864.5,1,0.0
2011,95871,1391744943001,AMATXU MARIA LUISA CIA. LTDA.,A0311.01,A0311.01,Armadores / pesca marítima,MANTA,MANTA,ACTIVA,balances_2011_2.txt,casilleros,6,400.0,0.0,400.0,,0.0,0.0,0.0,0.0,1,0.0
2011,95900,1391745656001,OCEAN FARM S.A.,A0311.01,A0311.01,Armadores / pesca marítima,MANTA,MANTA,ACTIVA,balances_2011_2.txt,casilleros,70,1246117.04,1114129.23,131987.81,,311168.54,308784.45,2384.09,1355.86,1,0.0
2011,95926,1391746830001,FRESH FISH DEL ECUADOR CIA. LTDA.,A0311.01,A0311.01,Armadores / pesca marítima,MANTA,MANTA,ACTIVA,balances_2011_2.txt,casilleros,99,3745950.84,2203069.97,1542880.87,,7832886.1,6460292.82,1372593.28,878954.49,1,-0.0
2011,95993,1391747314001,INDUSTRIAS DE PRODUCTOS DEL MAR S.A. IDELMAR,A0311.01,A0311.01,Armadores / pesca marítima,MANTA,MANTA,ACTIVA,balances_2011_2.txt,casilleros,53,2929324.07,2141723.94,787600.13,,2079079.7,1916377.24,162702.46,76211.8,1,-0.0
2011,96020,1391748027001,DELIPESCA S.A.,A0311.01,A0311.01,Armadores / pesca marítima,MANTA,MANTA,ACTIVA,balances_2011_2.txt,casilleros,71,14868932.88,8682732.28,6186200.6,,17194227.45,15640378.7,1553848.75,1276541.08,1,0.0
2011,96128,1391750811001,ISIMARE S.A.,A0311.01,A0311.01,Armadores / pesca marítima,JARAMIJÓ,JARAMIJÓ,ACTIVA,balances_2011_2.txt,casilleros,66,892429.45,831213.01,61216.44,,232528.67,226755.48,5773.19,4907.21,1,-0.0
2011,96213,1391753071001,EUROTUNA S.A.,A0311.01,A0311.01,Armadores / pesca marítima,MANTA,MANTA,ACTIVA,balances_2011_2.txt,casilleros,11,1211.68,411.68,800.0,,0.0,0.0,0.0,0.0,1,0.0
2011,96216,1391752377001,MARINE PROTEIN MARPROT S.A.,A0311.01,A0311.01,Armadores / pesca marítima,MONTECRISTI,MONTECRISTI,ACTIVA,balances_2011_2.txt,casilleros,104,2736192.49,2829684.79,-93492.3,,1252104.04,1466279.9,-214175.86,-229840.64,1,0.0
2011,96218,1391752822001,MARCARIBE S.A.,A0311.01,A0311.01,Armadores / pesca marítima,MANTA,MANTA,ACTIVA,balances_2011_2.txt,casilleros,11,1214.48,414.48,800.0,,0.0,0.0,0.0,0.0,1,0.0
2011,96265,1391753233001,TECNIMAR CIA. LTDA.,A0311.01,A0311.01,Armadores / pesca marítima,MANTA,MANTA,ACTIVA,balances_2011_2.txt,casilleros,7,1021.0,0.0,1021.0,,0.0,0.0,0.0,0.0,1,0.0
2011,99022,0991520767001,GALDECUN S.A.,C1020.06,C1020.06,Industria: elaboración y conservación de pescado,JARAMIJÓ,JARAMIJÓ,ACTIVA,balances_2011_2.txt,casilleros,87,4026487.43,3317863.74,708623.69,,2106222.58,1956175.44,150047.14,102729.55,1,0.0
2012,100223,1391782926001,ALIMENTOS DEL MAR MARFOODSA S.A.,A0311.01,A0311.01,Armadores / pesca marítima,JARAMIJÓ,JARAMIJÓ,ACTIVA,balances_2012_1.txt,NIIF_jerarquico,59,116979.91,100918.82,16061.09,338172.46,338172.46,326879.39,11293.07,3247.39,1,-0.0
2012,10060,1390021646001,PESPACA PESQUERA DEL PACIFICO CA,C1020.02,C1020.02,Industria: elaboración y conservación de pescado,MANTA,MANTA,ACTIVA,balances_2012_1.txt,NIIF_jerarquico,68,4480834.38,2325525.51,2155308.87,1149984.83,1149984.83,1073452.55,76532.28,76532.28,1,0.0
2012,109262,0992262427001,GEOPAXI S.A.,A0311.01,A0311.01,Armadores / pesca marítima,MANTA,MANTA,DISOLUCIÓN Y LIQUIDACIÓN OFICIO INSCRITA EN RM,balances_2012_1.txt,NIIF_jerarquico,103,24440592.65,5647621.95,18792970.7,21595088.83,21726349.319999997,15816335.31,5910014.01,3949769.53,1,0.0
2012,111848,0992299231001,ELVAYKA KYOEI S.A.,A0311.01,A0311.01,Armadores / pesca marítima,MANTA,MANTA,ACTIVA,balances_2012_1.txt,NIIF_jerarquico,95,29219446.32,20494347.67,8725098.65,9961049.41,9961049.41,8934992.040000001,1026057.37,742130.74,1,-0.0
2012,114130,0992331283001,XUK S.A.,A0311.01,A0311.01,Armadores / pesca marítima,JARAMIJÓ,JARAMIJÓ,ACTIVA,balances_2012_1.txt,NIIF_jerarquico,91,3734898.73,2680656.72,1054242.01,4955400.63,4955400.63,4375649.85,579750.78,374975.39,1,-0.0
2012,115653,0992354186001,TUNAEXPORT S.A.S.,A0311.01,A0311.01,Armadores / pesca marítima,MANTA,MANTA,ACTIVA,balances_2012_1.txt,NIIF_jerarquico,69,7997807.06,7907906.81,89900.25,2880923.95,2880923.95,2997304.02,-116380.07,-116380.07,1,0.0
2012,11733,1390013643001,INDUSTRIA DE ENLATADOS ALIMENTICIOS CIA LTDA IDEAL,C1020.02,C1020.02,Industria: elaboración y conservación de pescado,MONTECRISTI,MONTECRISTI,DISOLUCIÓN Y LIQUIDACIÓN OFICIO INSCRITA EN RM,balances_2012_1.txt,NIIF_jerarquico,142,26097276.31,14160189.13,11937087.18,21088005.33,21238995.029999997,18345692.46,2893302.57,1890212.67,1,-0.0
2012,124823,0992481978001,ACTORCORP S.A.,A0311.01,A0311.01,Armadores / pesca marítima,MANTA,MANTA,DISOLUCIÓN Y LIQUIDACIÓN OFICIO NO INSCRITA EN RM,balances_2012_1.txt,NIIF_jerarquico,13,41033.74,0.0,41033.74,0.0,0.0,0.0,0.0,0.0,1,0.0
2012,12582,1390034063001,EMPRESA DEL MAR CIA LTDA,A0311.01,A0311.01,Armadores / pesca marítima,MANTA,MANTA,ACTIVA,balances_2012_1.txt,NIIF_jerarquico,78,125026.94,69408.15,55618.79,917329.6,917329.6,915783.2200000001,1546.38,1546.38,1,0.0
2012,126601,0992505621001,SUNSTAR S.A.,A0311.01,A0311.01,Armadores / pesca marítima,MANTA,MANTA,ACTIVA,balances_2012_1.txt,NIIF_jerarquico,63,432390.43,431553.78,836.65,179405.66,179405.66,178696.93,708.73,-2898.22,1,-0.0
2012,128384,0992530332001,ASTILLERO ESPERANZA DEL MAR C.A. ASTIESMAR,A0311.01,A0311.01,Armadores / pesca marítima,JARAMIJÓ,JARAMIJÓ,ACTIVA,balances_2012_1.txt,NIIF_jerarquico,122,9234246.63,4452264.6,4781982.03,1920215.23,1923712.4,1816888.6800000002,106823.72,74462.8,1,0.0
2012,134444,0992623284001,POKINCI S.A.,C1020.02,C1020.02,Industria: elaboración y conservación de pescado,JARAMIJÓ,JARAMIJÓ,ACTIVA,balances_2012_1.txt,NIIF_jerarquico,6,800.0,0.0,800.0,0.0,0.0,0.0,0.0,0.0,1,0.0
2012,137966,1391785003001,COMERCIALIZADORA TONINO SEA FOOD S.A. COMTOSEAFOOD,A0311.01,A0311.01,Armadores / pesca marítima,MANTA,MANTA,ACTIVA,balances_2012_1.txt,NIIF_jerarquico,58,71796.79,41888.13,29908.66,304072.83,304072.83,300978.44,3094.39,1933.85,1,-0.0
2012,139001,1391785402001,PESQUERA MONTECRISTI S.A. PESQUEMONSA,A0311.01,A0311.01,Armadores / pesca marítima,MANTA,MANTA,ACTIVA,balances_2012_1.txt,NIIF_jerarquico,59,269918.98,269594.53,324.45,193840.25,193882.49,194615.23,-732.74,-732.74,1,-0.0
2012,139004,1391799101001,PUERTOMAR S.A.,A0311.03,A0311.03,Armadores / pesca marítima,JARAMIJÓ,JARAMIJÓ,ACTIVA,balances_2012_1.txt,NIIF_jerarquico,6,800.0,0.0,800.0,0.0,0.0,0.0,0.0,0.0,1,0.0
2012,141044,1391790619001,FULL MOON ECUADOR FULMEC S.A.,A0311.01,A0311.01,Armadores / pesca marítima,MANTA,MANTA,ACTIVA,balances_2012_1.txt,NIIF_jerarquico,6,1000.0,0.0,1000.0,0.0,0.0,0.0,0.0,0.0,1,0.0
2012,141596,1391788185001,COVEROSA S.A.,A0311.01,A0311.01,Armadores / pesca marítima,MANTA,MANTA,ACTIVA,balances_2012_1.txt,NIIF_jerarquico,59,87828.27,166821.26,-78992.99,2276752.6,2276752.6,2351405.28,-74652.68,-74652.68,1,0.0
2012,143146,1391789629001,ACUIRÍA S.A.,C1020.01,C1020.01,Industria: elaboración y conservación de pescado,MANTA,MANTA,DISOLUCIÓN Y LIQUIDACIÓN OFICIO INSCRITA EN RM,balances_2012_1.txt,NIIF_jerarquico,63,121026.89,115723.22,5303.67,107355.57,107355.57,100906.04999999999,6449.52,4051.99,1,-0.0
2012,143165,1391790589001,ACUICOLA Y PISCICOLA LA ISLA S.A. ACUISLA,A0311.01,A0311.01,Armadores / pesca marítima,MANTA,MANTA,ACTIVA,balances_2012_1.txt,NIIF_jerarquico,74,375249.37,372122.72,3126.65,186014.47,186014.47,183887.82,2126.65,2126.65,1,0.0
2012,143486,1391790104001,ATUN ESTRIBELA S.A.,A0311.03,A0311.03,Armadores / pesca marítima,MANTA,MANTA,DISOLUCIÓN Y LIQUIDACIÓN OFICIO NO INSCRITA EN RM,balances_2012_1.txt,NIIF_jerarquico,89,10018885.24,2102010.06,7916875.18,3522726.22,3522726.22,3090873.6599999997,431852.56,274616.18,1,0.0
2012,143580,1391790260001,OSAKAFISH S.A.,A0311.01,A0311.01,Armadores / pesca marítima,MANTA,MANTA,DISOLUCIÓN Y LIQUIDACIÓN OFICIO INSCRITA EN RM,balances_2012_1.txt,NIIF_jerarquico,6,1000.0,0.0,1000.0,0.0,0.0,0.0,0.0,0.0,1,0.0
2012,143702,1391790279001,AGRICOLA Y PISCICOLA SUSSMANN DELGADO AGROSUSSDEL S.A.,A0311.01,A0311.01,Armadores / pesca marítima,MANTA,MANTA,ACTIVA,balances_2012_1.txt,NIIF_jerarquico,34,11567.24,2526.35,9040.89,150863.2,150863.2,140495.96,10367.24,7840.89,1,0.0
2012,143706,1391790287001,PESQUERA ATUNES DEL PACIFICO S.A. ''ATUNPACIFICOSA'',A0311.03,A0311.03,Armadores / pesca marítima,MANTA,MANTA,ACTIVA,balances_2012_1.txt,NIIF_jerarquico,86,34455083.08,4059591.06,30395492.02,21427552.41,21427552.41,15468228.47,5959323.94,3892242.02,1,0.0
2012,144167,1391791488001,GRUPO DEGFER CIA. LTDA.,A0311.01,A0311.01,Armadores / pesca marítima,JARAMIJÓ,JARAMIJÓ,ACTIVA,balances_2012_1.txt,NIIF_jerarquico,15,20133.6,133.6,20000.0,0.0,0.0,0.0,0.0,0.0,1,0.0
2012,144336,1391791097001,PESCADOS Y MARISCOS DEL PACIFICO S.A. PESMARPAC,A0311.01,A0311.01,Armadores / pesca marítima,JARAMIJÓ,JARAMIJÓ,ACTIVA,balances_2012_1.txt,NIIF_jerarquico,54,56898.62,257909.65,-201011.03,0.0,1.0,201812.03,-201811.03,-201811.03,1,0.0
2012,144480,1391791178001,ALETAMARILLA S.A.,A0311.01,A0311.01,Armadores / pesca marítima,MANTA,MANTA,ACTIVA,balances_2012_1.txt,NIIF_jerarquico,74,4891158.66,1692609.22,3198549.44,1619636.45,1619756.57,1657007.13,-37250.56,-37250.56,1,0.0
2012,144740,1391799624001,LOGISTICA INTERNACIONAL LOGISINSA S.A.,A0311.01,A0311.01,Armadores / pesca marítima,MANTA,MANTA,ACTIVA,balances_2012_1.txt,NIIF_jerarquico,6,800.0,0.0,800.0,0.0,0.0,0.0,0.0,0.0,1,0.0
2012,145016,1391791895001,INDUSTRIAL PESQUERA DEL PACIFICO S.A. INPESPA,A0311.01,A0311.01,Armadores / pesca marítima,MANTA,MANTA,ACTIVA,balances_2012_1.txt,NIIF_jerarquico,54,13181.34,5317.74,7863.6,314866.7,314866.7,306556.57999999996,8310.12,7063.6,1,0.0
2012,145888,1391793308001,PESFRESCO S.A.,A0311.01,A0311.01,Armadores / pesca marítima,MANTA,MANTA,ACTIVA,balances_2012_1.txt,NIIF_jerarquico,25,3610.46,0.0,3610.46,65226.45,65226.45,61576.5,3649.95,2529.41,1,0.0
2012,145894,1391793065001,EMPACADORA DE MARISCOS ECUAMARISC CIA. LTDA.,A0311.01,A0311.01,Armadores / pesca marítima,MANTA,MANTA,ACTIVA,balances_2012_1.txt,NIIF_jerarquico,32,1048381.98,1044837.65,3544.33,1435672.69,1435672.69,1430868.51,4804.18,3144.33,1,-0.0
2012,146215,1391792999001,SARDINAS DEL PACIFICO S.A. SARDIPAC,A0311.01,A0311.01,Armadores / pesca marítima,JARAMIJÓ,JARAMIJÓ,ACTIVA,balances_2012_1.txt,NIIF_jerarquico,42,2756559.09,2754931.44,1627.65,1074.87,1074.87,0.0,1074.87,827.65,1,-0.0
2012,146541,1391793405001,ASOCIACION DE PESCA EXPORTABLE ASOPESEX C.A.,A0311.01,A0311.01,Armadores / pesca marítima,MANTA,MANTA,ACTIVA,balances_2012_1.txt,NIIF_jerarquico,47,15948.28,17554.93,-1606.65,39477.99,39477.99,41284.64,-1806.65,-1806.65,1,0.0
2012,146715,1391793731001,VIDA MARINA VIMARINA CIA. LTDA.,C1020.04,C1020.04,Industria: elaboración y conservación de pescado,MANTA,MANTA,ACTIVA,balances_2012_1.txt,NIIF_jerarquico,42,12650.65,24573.04,-11922.39,188373.69,188373.69,200696.08,-12322.39,-12322.39,1,-0.0
2012,146994,1391793960001,PD-PESCA S.A.,A0311.01,A0311.01,Armadores / pesca marítima,JARAMIJÓ,JARAMIJÓ,ACTIVA,balances_2012_1.txt,NIIF_jerarquico,49,49016.77,7817.06,41199.71,169561.45,169561.45,127265.07,42296.38,30329.74,1,0.0
2012,148246,1391798040001,OCEAN AMERICA FOOD S.A. OCEAMERSA,C1020.02,C1020.02,Industria: elaboración y conservación de pescado,MANTA,MANTA,DISOLUCIÓN Y LIQUIDACIÓN DE PLENO DERECHO INSC. RM,balances_2012_1.txt,NIIF_jerarquico,6,800.0,0.0,800.0,0.0,0.0,0.0,0.0,0.0,1,0.0
2012,148632,1391796056001,INTERATLANTIC S.A.,A0311.01,A0311.01,Armadores / pesca marítima,MANTA,MANTA,ACTIVA,balances_2012_1.txt,NIIF_jerarquico,7,3125.0,0.0,3125.0,0.0,0.0,0.0,0.0,0.0,1,0.0
2012,149717,1391797672001,FERPIL'S S.A.,A0311.01,A0311.01,Armadores / pesca marítima,MANTA,MANTA,ACTIVA,balances_2012_1.txt,NIIF_jerarquico,19,5403.69,4403.69,1000.0,0.0,0.0,0.0,0.0,0.0,1,0.0
2012,164355,1391797958001,PRODUMAN ECUADOR CIA. LTDA.,A0311.01,A0311.01,Armadores / pesca marítima,MANTA,MANTA,ACTIVA,balances_2012_1.txt,NIIF_jerarquico,21,200.0,106.4,93.6,0.0,0.0,106.4,-106.4,-106.4,1,0.0
2012,165483,1391798814001,MARPACIFICO CIA. LTDA.,A0311.01,A0311.01,Armadores / pesca marítima,JARAMIJÓ,JARAMIJÓ,DISOLUCIÓN Y LIQUIDACIÓ DE PLENO DERECHO NO INS RM,balances_2012_1.txt,NIIF_jerarquico,45,317717.48,237205.66,80511.82,109632.81,109632.81,15148.31,94484.5,72280.64,1,-0.0
2012,166157,1391800290001,COMERCIALIZADORA DE PRODUCTOS PESQUEROS S.A. COMPROPEZ,A0311.01,A0311.01,Armadores / pesca marítima,JARAMIJÓ,JARAMIJÓ,ACTIVA,balances_2012_1.txt,NIIF_jerarquico,6,800.0,0.0,800.0,0.0,0.0,0.0,0.0,0.0,1,0.0
2012,166188,1391799713001,FRIGORIFICO Y LABORATORIO DE PESCA FRILABPESCA S.A.,A0311.01,A0311.01,Armadores / pesca marítima,MANTA,MANTA,ACTIVA,balances_2012_1.txt,NIIF_jerarquico,8,800.0,0.0,800.0,0.0,0.0,0.0,0.0,0.0,1,0.0
2012,166190,1391799748001,TECNICA DE LA MARICULTURA S.A. TECNIMARSA,A0311.01,A0311.01,Armadores / pesca marítima,MANTA,MANTA,ACTIVA,balances_2012_1.txt,NIIF_jerarquico,6,800.0,0.0,800.0,0.0,0.0,0.0,0.0,0.0,1,0.0
2012,166486,1391800568001,ECUAOCEAN S.A.,A0311.01,A0311.01,Armadores / pesca marítima,MANTA,MANTA,ACTIVA,balances_2012_1.txt,NIIF_jerarquico,6,1000.0,0.0,1000.0,0.0,0.0,0.0,0.0,0.0,1,0.0
2012,17663,1390097677001,MARDEX MARISCOS DE EXPORTACION S.A.,A0311.01,A0311.01,Armadores / pesca marítima,MANTA,MANTA,DISOLUCIÓN Y LIQUIDACIÓN OFICIO INSCRITA EN RM,balances_2012_1.txt,NIIF_jerarquico,141,10609415.83,6254354.94,4355060.89,15702640.28,15702640.28,15780039.86,-77399.58,-77399.58,1,0.0
2012,18528,1790943178001,PRODUCTOS DEL MAR Y SABORES NACIONALES PROMARSAN CIA. LTDA.,C1020.04,C1020.04,Industria: elaboración y conservación de pescado,JARAMIJÓ,JARAMIJÓ,ACTIVA,balances_2012_1.txt,NIIF_jerarquico,98,610764.8,644729.94,-33965.14,1783436.75,1783790.53,1723589.25,60201.28,34873.51,1,0.0
2012,19582,1390073891001,TRANSMARINA CA,A0311.03,A0311.03,Armadores / pesca marítima,MONTECRISTI,MONTECRISTI,ACTIVA,balances_2012_1.txt,NIIF_jerarquico,116,25852668.7,9953817.27,15898851.43,24443859.22,24443859.22,23654836.3,789022.92,367564.83,1,0.0
2012,205129,1391765770001,EMPACADORA MADEZA S.A.,C1020.02,C1020.02,Industria: elaboración y conservación de pescado,MANTA,MANTA,ACTIVA,balances_2012_1.txt,NIIF_jerarquico,82,278461.6,279809.75,-1348.15,961657.13,961665.55,963813.7,-2148.15,-2148.15,1,-0.0
2012,205167,1391766793001,POLARISPESCA S.A.,A0311.01,A0311.01,Armadores / pesca marítima,MANTA,MANTA,ACTIVA,balances_2012_1.txt,NIIF_jerarquico,79,1278936.8,450006.91,828929.89,947166.18,947166.18,905319.04,41847.14,26363.7,1,0.0
2012,205205,1391767943001,ALHO FISH S.A.,A0311.01,A0311.01,Armadores / pesca marítima,MANTA,MANTA,ACTIVA,balances_2012_1.txt,NIIF_jerarquico,6,800.0,0.0,800.0,0.0,0.0,0.0,0.0,0.0,1,0.0
2012,205233,1391768567001,TXOPITUNA ECUADOR CIA. LTDA.,A0311.03,A0311.03,Armadores / pesca marítima,MANTA,MANTA,ACTIVA,balances_2012_1.txt,NIIF_jerarquico,104,10927218.92,8763252.56,2163966.36,13202596.41,13202596.41,12288613.92,913982.49,566143.84,1,-0.0
2012,25440,0990555761001,PESDEL S.A.,A0311.01,A0311.01,Armadores / pesca marítima,JARAMIJÓ,JARAMIJÓ,ACTIVA,balances_2012_1.txt,NIIF_jerarquico,125,29651630.54,14496408.59,15155221.95,8980496.46,8980496.46,7278160.16,1702336.3,1057453.88,1,0.0
2012,34175,1390141692001,EMPACADORA BILBO S.A. BILBOSA,C1020.01,C1020.01,Industria: elaboración y conservación de pescado,MANTA,MANTA,ACTIVA,balances_2012_1.txt,NIIF_jerarquico,136,11858623.0,8148164.0,3710459.0,33395605.64,33475583.6,31423735.59,2051848.01,1339513.0,1,0.0
2012,34292,1390144039001,PESCADO FRESCO DE EXPORTACION PEFREXPORT S.A.,C1020.04,C1020.04,Industria: elaboración y conservación de pescado,MANTA,MANTA,ACTIVA,balances_2012_1.txt,NIIF_jerarquico,57,2927105.46,348966.92,2578138.54,26180.36,148337.94,143373.14,4964.8,-13475.96,1,0.0
2012,34328,1390145493001,FISHCORP S.A.,A0311.01,A0311.01,Armadores / pesca marítima,JARAMIJÓ,JARAMIJÓ,ACTIVA,balances_2012_1.txt,NIIF_jerarquico,93,1914827.13,1533122.65,381704.48,1598926.46,1598926.46,1515526.6,83399.86,54585.21,1,0.0
2012,34346,1390145957001,PESQUERA PERALTA SOCIEDAD ANONIMA PESPERALTA,A0311.01,A0311.01,Armadores / pesca marítima,MANTA,MANTA,ACTIVA,balances_2012_1.txt,NIIF_jerarquico,17,32804.0,4.0,32800.0,0.0,0.0,0.0,0.0,0.0,1,0.0
2012,34388,1390147186001,MARBELIZE S.A.,C1020.04,C1020.04,Industria: elaboración y conservación de pescado,JARAMIJÓ,JARAMIJÓ,ACTIVA,balances_2012_1.txt,NIIF_jerarquico,160,47838715.94,31588227.09,16250488.85,97045949.08,97066206.46,93508956.36,3557250.1,3557250.1,1,-0.0
2012,34420,1390148212001,MANABITA DE COMERCIO S.A. MANCORSACOM,C1020.04,C1020.04,Industria: elaboración y conservación de pescado,JARAMIJÓ,JARAMIJÓ,ACTIVA,balances_2012_1.txt,NIIF_jerarquico,106,5953095.67,1200535.84,4752559.83,7673531.21,7673531.21,5574734.430000001,2098796.78,1373201.23,1,0.0
2012,34442,1390149154001,SHELLFISH S.A.,A0311.01,A0311.01,Armadores / pesca marítima,MANTA,MANTA,ACTIVA,balances_2012_1.txt,NIIF_jerarquico,76,1573976.52,659708.49,914268.03,2412683.61,2412959.94,2104713.36,308246.58,180648.21,1,0.0
2012,34449,1390149219001,EUROFISH S.A.,C1020.04,C1020.04,Industria: elaboración y conservación de pescado,MONTECRISTI,MONTECRISTI,ACTIVA,balances_2012_1.txt,NIIF_jerarquico,133,69551254.93,40341567.36,29209687.57,136405872.41,136405872.41,120186946.13,16218926.28,11171549.12,1,0.0
2012,34453,1390149316001,MADEPACIF S.A.,C1020.02,C1020.02,Industria: elaboración y conservación de pescado,MANTA,MANTA,DISOLUCIÓN Y LIQUIDACIÓN OFICIO INSCRITA EN RM,balances_2012_1.txt,NIIF_jerarquico,69,198527.31,317151.59,-118624.28,1982072.71,1982072.71,2068833.3,-86760.59,-86760.59,1,-0.0
2012,34521,1391700776001,TECNICA Y COMERCIO DE LA PESCA C.A. TECOPESCA,A0311.01,A0311.01,Armadores / pesca marítima,JARAMIJÓ,JARAMIJÓ,ACTIVA,balances_2012_1.txt,NIIF_jerarquico,155,109033806.72,77018592.26,32015214.46,185020835.6,185858525.34,178617363.22000003,7241162.12,4623117.07,1,-0.0
2012,34525,1391700830001,"MANACRIPEX CIA. LTDA. MANABITA DE CRIA , PESCA Y EXPORTACION",A0311.03,A0311.03,Armadores / pesca marítima,JARAMIJÓ,JARAMIJÓ,ACTIVA,balances_2012_1.txt,NIIF_jerarquico,109,6423726.67,3835103.13,2588623.54,5621504.06,5643103.369999999,4264874.89,1378228.48,954855.96,1,0.0
2012,34611,1391709765001,PESQUERA UGAVI S.A.,A0311.03,A0311.03,Armadores / pesca marítima,MANTA,MANTA,ACTIVA,balances_2012_1.txt,NIIF_jerarquico,100,23669290.43,8980774.99,14688515.44,12347475.59,12557464.72,11331438.84,1226025.88,554058.2,1,0.0
2012,34614,1391701926001,INDUSTRIA ATUNERA S.A. INDUATUN,A0311.01,A0311.01,Armadores / pesca marítima,MANTA,MANTA,ACTIVA,balances_2012_1.txt,NIIF_jerarquico,82,12664920.05,4373996.12,8290923.93,7414300.39,7414300.39,5948149.98,1466150.41,1229786.46,1,0.0
2012,34630,1391702094001,DIAZ VASQUEZ DIVA S.A.,A0311.01,A0311.01,Armadores / pesca marítima,MANTA,MANTA,ACTIVA,balances_2012_1.txt,NIIF_jerarquico,30,1074820.52,1075878.76,-1058.24,0.0,0.0,1512.28,-1512.28,-1512.28,1,0.0
2012,34725,1391726740001,INMOTUNA S.A.,A0311.01,A0311.01,Armadores / pesca marítima,MANTA,MANTA,ACTIVA,balances_2012_1.txt,NIIF_jerarquico,54,752117.33,195917.71,556199.62,8100.0,8100.0,7624.76,475.24,365.93,1,0.0
2012,34727,1391716702001,MEGAOCEAN S.A,A0311.01,A0311.01,Armadores / pesca marítima,MANTA,MANTA,ACTIVA,balances_2012_1.txt,NIIF_jerarquico,90,1919918.05,1419341.36,500576.69,1425078.44,1425078.44,1468808.79,-43730.35,-43730.35,1,-0.0
2012,34759,1391717474001,PROVIPACIF S.A,A0311.01,A0311.01,Armadores / pesca marítima,MANTA,MANTA,ACTIVA,balances_2012_1.txt,NIIF_jerarquico,93,7979375.76,1939952.85,6039422.91,1867468.68,1867468.68,2741493.8200000003,-874025.14,-874025.14,1,0.0
2012,34863,1391722486001,UNIOCEAN S.A.,A0311.03,A0311.03,Armadores / pesca marítima,MANTA,MANTA,ACTIVA,balances_2012_1.txt,NIIF_jerarquico,88,17988350.45,7056399.67,10931950.78,9742985.28,9761431.12,9002730.91,758700.21,291154.86,1,0.0
2012,34903,1391723318001,OCEANFISH S.A.,A0311.01,A0311.01,Armadores / pesca marítima,MANTA,MANTA,ACTIVA,balances_2012_1.txt,NIIF_jerarquico,141,17440572.57,10615587.2,6824985.37,40196206.2,40200128.1,39596310.160000004,603817.94,342492.74,1,0.0
2012,34919,1391724500001,PESCIMERA S.A,A0311.01,A0311.01,Armadores / pesca marítima,MANTA,MANTA,ACTIVA,balances_2012_1.txt,NIIF_jerarquico,91,8545415.26,3430450.02,5114965.24,8033921.47,8033921.47,7468437.57,565483.9,354915.55,1,0.0
2012,34948,1391724837001,PRODUCTOS PESQUEROS S.A. PRODUPES,C1020.06,C1020.06,Industria: elaboración y conservación de pescado,MONTECRISTI,MONTECRISTI,ACTIVA,balances_2012_1.txt,NIIF_jerarquico,101,7973410.19,3428076.56,4545333.63,10909074.59,10912996.58,10411745.93,501250.65,273510.49,1,0.0
2012,34958,1391725426001,CARIBBEAN ATLANTIC CARTLANT S.A.,A0311.01,A0311.01,Armadores / pesca marítima,MANTA,MANTA,ACTIVA,balances_2012_1.txt,NIIF_jerarquico,18,1262.42,90.0,1172.42,0.0,0.0,0.0,0.0,0.0,1,0.0
2012,35171,1390140319001,"FRIGORIFICO Y LABORATORIO SAN MATEO, FRIGOLAB SAN MATEO CIA. LTDA.",A0311.01,A0311.01,Armadores / pesca marítima,JARAMIJÓ,JARAMIJÓ,ACTIVA,balances_2012_1.txt,NIIF_jerarquico,135,12380653.28,8626584.81,3754068.47,22825281.64,24893498.19,24653204.55,240293.64,52058.89,1,-0.0
2012,35254,1390143024001,PES NUNEZ SANTANA PESNUSAN CIA. LTDA.,C1020.02,C1020.02,Industria: elaboración y conservación de pescado,MONTECRISTI,MONTECRISTI,ACTIVA,balances_2012_1.txt,NIIF_jerarquico,103,574640.7,603548.32,-28907.62,4612762.12,4614470.29,4646172.32,-31702.03,-31702.03,1,0.0
2012,35294,1390144861001,MAREROCE EXPORT IMPORT CIA. LTDA.,C1020.01,C1020.01,Industria: elaboración y conservación de pescado,JARAMIJÓ,JARAMIJÓ,ACTIVA,balances_2012_1.txt,NIIF_jerarquico,85,1542567.55,968792.23,573775.32,6895722.02,6895722.02,6751945.720000001,143776.3,94101.59,1,0.0
2012,35359,1390148034001,PESQUERA CHOPITEA CIA. LTDA.,A0311.01,A0311.01,Armadores / pesca marítima,MANTA,MANTA,ACTIVA,balances_2012_1.txt,NIIF_jerarquico,66,671329.37,450926.94,220402.43,576212.62,576212.62,572648.98,3563.64,3029.09,1,0.0
2012,35364,1390148433001,ALIMENTOS INTEGRADOS ALINTEGRA CIA. LTDA.,C1020.05,C1020.05,Industria: elaboración y conservación de pescado,MANTA,MANTA,ACTIVA,balances_2012_1.txt,NIIF_jerarquico,34,38659.24,1811.74,36847.5,0.0,2784.93,0.0,2784.93,2367.19,1,0.0
2012,35404,1390150020001,HARINA DE PESCADO DE EXPORTACION HARDEPEX CIA. LTDA.,C1020.05,C1020.05,Industria: elaboración y conservación de pescado,JARAMIJÓ,JARAMIJÓ,DISOLUCIÓN Y LIQUIDACIÓ DE PLENO DERECHO NO INS RM,balances_2012_1.txt,NIIF_jerarquico,97,1951229.48,1227757.71,723471.77,3078463.69,3082230.2399999998,2572502.94,509727.3,348179.62,1,0.0
2012,35420,1391700938001,MANATUN CIA. LTDA.,A0311.01,A0311.01,Armadores / pesca marítima,MANTA,MANTA,DISOLUCIÓN Y LIQUIDACIÓN OFICIO INSCRITA EN RM,balances_2012_1.txt,NIIF_jerarquico,81,251958.94,101391.64,150567.3,1069686.92,1069686.92,1047802.1599999999,21884.76,7881.61,1,0.0
2012,35524,1391715986001,JJ ECOMAR EXPORT IMPORT CIA.LTDA,C1020.02,C1020.02,Industria: elaboración y conservación de pescado,MANTA,MANTA,DISOLUCIÓN Y LIQUIDACIÓN DE PLENO DERECHO INSC. RM,balances_2012_1.txt,NIIF_jerarquico,8,75000.0,0.0,75000.0,0.0,0.0,0.0,0.0,0.0,1,0.0
2012,35688,1391729391001,PESQUERA BETH EEL S.A.,A0311.01,A0311.01,Armadores / pesca marítima,MONTECRISTI,MONTECRISTI,ACTIVA,balances_2012_1.txt,NIIF_jerarquico,16,97840.0,2216.05,95623.95,0.0,0.0,0.0,0.0,0.0,1,0.0
2012,35759,1391731388001,ARMAPAC S.A.,C1020.02,C1020.02,Industria: elaboración y conservación de pescado,MANTA,MANTA,DISOLUCIÓN Y LIQUIDACIÓN OFICIO INSCRITA EN RM,balances_2012_1.txt,NIIF_jerarquico,6,800.0,0.0,800.0,0.0,0.0,0.0,0.0,0.0,1,0.0
2012,35766,1391732872001,FRIGORIFICO Y CONSERVERA DE LA PESCA FRICOPES S.A.,A0311.01,A0311.01,Armadores / pesca marítima,MANTA,MANTA,ACTIVA,balances_2012_1.txt,NIIF_jerarquico,100,1476905.13,349241.56,1127663.57,3419731.47,3420035.8000000003,2749551.83,670483.97,440196.87,1,-0.0
2012,35826,1391732813001,FISHMAR S.A.,A0311.01,A0311.01,Armadores / pesca marítima,MANTA,MANTA,ACTIVA,balances_2012_1.txt,NIIF_jerarquico,87,3963872.9,2672080.57,1291792.33,1781101.6,1781101.6,1032798.61,748302.99,489097.1,1,0.0
2012,35888,1391734271001,USAFISH S.A.,C1020.02,C1020.02,Industria: elaboración y conservación de pescado,MANTA,MANTA,ACTIVA,balances_2012_1.txt,NIIF_jerarquico,95,893724.83,531782.57,361942.26,9733766.99,9733766.99,9336657.180000002,397109.81,217411.92,1,0.0
2012,35973,1391736452001,B&B TUNE_SUPPLIERS S.A.,A0311.01,A0311.01,Armadores / pesca marítima,MANTA,MANTA,ACTIVA,balances_2012_1.txt,NIIF_jerarquico,87,4062590.56,1920114.41,2142476.15,3141159.17,3208261.57,2799412.91,408848.66,281645.45,1,0.0
2012,369,1790034305001,SEAFMAN SOCIEDAD ECUATORIANA DE ALIMENTOS Y FRIGORIFICOS MANTA C.A.,C1020.02,C1020.02,Industria: elaboración y conservación de pescado,MANTA,MANTA,ACTIVA,balances_2012_1.txt,NIIF_jerarquico,137,60745114.74,34188895.21,26556219.53,140362711.65,140362711.65,132452475.13,7910236.52,5089146.79,1,0.0
2012,39949,1391773439001,PESCAEXITO CIA. LTDA.,A0311.01,A0311.01,Armadores / pesca marítima,MANTA,MANTA,ACTIVA,balances_2012_1.txt,NIIF_jerarquico,68,413764.17,158955.77,254808.4,970681.81,970681.81,852396.93,118284.88,88099.5,1,0.0
2012,61599,1391776101001,COINFORMANT S.A.,A0311.01,A0311.01,Armadores / pesca marítima,MANTA,MANTA,DISOLUCIÓN Y LIQUIDACIÓN DE PLENO DERECHO INSC. RM,balances_2012_1.txt,NIIF_jerarquico,41,48228.14,87.38,48140.76,6025.32,6025.32,7451.03,-1425.71,-1425.71,1,0.0
2012,61759,1391775903001,CONSULTORES INDUSTRIALES Y PRODUCTOS DEL MAR S.A. CIPROMAR,A0311.01,A0311.01,Armadores / pesca marítima,MANTA,MANTA,ACTIVA,balances_2012_1.txt,NIIF_jerarquico,45,4221.34,3645.62,575.72,244710.4,244710.4,255192.19,-10481.79,-10481.79,1,0.0
2012,62123,1391776497001,FIOMAR&SHARK OCEAN S.A.,A0311.01,A0311.01,Armadores / pesca marítima,MONTECRISTI,MONTECRISTI,DISOLUCIÓN Y LIQUIDACIÓN OFICIO NO INSCRITA EN RM,balances_2012_1.txt,NIIF_jerarquico,12,800.0,0.0,800.0,800.0,800.0,800.0,0.0,0.0,1,0.0
2012,62647,1391776683001,FRANCHI FISH S.A.,A0311.01,A0311.01,Armadores / pesca marítima,MANTA,MANTA,ACTIVA,balances_2012_1.txt,NIIF_jerarquico,74,353680.38,358640.14,-4959.76,3740833.57,3740833.57,3731778.6799999997,9054.89,-14084.59,1,-0.0
2012,63129,1391777434001,MUNDOTRADE S.A.,A0311.01,A0311.01,Armadores / pesca marítima,MANTA,MANTA,DISOLUCIÓN Y LIQUIDACIÓN OFICIO INSCRITA EN RM,balances_2012_1.txt,NIIF_jerarquico,70,88329.7,88305.11,24.59,659355.87,659355.87,648601.5599999999,10754.31,6155.24,1,-0.0
2012,636,1390005713001,INDUSTRIA ECUATORIANA PRODUCTORA DE ALIMENTOS CA INEPACA,C1020.02,C1020.02,Industria: elaboración y conservación de pescado,MANTA,MANTA,ACTIVA,balances_2012_1.txt,NIIF_jerarquico,121,63830766.25,16821659.78,47009106.47,64584586.53,64834930.370000005,56730617.68,8104312.69,5323818.09,1,0.0
2012,63945,1391778732001,INTERNACIONAL SEAFOOD FOODINTER S.A.,C1020.03,C1020.03,Industria: elaboración y conservación de pescado,MANTA,MANTA,DISOLUCIÓN Y LIQUIDACIÓN OFICIO NO INSCRITA EN RM,balances_2012_1.txt,NIIF_jerarquico,69,122580.27,48278.97,74301.3,3272844.77,3272844.77,3192698.2800000003,80146.49,59679.81,1,0.0
2012,64976,1391779801001,EMPACADORA ALKRISTO DEL MAR S.A. EMPALMAR,A0311.01,A0311.01,Armadores / pesca marítima,MANTA,MANTA,ACTIVA,balances_2012_1.txt,NIIF_jerarquico,94,1190149.93,929195.76,260954.17,3789900.64,3789900.64,3726409.9,63490.74,63490.74,1,-0.0
2012,70242,0991285571001,OLIMAR S.A.,C1020.01,C1020.01,Industria: elaboración y conservación de pescado,MANTA,MANTA,DISOLUCIÓN Y LIQUIDACIÓN OFICIO INSCRITA EN RM,balances_2012_1.txt,NIIF_jerarquico,97,4456426.29,2992688.69,1463737.6,12504777.25,12504777.25,12122051.19,382726.06,242999.44,1,0.0
2012,7027,1390050352001,CONSERVAS ISABEL ECUATORIANA S.A.,C1020.02,C1020.02,Industria: elaboración y conservación de pescado,MANTA,MANTA,ACTIVA,balances_2012_1.txt,NIIF_jerarquico,143,92811791.0,55521076.0,37290715.0,142558970.0,142899161.0,135137451.0,7761710.0,4960920.0,1,0.0
2012,72073,0991313788001,ASISERVY S.A.,C1020.02,C1020.02,Industria: elaboración y conservación de pescado,JARAMIJÓ,JARAMIJÓ,ACTIVA,balances_2012_1.txt,NIIF_jerarquico,143,30403972.14,13713305.84,16690666.3,30158800.64,30158800.64,30098631.25,60169.39,51143.98,1,0.0
2012,72096,0991316531001,AGROL S.A.,A0311.01,A0311.01,Armadores / pesca marítima,MANTA,MANTA,ACTIVA,balances_2012_1.txt,NIIF_jerarquico,86,8473528.06,5319047.06,3154481.0,8515617.47,8515617.47,8441526.76,74090.71,46178.55,1,0.0
2012,79132,0991417117001,MARMONTESAN S.A.,A0311.01,A0311.01,Armadores / pesca marítima,MONTECRISTI,MONTECRISTI,ACTIVA,balances_2012_1.txt,NIIF_jerarquico,68,373368.63,278975.8,94392.83,616192.04,616192.04,620621.79,-4429.75,-4429.75,1,0.0
2012,83238,0991469095001,TADEL S.A.,C1020.05,C1020.05,Industria: elaboración y conservación de pescado,JARAMIJÓ,JARAMIJÓ,ACTIVA,balances_2012_1.txt,NIIF_jerarquico,123,13510803.49,3446847.29,10063956.2,22294049.67,22369435.130000003,18575726.32,3793708.81,2538796.11,1,0.0
2012,95584,1391738803001,EYCO S.A.,A0311.01,A0311.01,Armadores / pesca marítima,MANTA,MANTA,ACTIVA,balances_2012_1.txt,NIIF_jerarquico,69,99412.73,84755.18,14657.55,380861.91,380861.91,385504.35,-4642.44,-4642.44,1,0.0
2012,95604,1391739524001,PROHAPEZ MANTA S.A.,A0311.01,A0311.01,Armadores / pesca marítima,MONTECRISTI,MONTECRISTI,ACTIVA,balances_2012_1.txt,NIIF_jerarquico,11,2100.0,0.0,2100.0,0.0,0.0,0.0,0.0,0.0,1,0.0
2012,95611,0992471557001,EMPROPESCA S.A.,A0311.01,A0311.01,Armadores / pesca marítima,MANTA,MANTA,ACTIVA,balances_2012_1.txt,NIIF_jerarquico,23,987371.98,986571.98,800.0,0.0,0.0,0.0,0.0,0.0,1,0.0
2012,95657,1391740433001,COMERCIALIZADORA DE PRODUCTOS DEL MAR SINAI S. A.,A0311.01,A0311.01,Armadores / pesca marítima,MONTECRISTI,MONTECRISTI,ACTIVA,balances_2012_1.txt,NIIF_jerarquico,6,400.0,0.0,400.0,0.0,0.0,0.0,0.0,0.0,1,0.0
2012,95697,1391742150001,ACQUITERMI S.A.,A0311.01,A0311.01,Armadores / pesca marítima,MONTECRISTI,MONTECRISTI,DISOLUCIÓN Y LIQUIDACIÓN OFICIO INSCRITA EN RM,balances_2012_1.txt,NIIF_jerarquico,106,1748244.11,1452740.32,295503.79,2991122.1,3025378.11,2839881.13,185496.98,117087.99,1,0.0
2012,95714,1391742053001,DISTRIBUIDORA FLIPPER S.A.,A0311.01,A0311.01,Armadores / pesca marítima,MANTA,MANTA,DISOLUCIÓN Y LIQUIDACIÓN OFICIO INSCRITA EN RM,balances_2012_1.txt,NIIF_jerarquico,112,948268.64,806086.78,142181.86,4655337.58,4655337.58,4490835.91,164501.67,139826.42,1,0.0
2012,95725,1391742320001,TUNIDOS DEL PACIFICO S.A.,C1020.02,C1020.02,Industria: elaboración y conservación de pescado,MANTA,MANTA,DISOLUCIÓN Y LIQUIDACIÓN OFICIO INSCRITA EN RM,balances_2012_1.txt,NIIF_jerarquico,45,293638.92,16142.77,277496.15,1715728.32,1715728.32,1496615.84,219112.48,186245.81,1,-0.0
2012,95806,1391744064001,PESPESCA S.A.,C1020.07,C1020.07,Industria: elaboración y conservación de pescado,MONTECRISTI,MONTECRISTI,ACTIVA,balances_2012_1.txt,NIIF_jerarquico,117,22542208.26,12135151.82,10407056.44,18928232.3,19321088.86,21596344.49,-2275255.63,-2275255.63,1,0.0
2012,95871,1391744943001,AMATXU MARIA LUISA CIA. LTDA.,A0311.01,A0311.01,Armadores / pesca marítima,MANTA,MANTA,ACTIVA,balances_2012_1.txt,NIIF_jerarquico,6,400.0,0.0,400.0,0.0,0.0,0.0,0.0,0.0,1,0.0
2012,95900,1391745656001,OCEAN FARM S.A.,A0311.01,A0311.01,Armadores / pesca marítima,MANTA,MANTA,ACTIVA,balances_2012_1.txt,NIIF_jerarquico,74,1012801.2,878580.4,134220.8,248887.0,249296.5,245865.79,3430.71,2232.99,1,-0.0
2012,95926,1391746830001,FRESH FISH DEL ECUADOR CIA. LTDA.,A0311.01,A0311.01,Armadores / pesca marítima,MANTA,MANTA,ACTIVA,balances_2012_1.txt,NIIF_jerarquico,120,5079658.01,2907950.21,2171707.8,6746141.79,6763938.38,5272947.1,1490991.28,1015204.83,1,0.0
2012,95993,1391747314001,INDUSTRIAS DE PRODUCTOS DEL MAR S.A. IDELMAR,A0311.01,A0311.01,Armadores / pesca marítima,MANTA,MANTA,ACTIVA,balances_2012_1.txt,NIIF_jerarquico,86,2818033.29,1859974.29,958059.0,1719474.4,1720908.2,1650136.29,70771.91,10346.0,1,0.0
2012,96020,1391748027001,DELIPESCA S.A.,A0311.01,A0311.01,Armadores / pesca marítima,MANTA,MANTA,ACTIVA,balances_2012_1.txt,NIIF_jerarquico,86,18727389.0,10331074.67,8396314.33,17857223.63,17857223.63,15172455.620000001,2684768.01,2210113.73,1,0.0
2012,96128,1391750811001,ISIMARE S.A.,A0311.01,A0311.01,Armadores / pesca marítima,JARAMIJÓ,JARAMIJÓ,ACTIVA,balances_2012_1.txt,NIIF_jerarquico,60,889869.07,917493.48,-27624.41,400516.95,400516.95,494069.76,-93552.81,-93552.81,1,-0.0
2012,96213,1391753071001,EUROTUNA S.A.,A0311.01,A0311.01,Armadores / pesca marítima,MANTA,MANTA,ACTIVA,balances_2012_1.txt,NIIF_jerarquico,12,1225.5,425.5,800.0,0.0,0.0,0.0,0.0,0.0,1,0.0
2012,96216,1391752377001,MARINE PROTEIN MARPROT S.A.,A0311.01,A0311.01,Armadores / pesca marítima,MONTECRISTI,MONTECRISTI,ACTIVA,balances_2012_1.txt,NIIF_jerarquico,120,2567410.72,2917909.07,-350498.35,1787325.5,1916134.6,1850510.55,65624.05,34531.46,1,0.0
2012,96218,1391752822001,MARCARIBE S.A.,A0311.01,A0311.01,Armadores / pesca marítima,MANTA,MANTA,ACTIVA,balances_2012_1.txt,NIIF_jerarquico,13,1214.48,414.48,800.0,0.0,0.0,0.0,0.0,0.0,1,0.0
2012,96265,1391753233001,TECNIMAR CIA. LTDA.,A0311.01,A0311.01,Armadores / pesca marítima,MANTA,MANTA,ACTIVA,balances_2012_1.txt,NIIF_jerarquico,7,2000.0,0.0,2000.0,0.0,0.0,0.0,0.0,0.0,1,0.0
2012,99022,0991520767001,GALDECUN S.A.,C1020.06,C1020.06,Industria: elaboración y conservación de pescado,JARAMIJÓ,JARAMIJÓ,ACTIVA,balances_2012_1.txt,NIIF_jerarquico,105,3607721.56,2639032.93,968688.63,5639699.96,5639699.96,5241144.3100000005,398555.65,236305.77,1,-0.0
2013,100223,1391782926001,ALIMENTOS DEL MAR MARFOODSA S.A.,A0311.01,A0311.01,Armadores / pesca marítima,JARAMIJÓ,JARAMIJÓ,ACTIVA,balances_2013_1.txt,NIIF_jerarquico,50,406190.15,186595.98,219594.17,16846.0,16846.0,12316.41,4529.59,3533.08,1,0.0
2013,10060,1390021646001,PESPACA PESQUERA DEL PACIFICO CA,C1020.02,C1020.02,Industria: elaboración y conservación de pescado,MANTA,MANTA,ACTIVA,balances_2013_1.txt,NIIF_jerarquico,62,4210987.38,2446873.03,1764114.35,0.0,189515.58,668431.34,-478915.76,-478915.76,1,0.0
2013,109262,0992262427001,GEOPAXI S.A.,A0311.01,A0311.01,Armadores / pesca marítima,MANTA,MANTA,DISOLUCIÓN Y LIQUIDACIÓN OFICIO INSCRITA EN RM,balances_2013_1.txt,NIIF_jerarquico,98,38861889.43,14898760.12,23963129.31,24663735.14,24956070.57,20590413.48,4365657.09,3027308.36,1,0.0
2013,111848,0992299231001,ELVAYKA KYOEI S.A.,A0311.01,A0311.01,Armadores / pesca marítima,MANTA,MANTA,ACTIVA,balances_2013_1.txt,NIIF_jerarquico,96,27288648.84,16991312.89,10297335.95,12496369.89,12496369.89,11028827.809999999,1467542.08,940154.97,1,0.0
2013,114130,0992331283001,XUK S.A.,A0311.01,A0311.01,Armadores / pesca marítima,JARAMIJÓ,JARAMIJÓ,ACTIVA,balances_2013_1.txt,NIIF_jerarquico,88,3648322.7,2311297.1,1337025.6,6505125.21,6505125.21,5685564.71,819560.5,532783.59,1,0.0
2013,115653,0992354186001,TUNAEXPORT S.A.S.,A0311.01,A0311.01,Armadores / pesca marítima,MANTA,MANTA,ACTIVA,balances_2013_1.txt,NIIF_jerarquico,57,8531648.34,8439960.51,91687.83,3318169.01,3318169.01,3316065.9699999997,2103.04,1787.58,1,0.0
2013,11733,1390013643001,INDUSTRIA DE ENLATADOS ALIMENTICIOS CIA LTDA IDEAL,C1020.02,C1020.02,Industria: elaboración y conservación de pescado,MONTECRISTI,MONTECRISTI,DISOLUCIÓN Y LIQUIDACIÓN OFICIO INSCRITA EN RM,balances_2013_1.txt,NIIF_jerarquico,150,43493637.06,26041947.47,17451689.59,35302266.87,35547857.169999994,33128663.720000003,2419193.45,1514602.41,1,0.0
2013,124823,0992481978001,ACTORCORP S.A.,A0311.01,A0311.01,Armadores / pesca marítima,MANTA,MANTA,DISOLUCIÓN Y LIQUIDACIÓN OFICIO NO INSCRITA EN RM,balances_2013_1.txt,NIIF_jerarquico,13,41033.74,0.0,41033.74,0.0,0.0,0.0,0.0,0.0,1,0.0
2013,12582,1390034063001,EMPRESA DEL MAR CIA LTDA,A0311.01,A0311.01,Armadores / pesca marítima,MANTA,MANTA,ACTIVA,balances_2013_1.txt,NIIF_jerarquico,78,724636.46,276068.48,448567.98,556418.9,556418.9,556189.74,229.16,58.87,1,0.0
2013,126601,0992505621001,SUNSTAR S.A.,A0311.01,A0311.01,Armadores / pesca marítima,MANTA,MANTA,ACTIVA,balances_2013_1.txt,NIIF_jerarquico,68,309572.73,305630.14,3942.59,305409.52,305409.52,298459.97,6949.55,3105.94,1,-0.0
2013,128384,0992530332001,ASTILLERO ESPERANZA DEL MAR C.A. ASTIESMAR,A0311.01,A0311.01,Armadores / pesca marítima,JARAMIJÓ,JARAMIJÓ,ACTIVA,balances_2013_1.txt,NIIF_jerarquico,94,12892730.68,8914069.15,3978661.53,1435430.15,1435430.15,2110465.87,-675035.72,-729730.12,1,-0.0
2013,134444,0992623284001,POKINCI S.A.,C1020.02,C1020.02,Industria: elaboración y conservación de pescado,JARAMIJÓ,JARAMIJÓ,ACTIVA,balances_2013_1.txt,NIIF_jerarquico,6,800.0,0.0,800.0,0.0,0.0,0.0,0.0,0.0,1,0.0
2013,137966,1391785003001,COMERCIALIZADORA TONINO SEA FOOD S.A. COMTOSEAFOOD,A0311.01,A0311.01,Armadores / pesca marítima,MANTA,MANTA,ACTIVA,balances_2013_1.txt,NIIF_jerarquico,20,62944.45,33035.79,29908.66,0.0,0.0,0.0,0.0,0.0,1,-0.0
2013,139001,1391785402001,PESQUERA MONTECRISTI S.A. PESQUEMONSA,A0311.01,A0311.01,Armadores / pesca marítima,MANTA,MANTA,ACTIVA,balances_2013_1.txt,NIIF_jerarquico,66,3506581.45,1355036.34,2151545.11,301651.75,301652.34,308628.92,-6976.58,-40993.77,1,0.0
2013,139004,1391799101001,PUERTOMAR S.A.,A0311.03,A0311.03,Armadores / pesca marítima,JARAMIJÓ,JARAMIJÓ,ACTIVA,balances_2013_1.txt,NIIF_jerarquico,40,69342.96,50971.23,18371.73,178494.09,178494.09,151737.21,26756.88,17571.73,1,0.0
2013,141044,1391790619001,FULL MOON ECUADOR FULMEC S.A.,A0311.01,A0311.01,Armadores / pesca marítima,MANTA,MANTA,ACTIVA,balances_2013_1.txt,NIIF_jerarquico,6,1000.0,0.0,1000.0,0.0,0.0,0.0,0.0,0.0,1,0.0
2013,141596,1391788185001,COVEROSA S.A.,A0311.01,A0311.01,Armadores / pesca marítima,MANTA,MANTA,ACTIVA,balances_2013_1.txt,NIIF_jerarquico,75,388913.24,221612.51,167300.73,2197711.62,2197711.62,2184436.02,13275.6,7921.55,1,-0.0
2013,143146,1391789629001,ACUIRÍA S.A.,C1020.01,C1020.01,Industria: elaboración y conservación de pescado,MANTA,MANTA,DISOLUCIÓN Y LIQUIDACIÓN OFICIO INSCRITA EN RM,balances_2013_1.txt,NIIF_jerarquico,67,200084.84,189359.4,10725.44,136229.03,136229.03,128051.4,8177.63,5421.77,1,0.0
2013,143165,1391790589001,ACUICOLA Y PISCICOLA LA ISLA S.A. ACUISLA,A0311.01,A0311.01,Armadores / pesca marítima,MANTA,MANTA,ACTIVA,balances_2013_1.txt,NIIF_jerarquico,57,154746.53,102865.54,51880.99,434743.29,434743.29,387214.45999999996,47528.83,47528.83,1,0.0
2013,143486,1391790104001,ATUN ESTRIBELA S.A.,A0311.03,A0311.03,Armadores / pesca marítima,MANTA,MANTA,DISOLUCIÓN Y LIQUIDACIÓN OFICIO NO INSCRITA EN RM,balances_2013_1.txt,NIIF_jerarquico,99,18180877.57,9077579.78,9103297.79,5570964.11,5571519.680000001,3671266.63,1900253.05,1236322.61,1,0.0
2013,143580,1391790260001,OSAKAFISH S.A.,A0311.01,A0311.01,Armadores / pesca marítima,MANTA,MANTA,DISOLUCIÓN Y LIQUIDACIÓN OFICIO INSCRITA EN RM,balances_2013_1.txt,NIIF_jerarquico,6,1000.0,0.0,1000.0,0.0,0.0,0.0,0.0,0.0,1,0.0
2013,143702,1391790279001,AGRICOLA Y PISCICOLA SUSSMANN DELGADO AGROSUSSDEL S.A.,A0311.01,A0311.01,Armadores / pesca marítima,MANTA,MANTA,ACTIVA,balances_2013_1.txt,NIIF_jerarquico,39,23953.25,5137.31,18815.94,268637.96,268637.96,253894.32,14743.64,9775.05,1,0.0
2013,143706,1391790287001,PESQUERA ATUNES DEL PACIFICO S.A. ''ATUNPACIFICOSA'',A0311.03,A0311.03,Armadores / pesca marítima,MANTA,MANTA,ACTIVA,balances_2013_1.txt,NIIF_jerarquico,89,40705275.55,8329609.35,32375666.2,26065211.38,26065211.38,17735360.84,8329850.54,5483192.0,1,-0.0
2013,144167,1391791488001,GRUPO DEGFER CIA. LTDA.,A0311.01,A0311.01,Armadores / pesca marítima,JARAMIJÓ,JARAMIJÓ,ACTIVA,balances_2013_1.txt,NIIF_jerarquico,15,78708.0,58708.0,20000.0,0.0,0.0,0.0,0.0,0.0,1,0.0
2013,144336,1391791097001,PESCADOS Y MARISCOS DEL PACIFICO S.A. PESMARPAC,A0311.01,A0311.01,Armadores / pesca marítima,JARAMIJÓ,JARAMIJÓ,ACTIVA,balances_2013_1.txt,NIIF_jerarquico,91,809097.57,786999.0,22098.57,1193114.51,1193114.51,1521815.94,-328701.43,-328701.43,1,-0.0
2013,144480,1391791178001,ALETAMARILLA S.A.,A0311.01,A0311.01,Armadores / pesca marítima,MANTA,MANTA,ACTIVA,balances_2013_1.txt,NIIF_jerarquico,73,4476485.51,970631.43,3505854.08,3363482.22,3363543.12,3002008.25,361534.87,307304.64,1,-0.0
2013,144740,1391799624001,LOGISTICA INTERNACIONAL LOGISINSA S.A.,A0311.01,A0311.01,Armadores / pesca marítima,MANTA,MANTA,ACTIVA,balances_2013_1.txt,NIIF_jerarquico,6,800.0,0.0,800.0,0.0,0.0,0.0,0.0,0.0,1,0.0
2013,145016,1391791895001,INDUSTRIAL PESQUERA DEL PACIFICO S.A. INPESPA,A0311.01,A0311.01,Armadores / pesca marítima,MANTA,MANTA,ACTIVA,balances_2013_1.txt,NIIF_jerarquico,67,155322.12,144958.74,10363.38,251673.6,251673.6,248732.68,2940.92,2499.78,1,0.0
2013,145888,1391793308001,PESFRESCO S.A.,A0311.01,A0311.01,Armadores / pesca marítima,MANTA,MANTA,ACTIVA,balances_2013_1.txt,NIIF_jerarquico,12,3610.46,0.0,3610.46,0.0,0.0,0.0,0.0,0.0,1,0.0
2013,145894,1391793065001,EMPACADORA DE MARISCOS ECUAMARISC CIA. LTDA.,A0311.01,A0311.01,Armadores / pesca marítima,MANTA,MANTA,ACTIVA,balances_2013_1.txt,NIIF_jerarquico,45,251099.44,186124.24,64975.2,1281216.85,1281216.85,1183818.3599999999,97398.49,64575.2,1,0.0
2013,146215,1391792999001,SARDINAS DEL PACIFICO S.A. SARDIPAC,A0311.01,A0311.01,Armadores / pesca marítima,JARAMIJÓ,JARAMIJÓ,ACTIVA,balances_2013_1.txt,NIIF_jerarquico,95,4823362.4,5352175.13,-528812.73,570635.06,570635.06,1101475.44,-530840.38,-530840.38,1,0.0
2013,146541,1391793405001,ASOCIACION DE PESCA EXPORTABLE ASOPESEX C.A.,A0311.01,A0311.01,Armadores / pesca marítima,MANTA,MANTA,ACTIVA,balances_2013_1.txt,NIIF_jerarquico,63,22856.9,23385.64,-528.74,89903.67,89903.67,89182.85,720.82,477.91,1,0.0
2013,146715,1391793731001,VIDA MARINA VIMARINA CIA. LTDA.,C1020.04,C1020.04,Industria: elaboración y conservación de pescado,MANTA,MANTA,ACTIVA,balances_2013_1.txt,NIIF_jerarquico,61,362034.31,95777.07,266257.24,381458.06,381458.06,379051.95,2406.11,1595.25,1,0.0
2013,146994,1391793960001,PD-PESCA S.A.,A0311.01,A0311.01,Armadores / pesca marítima,JARAMIJÓ,JARAMIJÓ,ACTIVA,balances_2013_1.txt,NIIF_jerarquico,71,714344.41,151274.96,563069.45,595879.0,595879.0,521952.99,73926.01,56553.4,1,0.0
2013,148246,1391798040001,OCEAN AMERICA FOOD S.A. OCEAMERSA,C1020.02,C1020.02,Industria: elaboración y conservación de pescado,MANTA,MANTA,DISOLUCIÓN Y LIQUIDACIÓN DE PLENO DERECHO INSC. RM,balances_2013_1.txt,NIIF_jerarquico,22,826.74,0.0,826.74,12993.62,12993.62,12966.880000000001,26.74,26.74,1,0.0
2013,148632,1391796056001,INTERATLANTIC S.A.,A0311.01,A0311.01,Armadores / pesca marítima,MANTA,MANTA,ACTIVA,balances_2013_1.txt,NIIF_jerarquico,7,12500.0,0.0,12500.0,0.0,0.0,0.0,0.0,0.0,1,0.0
2013,149717,1391797672001,FERPIL'S S.A.,A0311.01,A0311.01,Armadores / pesca marítima,MANTA,MANTA,ACTIVA,balances_2013_1.txt,NIIF_jerarquico,39,142745.79,141577.21,1168.58,57329.1,57329.1,57160.52,168.58,168.58,1,0.0
2013,164355,1391797958001,PRODUMAN ECUADOR CIA. LTDA.,A0311.01,A0311.01,Armadores / pesca marítima,MANTA,MANTA,ACTIVA,balances_2013_1.txt,NIIF_jerarquico,13,200.0,106.4,93.6,0.0,0.0,0.0,0.0,0.0,1,0.0
2013,165483,1391798814001,MARPACIFICO CIA. LTDA.,A0311.01,A0311.01,Armadores / pesca marítima,JARAMIJÓ,JARAMIJÓ,DISOLUCIÓN Y LIQUIDACIÓ DE PLENO DERECHO NO INS RM,balances_2013_1.txt,NIIF_jerarquico,51,343742.35,242477.21,101265.14,51422.0,51422.0,25796.399999999998,25625.6,18677.99,1,-0.0
2013,166157,1391800290001,COMERCIALIZADORA DE PRODUCTOS PESQUEROS S.A. COMPROPEZ,A0311.01,A0311.01,Armadores / pesca marítima,JARAMIJÓ,JARAMIJÓ,ACTIVA,balances_2013_1.txt,NIIF_jerarquico,75,183765.16,158001.35,25763.81,1493906.99,1493906.99,1452184.9200000002,41722.07,24563.81,1,-0.0
2013,166188,1391799713001,FRIGORIFICO Y LABORATORIO DE PESCA FRILABPESCA S.A.,A0311.01,A0311.01,Armadores / pesca marítima,MANTA,MANTA,ACTIVA,balances_2013_1.txt,NIIF_jerarquico,8,800.0,0.0,800.0,0.0,0.0,0.0,0.0,0.0,1,0.0
2013,166190,1391799748001,TECNICA DE LA MARICULTURA S.A. TECNIMARSA,A0311.01,A0311.01,Armadores / pesca marítima,MANTA,MANTA,ACTIVA,balances_2013_1.txt,NIIF_jerarquico,36,33830.98,26038.61,7792.37,4.26,4.26,11.89,-7.63,-7.63,1,0.0
2013,166486,1391800568001,ECUAOCEAN S.A.,A0311.01,A0311.01,Armadores / pesca marítima,MANTA,MANTA,ACTIVA,balances_2013_1.txt,NIIF_jerarquico,19,32833.74,31833.74,1000.0,14000.0,14000.0,14000.0,0.0,0.0,1,-0.0
2013,166831,1391800517001,PRODUCTOS DEL REY S.A. PRODUCTREY,A0311.01,A0311.01,Armadores / pesca marítima,MANTA,MANTA,DISOLUCIÓN Y LIQUIDACIÓN OFICIO INSCRITA EN RM,balances_2013_1.txt,NIIF_jerarquico,47,589075.56,463200.64,125874.92,0.0,0.0,69925.08,-69925.08,-69925.08,1,0.0
2013,169148,1391804229001,NAUTICAL MASTERS ECUADOR S.A. NAUTIMASTER,A0311.01,A0311.01,Armadores / pesca marítima,MANTA,MANTA,DISOLUCIÓN Y LIQUIDACIÓN DE PLENO DERECHO INSC. RM,balances_2013_1.txt,NIIF_jerarquico,6,800.0,0.0,800.0,0.0,0.0,0.0,0.0,0.0,1,0.0
2013,169235,1391803850001,MARPESCA ECUADOR S.A.,A0311.01,A0311.01,Armadores / pesca marítima,MONTECRISTI,MONTECRISTI,ACTIVA,balances_2013_1.txt,NIIF_jerarquico,10,52621.76,27621.76,25000.0,0.0,0.0,0.0,0.0,0.0,1,0.0
2013,169323,1391804083001,PESDEMAR S.A.,A0311.01,A0311.01,Armadores / pesca marítima,MANTA,MANTA,ACTIVA,balances_2013_1.txt,NIIF_jerarquico,43,37216.47,19364.11,17852.36,717556.29,717556.29,691836.29,25720.0,17052.36,1,0.0
2013,170154,1391805691001,MARITMA ECUATORIAL S.A. ECUAMARITIMA,A0311.01,A0311.01,Armadores / pesca marítima,MANTA,MANTA,DISOLUCIÓN Y LIQUIDACIÓN OFICIO NO INSCRITA EN RM,balances_2013_1.txt,NIIF_jerarquico,63,170132.87,145982.45,24150.42,65334.98,65336.020000000004,41985.6,23350.42,23350.42,1,-0.0
2013,170293,1391805381001,BRISATUN S.A.,A0311.01,A0311.01,Armadores / pesca marítima,MANTA,MANTA,DISOLUCIÓN Y LIQUIDACIÓN OFICIO INSCRITA EN RM,balances_2013_1.txt,NIIF_jerarquico,44,9276309.83,9266249.09,10060.74,0.0,71.46,6.07,65.39,54.67,1,0.0
2013,170806,1391806000001,FLOSERPESCA S.A.,C1020.02,C1020.02,Industria: elaboración y conservación de pescado,MANTA,MANTA,ACTIVA,balances_2013_1.txt,NIIF_jerarquico,41,8647.59,1905.6,6741.99,144544.12,144544.12,136926.18000000002,7617.94,5941.99,1,0.0
2013,171323,1391806426001,CABOMARFISH S.A.,A0311.03,A0311.03,Armadores / pesca marítima,MANTA,MANTA,DISOLUCIÓN Y LIQUIDACIÓN DE PLENO DERECHO INSC. RM,balances_2013_1.txt,NIIF_jerarquico,6,800.0,0.0,800.0,0.0,0.0,0.0,0.0,0.0,1,0.0
2013,171950,1391807651001,MONMIFISH S.A.,A0311.01,A0311.01,Armadores / pesca marítima,MANTA,MANTA,ACTIVA,balances_2013_1.txt,NIIF_jerarquico,37,23515.89,13198.52,10317.37,457029.84,457029.84,447512.47,9517.37,9517.37,1,-0.0
2013,172315,1391807627001,COMPAÑÍA AL MAR PESCA ALMARPEZ S.A.,A0311.01,A0311.01,Armadores / pesca marítima,MANTA,MANTA,ACTIVA,balances_2013_1.txt,NIIF_jerarquico,6,3000.0,0.0,3000.0,0.0,0.0,0.0,0.0,0.0,1,0.0
2013,172429,1391807929001,MANJARES DEL MAR S.A. MANJAMAR,A0311.01,A0311.01,Armadores / pesca marítima,JARAMIJÓ,JARAMIJÓ,DISOLUCIÓN Y LIQUIDACIÓ DE PLENO DERECHO NO INS RM,balances_2013_1.txt,NIIF_jerarquico,7,100000.0,0.0,100000.0,0.0,0.0,0.0,0.0,0.0,1,0.0
2013,172449,1391807902001,PROCOPROMAR CIA. LTDA.,A0311.01,A0311.01,Armadores / pesca marítima,MANTA,MANTA,DISOLUCIÓN Y LIQUIDACIÓN OFICIO INSCRITA EN RM,balances_2013_1.txt,NIIF_jerarquico,41,124005.71,125849.06,-1843.35,79220.41,79220.41,82063.76,-2843.35,-2843.35,1,0.0
2013,172770,1391808143001,PRODUCTOS DEL MAR PROMARIT S.A.,C1020.07,C1020.07,Industria: elaboración y conservación de pescado,MANTA,MANTA,ACTIVA,balances_2013_1.txt,NIIF_jerarquico,6,800.0,0.0,800.0,0.0,0.0,0.0,0.0,0.0,1,0.0
2013,173162,1391808690001,CULTIVO DE PECES S.A. CULTIPESCA,C1020.07,C1020.07,Industria: elaboración y conservación de pescado,MANTA,MANTA,ACTIVA,balances_2013_1.txt,NIIF_jerarquico,14,15359.17,12859.17,2500.0,0.0,0.0,0.0,0.0,0.0,1,0.0
2013,173324,1391809522001,V&BFISH S.A.,A0311.01,A0311.01,Armadores / pesca marítima,MANTA,MANTA,ACTIVA,balances_2013_1.txt,NIIF_jerarquico,8,2000.0,0.0,2000.0,0.0,0.0,0.0,0.0,0.0,1,0.0
2013,173680,1391809336001,VERTIPEZ S.A.,A0311.01,A0311.01,Armadores / pesca marítima,MANTA,MANTA,DISOLUCIÓN Y LIQUIDACIÓN DE PLENO DERECHO INSC. RM,balances_2013_1.txt,NIIF_jerarquico,23,800.0,20700.3,-19900.3,505095.4,505095.4,525795.7,-20700.3,-20700.3,1,0.0
2013,17663,1390097677001,MARDEX MARISCOS DE EXPORTACION S.A.,A0311.01,A0311.01,Armadores / pesca marítima,MANTA,MANTA,DISOLUCIÓN Y LIQUIDACIÓN OFICIO INSCRITA EN RM,balances_2013_1.txt,NIIF_jerarquico,138,8925230.47,5873706.21,3051524.26,13936543.19,13936543.19,14994506.450000001,-1057963.26,-1176256.29,1,0.0
2013,18528,1790943178001,PRODUCTOS DEL MAR Y SABORES NACIONALES PROMARSAN CIA. LTDA.,C1020.04,C1020.04,Industria: elaboración y conservación de pescado,JARAMIJÓ,JARAMIJÓ,ACTIVA,balances_2013_1.txt,NIIF_jerarquico,114,1298722.14,684598.22,614123.92,1814081.4,1814081.4,1785232.65,28848.75,9628.33,1,-0.0
2013,19582,1390073891001,TRANSMARINA CA,A0311.03,A0311.03,Armadores / pesca marítima,MONTECRISTI,MONTECRISTI,ACTIVA,balances_2013_1.txt,NIIF_jerarquico,120,34219507.36,18731176.6,15488330.76,26498752.33,26520079.869999997,25658924.520000003,861155.35,464283.64,1,-0.0
2013,205129,1391765770001,EMPACADORA MADEZA S.A.,C1020.02,C1020.02,Industria: elaboración y conservación de pescado,MANTA,MANTA,ACTIVA,balances_2013_1.txt,NIIF_jerarquico,74,289187.45,299093.11,-9905.66,297044.54,298081.55,335279.33,-37197.78,-37197.78,1,0.0
2013,205167,1391766793001,POLARISPESCA S.A.,A0311.01,A0311.01,Armadores / pesca marítima,MANTA,MANTA,ACTIVA,balances_2013_1.txt,NIIF_jerarquico,79,2251655.63,1366588.3,885067.33,1688393.0,1688393.0,1586887.19,101505.81,56679.77,1,-0.0
2013,205205,1391767943001,ALHO FISH S.A.,A0311.01,A0311.01,Armadores / pesca marítima,MANTA,MANTA,ACTIVA,balances_2013_1.txt,NIIF_jerarquico,6,800.0,0.0,800.0,0.0,0.0,0.0,0.0,0.0,1,0.0
2013,205233,1391768567001,TXOPITUNA ECUADOR CIA. LTDA.,A0311.03,A0311.03,Armadores / pesca marítima,MANTA,MANTA,ACTIVA,balances_2013_1.txt,NIIF_jerarquico,99,11358791.91,8581546.95,2777244.96,13815300.52,13815300.52,12888659.12,926641.4,600914.65,1,0.0
2013,25440,0990555761001,PESDEL S.A.,A0311.01,A0311.01,Armadores / pesca marítima,JARAMIJÓ,JARAMIJÓ,ACTIVA,balances_2013_1.txt,NIIF_jerarquico,121,29288608.16,12498593.52,16790014.64,5736138.85,5736138.85,5501520.7,234618.15,37646.34,1,0.0
2013,34175,1390141692001,EMPACADORA BILBO S.A. BILBOSA,C1020.01,C1020.01,Industria: elaboración y conservación de pescado,MANTA,MANTA,ACTIVA,balances_2013_1.txt,NIIF_jerarquico,138,14282833.95,8763899.97,5518933.98,38582439.69,38582439.69,35394047.91,3188391.78,2111360.0,1,-0.0
2013,34292,1390144039001,PESCADO FRESCO DE EXPORTACION PEFREXPORT S.A.,C1020.04,C1020.04,Industria: elaboración y conservación de pescado,MANTA,MANTA,ACTIVA,balances_2013_1.txt,NIIF_jerarquico,59,2925717.51,360134.96,2565582.55,0.0,242001.55,236153.47,5848.08,-12555.99,1,0.0
2013,34328,1390145493001,FISHCORP S.A.,A0311.01,A0311.01,Armadores / pesca marítima,JARAMIJÓ,JARAMIJÓ,ACTIVA,balances_2013_1.txt,NIIF_jerarquico,85,2198832.4,1606652.26,592180.14,1844850.4,1844850.4,1876980.04,-32129.64,-32129.64,1,-0.0
2013,34346,1390145957001,PESQUERA PERALTA SOCIEDAD ANONIMA PESPERALTA,A0311.01,A0311.01,Armadores / pesca marítima,MANTA,MANTA,ACTIVA,balances_2013_1.txt,NIIF_jerarquico,17,32804.0,4.0,32800.0,0.0,0.0,0.0,0.0,0.0,1,0.0
2013,34388,1390147186001,MARBELIZE S.A.,C1020.04,C1020.04,Industria: elaboración y conservación de pescado,JARAMIJÓ,JARAMIJÓ,ACTIVA,balances_2013_1.txt,NIIF_jerarquico,151,53888502.36,37216865.23,16671637.13,102638126.65,102638126.65,97292343.24,5345783.41,3355557.27,1,0.0
2013,34420,1390148212001,MANABITA DE COMERCIO S.A. MANCORSACOM,C1020.04,C1020.04,Industria: elaboración y conservación de pescado,JARAMIJÓ,JARAMIJÓ,ACTIVA,balances_2013_1.txt,NIIF_jerarquico,114,9398856.97,1878364.69,7520492.28,11174144.94,11174144.94,6978098.11,4196046.83,2772519.16,1,0.0
2013,34442,1390149154001,SHELLFISH S.A.,A0311.01,A0311.01,Armadores / pesca marítima,MANTA,MANTA,ACTIVA,balances_2013_1.txt,NIIF_jerarquico,69,1350114.84,540530.11,809584.73,3364023.93,3364023.93,3120974.43,243049.5,243049.5,1,0.0
2013,34449,1390149219001,EUROFISH S.A.,C1020.04,C1020.04,Industria: elaboración y conservación de pescado,MONTECRISTI,MONTECRISTI,ACTIVA,balances_2013_1.txt,NIIF_jerarquico,149,85440941.84,51978116.69,33462825.15,149342331.92,149342331.92,138870919.03,10471412.89,7201495.23,1,0.0
2013,34453,1390149316001,MADEPACIF S.A.,C1020.02,C1020.02,Industria: elaboración y conservación de pescado,MANTA,MANTA,DISOLUCIÓN Y LIQUIDACIÓN OFICIO INSCRITA EN RM,balances_2013_1.txt,NIIF_jerarquico,83,935991.6,1029684.9,-93693.3,1870277.38,1870277.38,1780026.53,90250.85,70545.87,1,-0.0
2013,34521,1391700776001,TECNICA Y COMERCIO DE LA PESCA C.A. TECOPESCA,A0311.01,A0311.01,Armadores / pesca marítima,JARAMIJÓ,JARAMIJÓ,ACTIVA,balances_2013_1.txt,NIIF_jerarquico,142,108037976.48,69123888.68,38914087.8,190739262.98,191635318.26999998,180610775.38,11024542.89,7045551.56,1,0.0
2013,34525,1391700830001,"MANACRIPEX CIA. LTDA. MANABITA DE CRIA , PESCA Y EXPORTACION",A0311.03,A0311.03,Armadores / pesca marítima,JARAMIJÓ,JARAMIJÓ,ACTIVA,balances_2013_1.txt,NIIF_jerarquico,109,6324550.68,3537408.42,2787142.26,6217950.25,6217950.25,4878995.04,1338955.21,857985.83,1,0.0
2013,34611,1391709765001,PESQUERA UGAVI S.A.,A0311.03,A0311.03,Armadores / pesca marítima,MANTA,MANTA,ACTIVA,balances_2013_1.txt,NIIF_jerarquico,109,47270468.86,31956363.82,15314105.04,11551904.08,11698222.68,10626073.51,1072149.17,625589.6,1,0.0
2013,34614,1391701926001,INDUSTRIA ATUNERA S.A. INDUATUN,A0311.01,A0311.01,Armadores / pesca marítima,MANTA,MANTA,ACTIVA,balances_2013_1.txt,NIIF_jerarquico,66,15535594.41,6462877.66,9072716.75,8302704.91,8302704.91,7351352.83,951352.08,781792.82,1,0.0
2013,34630,1391702094001,DIAZ VASQUEZ DIVA S.A.,A0311.01,A0311.01,Armadores / pesca marítima,MANTA,MANTA,ACTIVA,balances_2013_1.txt,NIIF_jerarquico,50,1215127.88,1217726.45,-2598.57,0.0,8000.0,7395.0,605.0,605.0,1,-0.0
2013,34725,1391726740001,INMOTUNA S.A.,A0311.01,A0311.01,Armadores / pesca marítima,MANTA,MANTA,ACTIVA,balances_2013_1.txt,NIIF_jerarquico,57,770043.85,194707.6,575336.25,14700.0,14701.4,6988.23,7713.17,5460.91,1,0.0
2013,34727,1391716702001,MEGAOCEAN S.A,A0311.01,A0311.01,Armadores / pesca marítima,MANTA,MANTA,ACTIVA,balances_2013_1.txt,NIIF_jerarquico,102,2276636.3,2011689.26,264947.04,1451701.37,1451701.37,1441733.6600000001,9967.71,530.04,1,-0.0
2013,34759,1391717474001,PROVIPACIF S.A,A0311.01,A0311.01,Armadores / pesca marítima,MANTA,MANTA,ACTIVA,balances_2013_1.txt,NIIF_jerarquico,102,8862007.59,1479812.54,7382195.05,4062025.01,4062025.01,3308183.7800000003,753841.23,499796.74,1,0.0
2013,34863,1391722486001,UNIOCEAN S.A.,A0311.03,A0311.03,Armadores / pesca marítima,MANTA,MANTA,ACTIVA,balances_2013_1.txt,NIIF_jerarquico,91,31710319.49,20242121.5,11468197.99,12114486.83,12871776.7,12017132.03,854644.67,536247.21,1,-0.0
2013,34903,1391723318001,OCEANFISH S.A.,A0311.01,A0311.01,Armadores / pesca marítima,MANTA,MANTA,ACTIVA,balances_2013_1.txt,NIIF_jerarquico,146,20685477.56,13455216.9,7230260.66,31940606.33,32036220.27,31297268.919999998,738951.35,304150.52,1,-0.0
2013,34919,1391724500001,PESCIMERA S.A,A0311.01,A0311.01,Armadores / pesca marítima,MANTA,MANTA,ACTIVA,balances_2013_1.txt,NIIF_jerarquico,90,10835587.95,3658353.57,7177234.38,8711631.19,8782634.51,8326465.16,456169.35,301308.13,1,-0.0
2013,34948,1391724837001,PRODUCTOS PESQUEROS S.A. PRODUPES,C1020.06,C1020.06,Industria: elaboración y conservación de pescado,MONTECRISTI,MONTECRISTI,ACTIVA,balances_2013_1.txt,NIIF_jerarquico,118,8127433.09,3117620.29,5009812.8,16366460.72,16369135.450000001,15583160.34,785975.11,454990.66,1,0.0
2013,34958,1391725426001,CARIBBEAN ATLANTIC CARTLANT S.A.,A0311.01,A0311.01,Armadores / pesca marítima,MANTA,MANTA,ACTIVA,balances_2013_1.txt,NIIF_jerarquico,18,1262.42,90.0,1172.42,0.0,0.0,0.0,0.0,0.0,1,0.0
2013,35171,1390140319001,"FRIGORIFICO Y LABORATORIO SAN MATEO, FRIGOLAB SAN MATEO CIA. LTDA.",A0311.01,A0311.01,Armadores / pesca marítima,JARAMIJÓ,JARAMIJÓ,ACTIVA,balances_2013_1.txt,NIIF_jerarquico,137,14135971.84,10369185.84,3766786.0,16463008.08,16513237.64,16275154.44,238083.2,3135.46,1,0.0
2013,35254,1390143024001,PES NUNEZ SANTANA PESNUSAN CIA. LTDA.,C1020.02,C1020.02,Industria: elaboración y conservación de pescado,MONTECRISTI,MONTECRISTI,ACTIVA,balances_2013_1.txt,NIIF_jerarquico,116,1020823.31,773118.55,247704.76,5406917.52,5406917.52,5400417.59,6499.93,4309.45,1,0.0
2013,35294,1390144861001,MAREROCE EXPORT IMPORT CIA. LTDA.,C1020.01,C1020.01,Industria: elaboración y conservación de pescado,JARAMIJÓ,JARAMIJÓ,ACTIVA,balances_2013_1.txt,NIIF_jerarquico,88,2862449.31,2233633.84,628815.47,5698268.53,5698268.53,5621758.15,76510.38,55592.98,1,0.0
2013,35359,1390148034001,PESQUERA CHOPITEA CIA. LTDA.,A0311.01,A0311.01,Armadores / pesca marítima,MANTA,MANTA,ACTIVA,balances_2013_1.txt,NIIF_jerarquico,72,712320.26,470298.76,242021.5,236387.9,236387.9,199211.21000000002,37176.69,24648.15,1,0.0
2013,35364,1390148433001,ALIMENTOS INTEGRADOS ALINTEGRA CIA. LTDA.,C1020.05,C1020.05,Industria: elaboración y conservación de pescado,MANTA,MANTA,ACTIVA,balances_2013_1.txt,NIIF_jerarquico,38,38114.81,1867.67,36247.14,0.0,2650.54,3250.9,-600.36,-600.36,1,0.0
2013,35404,1390150020001,HARINA DE PESCADO DE EXPORTACION HARDEPEX CIA. LTDA.,C1020.05,C1020.05,Industria: elaboración y conservación de pescado,JARAMIJÓ,JARAMIJÓ,DISOLUCIÓN Y LIQUIDACIÓ DE PLENO DERECHO NO INS RM,balances_2013_1.txt,NIIF_jerarquico,100,1968845.9,1130039.06,838806.84,2702539.37,2775959.8000000003,2549477.1,226482.7,144929.84,1,-0.0
2013,35420,1391700938001,MANATUN CIA. LTDA.,A0311.01,A0311.01,Armadores / pesca marítima,MANTA,MANTA,DISOLUCIÓN Y LIQUIDACIÓN OFICIO INSCRITA EN RM,balances_2013_1.txt,NIIF_jerarquico,79,235420.17,84712.43,150707.74,852852.19,852852.19,844287.64,8564.55,140.44,1,0.0
2013,35524,1391715986001,JJ ECOMAR EXPORT IMPORT CIA.LTDA,C1020.02,C1020.02,Industria: elaboración y conservación de pescado,MANTA,MANTA,DISOLUCIÓN Y LIQUIDACIÓN DE PLENO DERECHO INSC. RM,balances_2013_1.txt,NIIF_jerarquico,52,344243.96,266305.32,77938.64,249524.95,249524.95,246586.31,2938.64,2938.64,1,0.0
2013,35688,1391729391001,PESQUERA BETH EEL S.A.,A0311.01,A0311.01,Armadores / pesca marítima,MONTECRISTI,MONTECRISTI,ACTIVA,balances_2013_1.txt,NIIF_jerarquico,40,83596.7,0.0,83596.7,130887.2,130887.2,145885.95,-14998.75,-14998.75,1,0.0
2013,35759,1391731388001,ARMAPAC S.A.,C1020.02,C1020.02,Industria: elaboración y conservación de pescado,MANTA,MANTA,DISOLUCIÓN Y LIQUIDACIÓN OFICIO INSCRITA EN RM,balances_2013_1.txt,NIIF_jerarquico,50,214340.48,243411.4,-29070.92,1682273.41,1682273.41,1712144.33,-29870.92,-29870.92,1,0.0
2013,35766,1391732872001,FRIGORIFICO Y CONSERVERA DE LA PESCA FRICOPES S.A.,A0311.01,A0311.01,Armadores / pesca marítima,MANTA,MANTA,ACTIVA,balances_2013_1.txt,NIIF_jerarquico,96,1554408.9,244709.3,1309699.6,3525982.44,3525982.44,3237170.47,288811.97,192233.1,1,-0.0
2013,35826,1391732813001,FISHMAR S.A.,A0311.01,A0311.01,Armadores / pesca marítima,MANTA,MANTA,ACTIVA,balances_2013_1.txt,NIIF_jerarquico,82,3414007.89,1532950.01,1881057.88,1852709.53,1852709.53,963092.23,889617.3,589265.55,1,0.0
2013,35888,1391734271001,USAFISH S.A.,C1020.02,C1020.02,Industria: elaboración y conservación de pescado,MANTA,MANTA,ACTIVA,balances_2013_1.txt,NIIF_jerarquico,86,999053.21,237732.76,761320.45,13541196.34,13541196.34,12641942.49,899253.85,616790.11,1,0.0
2013,35973,1391736452001,B&B TUNE_SUPPLIERS S.A.,A0311.01,A0311.01,Armadores / pesca marítima,MANTA,MANTA,ACTIVA,balances_2013_1.txt,NIIF_jerarquico,101,4924002.27,1876175.4,3047826.87,5448851.13,6267176.87,4153558.53,2113618.34,1461283.33,1,-0.0
2013,369,1790034305001,SEAFMAN SOCIEDAD ECUATORIANA DE ALIMENTOS Y FRIGORIFICOS MANTA C.A.,C1020.02,C1020.02,Industria: elaboración y conservación de pescado,MANTA,MANTA,ACTIVA,balances_2013_1.txt,NIIF_jerarquico,137,60301979.07,31616449.24,28685529.83,125857094.92,125892910.8,121217839.73,4675071.07,3129310.3,1,0.0
2013,39949,1391773439001,PESCAEXITO CIA. LTDA.,A0311.01,A0311.01,Armadores / pesca marítima,MANTA,MANTA,ACTIVA,balances_2013_1.txt,NIIF_jerarquico,60,236120.96,69140.73,166980.23,568602.77,568602.77,554370.54,14232.23,14232.23,1,-0.0
2013,61599,1391776101001,COINFORMANT S.A.,A0311.01,A0311.01,Armadores / pesca marítima,MANTA,MANTA,DISOLUCIÓN Y LIQUIDACIÓN DE PLENO DERECHO INSC. RM,balances_2013_1.txt,NIIF_jerarquico,36,47344.11,90.21,47253.9,6006.0,6006.0,6892.86,-886.86,-886.86,1,0.0
2013,61759,1391775903001,CONSULTORES INDUSTRIALES Y PRODUCTOS DEL MAR S.A. CIPROMAR,A0311.01,A0311.01,Armadores / pesca marítima,MANTA,MANTA,ACTIVA,balances_2013_1.txt,NIIF_jerarquico,56,22567.43,11847.69,10719.74,1198515.52,1198515.52,1187976.8900000001,10538.63,5644.02,1,0.0
2013,62123,1391776497001,FIOMAR&SHARK OCEAN S.A.,A0311.01,A0311.01,Armadores / pesca marítima,MONTECRISTI,MONTECRISTI,DISOLUCIÓN Y LIQUIDACIÓN OFICIO NO INSCRITA EN RM,balances_2013_1.txt,NIIF_jerarquico,38,2380.0,9.05,2370.95,135980.0,135980.0,135209.05,770.95,770.95,1,0.0
2013,62647,1391776683001,FRANCHI FISH S.A.,A0311.01,A0311.01,Armadores / pesca marítima,MANTA,MANTA,ACTIVA,balances_2013_1.txt,NIIF_jerarquico,84,314738.39,305857.62,8880.77,4005154.22,4005154.22,3962211.1599999997,42943.06,9546.22,1,0.0
2013,63129,1391777434001,MUNDOTRADE S.A.,A0311.01,A0311.01,Armadores / pesca marítima,MANTA,MANTA,DISOLUCIÓN Y LIQUIDACIÓN OFICIO INSCRITA EN RM,balances_2013_1.txt,NIIF_jerarquico,72,168110.87,170913.63,-2802.76,1070806.83,1070806.83,1068859.42,1947.41,-3133.51,1,-0.0
2013,636,1390005713001,INDUSTRIA ECUATORIANA PRODUCTORA DE ALIMENTOS CA INEPACA,C1020.02,C1020.02,Industria: elaboración y conservación de pescado,MANTA,MANTA,ACTIVA,balances_2013_1.txt,NIIF_jerarquico,123,69125804.06,17894308.8,51231495.26,86348948.84,86348948.84,73919541.05,12429407.79,8222388.79,1,0.0
2013,63945,1391778732001,INTERNACIONAL SEAFOOD FOODINTER S.A.,C1020.03,C1020.03,Industria: elaboración y conservación de pescado,MANTA,MANTA,DISOLUCIÓN Y LIQUIDACIÓN OFICIO NO INSCRITA EN RM,balances_2013_1.txt,NIIF_jerarquico,44,87310.79,25619.47,61691.32,0.0,0.0,12609.98,-12609.98,-12609.98,1,-0.0
2013,64976,1391779801001,EMPACADORA ALKRISTO DEL MAR S.A. EMPALMAR,A0311.01,A0311.01,Armadores / pesca marítima,MANTA,MANTA,ACTIVA,balances_2013_1.txt,NIIF_jerarquico,91,1984724.3,1860879.89,123844.41,3216441.3,3216441.3,3175882.67,40558.63,26890.38,1,0.0
2013,70242,0991285571001,OLIMAR S.A.,C1020.01,C1020.01,Industria: elaboración y conservación de pescado,MANTA,MANTA,DISOLUCIÓN Y LIQUIDACIÓN OFICIO INSCRITA EN RM,balances_2013_1.txt,NIIF_jerarquico,99,4722701.27,3103968.29,1618732.98,14559104.95,14559104.95,14297371.01,261733.94,154995.38,1,-0.0
2013,7027,1390050352001,CONSERVAS ISABEL ECUATORIANA S.A.,C1020.02,C1020.02,Industria: elaboración y conservación de pescado,MANTA,MANTA,ACTIVA,balances_2013_1.txt,NIIF_jerarquico,145,95596028.0,55042605.0,40553423.0,156102605.0,156279659.0,151012275.0,5267384.0,3262708.0,1,0.0
2013,72073,0991313788001,ASISERVY S.A.,C1020.02,C1020.02,Industria: elaboración y conservación de pescado,JARAMIJÓ,JARAMIJÓ,ACTIVA,balances_2013_1.txt,NIIF_jerarquico,154,40087803.7,23640570.31,16447233.39,41153329.1,41833719.61,39922456.5,1911263.11,1174895.53,1,0.0
2013,72096,0991316531001,AGROL S.A.,A0311.01,A0311.01,Armadores / pesca marítima,MANTA,MANTA,ACTIVA,balances_2013_1.txt,NIIF_jerarquico,92,8280101.38,4094383.38,4185718.0,15262060.34,15262060.34,15140555.139999999,121505.2,-45157.29,1,0.0
2013,79132,0991417117001,MARMONTESAN S.A.,A0311.01,A0311.01,Armadores / pesca marítima,MONTECRISTI,MONTECRISTI,ACTIVA,balances_2013_1.txt,NIIF_jerarquico,70,248270.25,151116.91,97153.34,541194.32,541194.32,537030.6499999999,4163.67,2760.51,1,0.0
2013,83238,0991469095001,TADEL S.A.,C1020.05,C1020.05,Industria: elaboración y conservación de pescado,JARAMIJÓ,JARAMIJÓ,ACTIVA,balances_2013_1.txt,NIIF_jerarquico,124,19127449.0,5804665.72,13322783.28,27721123.62,27838875.34,22762580.7,5076294.64,3258827.08,1,0.0
2013,95584,1391738803001,EYCO S.A.,A0311.01,A0311.01,Armadores / pesca marítima,MANTA,MANTA,ACTIVA,balances_2013_1.txt,NIIF_jerarquico,71,125618.01,95627.49,29990.52,460467.09,460467.09,445134.12,15332.97,15332.97,1,-0.0
2013,95604,1391739524001,PROHAPEZ MANTA S.A.,A0311.01,A0311.01,Armadores / pesca marítima,MONTECRISTI,MONTECRISTI,ACTIVA,balances_2013_1.txt,NIIF_jerarquico,11,2100.0,0.0,2100.0,0.0,0.0,0.0,0.0,0.0,1,0.0
2013,95611,0992471557001,EMPROPESCA S.A.,A0311.01,A0311.01,Armadores / pesca marítima,MANTA,MANTA,ACTIVA,balances_2013_1.txt,NIIF_jerarquico,36,759859.32,759163.87,695.45,0.0,0.0,104.55,-104.55,-104.55,1,-0.0
2013,95657,1391740433001,COMERCIALIZADORA DE PRODUCTOS DEL MAR SINAI S. A.,A0311.01,A0311.01,Armadores / pesca marítima,MONTECRISTI,MONTECRISTI,ACTIVA,balances_2013_1.txt,NIIF_jerarquico,34,1288.31,0.0,1288.31,9328.2,9328.2,8439.89,888.31,888.31,1,0.0
2013,95697,1391742150001,ACQUITERMI S.A.,A0311.01,A0311.01,Armadores / pesca marítima,MONTECRISTI,MONTECRISTI,DISOLUCIÓN Y LIQUIDACIÓN OFICIO INSCRITA EN RM,balances_2013_1.txt,NIIF_jerarquico,100,1783538.89,1417059.18,366479.71,3660367.59,3660374.54,3549364.35,111010.19,70975.92,1,-0.0
2013,95714,1391742053001,DISTRIBUIDORA FLIPPER S.A.,A0311.01,A0311.01,Armadores / pesca marítima,MANTA,MANTA,DISOLUCIÓN Y LIQUIDACIÓN OFICIO INSCRITA EN RM,balances_2013_1.txt,NIIF_jerarquico,106,962609.0,695224.43,267384.57,6275060.67,6275060.67,6124427.16,150633.51,125202.71,1,-0.0
2013,95725,1391742320001,TUNIDOS DEL PACIFICO S.A.,C1020.02,C1020.02,Industria: elaboración y conservación de pescado,MANTA,MANTA,DISOLUCIÓN Y LIQUIDACIÓN OFICIO INSCRITA EN RM,balances_2013_1.txt,NIIF_jerarquico,37,195608.14,105049.43,90558.71,25597.2,25597.2,28212.33,-2615.13,-2615.13,1,0.0
2013,95806,1391744064001,PESPESCA S.A.,C1020.07,C1020.07,Industria: elaboración y conservación de pescado,MONTECRISTI,MONTECRISTI,ACTIVA,balances_2013_1.txt,NIIF_jerarquico,125,26876819.48,16432306.45,10444513.03,42562462.31,42581668.82,42269110.43,312558.39,37456.59,1,0.0
2013,95871,1391744943001,AMATXU MARIA LUISA CIA. LTDA.,A0311.01,A0311.01,Armadores / pesca marítima,MANTA,MANTA,ACTIVA,balances_2013_1.txt,NIIF_jerarquico,6,400.0,0.0,400.0,0.0,0.0,0.0,0.0,0.0,1,0.0
2013,95900,1391745656001,OCEAN FARM S.A.,A0311.01,A0311.01,Armadores / pesca marítima,MANTA,MANTA,ACTIVA,balances_2013_1.txt,NIIF_jerarquico,75,1177680.29,720066.67,457613.62,160702.7,160712.77000000002,157702.38999999998,3010.38,-2307.18,1,0.0
2013,95926,1391746830001,FRESH FISH DEL ECUADOR CIA. LTDA.,A0311.01,A0311.01,Armadores / pesca marítima,MANTA,MANTA,ACTIVA,balances_2013_1.txt,NIIF_jerarquico,118,7965315.88,5518129.73,2447186.15,7583447.0,7583447.0,6950275.3100000005,633171.69,441438.83,1,-0.0
2013,95993,1391747314001,INDUSTRIAS DE PRODUCTOS DEL MAR S.A. IDELMAR,A0311.01,A0311.01,Armadores / pesca marítima,MANTA,MANTA,ACTIVA,balances_2013_1.txt,NIIF_jerarquico,83,2801787.94,1789597.67,1012190.27,2353050.66,2353768.27,2204387.4,149380.87,54131.27,1,0.0
2013,96020,1391748027001,DELIPESCA S.A.,A0311.01,A0311.01,Armadores / pesca marítima,MANTA,MANTA,ACTIVA,balances_2013_1.txt,NIIF_jerarquico,69,17936115.58,11106612.71,6829502.87,16366200.87,16366200.87,17933012.33,-1566811.46,-1566811.46,1,-0.0
2013,96128,1391750811001,ISIMARE S.A.,A0311.01,A0311.01,Armadores / pesca marítima,JARAMIJÓ,JARAMIJÓ,ACTIVA,balances_2013_1.txt,NIIF_jerarquico,67,928766.66,732968.79,195797.87,595184.85,595184.85,591834.17,3350.68,3350.68,1,0.0
2013,96213,1391753071001,EUROTUNA S.A.,A0311.01,A0311.01,Armadores / pesca marítima,MANTA,MANTA,ACTIVA,balances_2013_1.txt,NIIF_jerarquico,10,1225.5,425.5,800.0,0.0,0.0,0.0,0.0,0.0,1,0.0
2013,96216,1391752377001,MARINE PROTEIN MARPROT S.A.,A0311.01,A0311.01,Armadores / pesca marítima,MONTECRISTI,MONTECRISTI,ACTIVA,balances_2013_1.txt,NIIF_jerarquico,104,2339561.8,3118565.72,-779003.92,1613796.26,1841783.33,2250802.59,-409019.26,-428505.59,1,-0.0
2013,96218,1391752822001,MARCARIBE S.A.,A0311.01,A0311.01,Armadores / pesca marítima,MANTA,MANTA,ACTIVA,balances_2013_1.txt,NIIF_jerarquico,31,1542.64,670.38,872.26,4329.71,4329.71,4237.07,92.64,72.26,1,0.0
2013,96265,1391753233001,TECNIMAR CIA. LTDA.,A0311.01,A0311.01,Armadores / pesca marítima,MANTA,MANTA,ACTIVA,balances_2013_1.txt,NIIF_jerarquico,7,2000.0,0.0,2000.0,0.0,0.0,0.0,0.0,0.0,1,0.0
2013,99022,0991520767001,GALDECUN S.A.,C1020.06,C1020.06,Industria: elaboración y conservación de pescado,JARAMIJÓ,JARAMIJÓ,ACTIVA,balances_2013_1.txt,NIIF_jerarquico,91,5645011.07,4238635.48,1406375.59,6050827.0,6050827.0,5871406.37,179420.63,103105.16,1,-0.0
2014,100223,1391782926001,ALIMENTOS DEL MAR MARFOODSA S.A.,A0311.01,A0311.01,Armadores / pesca marítima,JARAMIJÓ,JARAMIJÓ,ACTIVA,balances_2014_2.txt,casilleros,52,570490.65,191212.44,379278.21,,42359.91,,,546.98,1,0.0
2014,10060,1390021646001,PESPACA PESQUERA DEL PACIFICO CA,C1020.02,C1020.02,Industria: elaboración y conservación de pescado,MANTA,MANTA,ACTIVA,balances_2014_2.txt,casilleros,58,2455479.91,2250106.84,205373.07,,500308.69,,,-55472.88,1,0.0
2014,109262,0992262427001,GEOPAXI S.A.,A0311.01,A0311.01,Armadores / pesca marítima,MANTA,MANTA,DISOLUCIÓN Y LIQUIDACIÓN OFICIO INSCRITA EN RM,balances_2014_2.txt,casilleros,94,32893938.4,15152347.2,17741591.2,,13761525.35,,,-5998284.21,1,0.0
2014,111848,0992299231001,ELVAYKA KYOEI S.A.,A0311.01,A0311.01,Armadores / pesca marítima,MANTA,MANTA,ACTIVA,balances_2014_2.txt,casilleros,106,40437746.5,22408227.3,18029519.2,,16062198.700000001,,,668904.63,1,0.0
2014,114130,0992331283001,XUK S.A.,A0311.01,A0311.01,Armadores / pesca marítima,JARAMIJÓ,JARAMIJÓ,ACTIVA,balances_2014_2.txt,casilleros,92,3684360.49,2337456.65,1346903.84,,2712342.84,,,9878.24,1,0.0
2014,115653,0992354186001,TUNAEXPORT S.A.S.,A0311.01,A0311.01,Armadores / pesca marítima,MANTA,MANTA,ACTIVA,balances_2014_2.txt,casilleros,82,8549877.2,3938901.08,4610976.12,,2270518.77,,,52686.54,1,-0.0
2014,11733,1390013643001,INDUSTRIA DE ENLATADOS ALIMENTICIOS CIA LTDA IDEAL,C1020.02,C1020.02,Industria: elaboración y conservación de pescado,MONTECRISTI,MONTECRISTI,DISOLUCIÓN Y LIQUIDACIÓN OFICIO INSCRITA EN RM,balances_2014_2.txt,casilleros,143,55700798.6,38549961.0,17150837.6,,27816746.690000005,,,195851.29,1,0.0
2014,12582,1390034063001,EMPRESA DEL MAR CIA LTDA,A0311.01,A0311.01,Armadores / pesca marítima,MANTA,MANTA,ACTIVA,balances_2014_2.txt,casilleros,66,598985.8,149464.38,449521.42,,370141.5,,,783.15,1,0.0
2014,126601,0992505621001,SUNSTAR S.A.,A0311.01,A0311.01,Armadores / pesca marítima,MANTA,MANTA,ACTIVA,balances_2014_2.txt,casilleros,59,336304.01,332205.05,4098.96,,217645.58,,,156.37,1,0.0
2014,128384,0992530332001,ASTILLERO ESPERANZA DEL MAR C.A. ASTIESMAR,A0311.01,A0311.01,Armadores / pesca marítima,JARAMIJÓ,JARAMIJÓ,ACTIVA,balances_2014_2.txt,casilleros,112,14930491.3,11010331.1,3920160.18,,3141835.55,,,35348.69,1,0.02
2014,134444,0992623284001,POKINCI S.A.,C1020.02,C1020.02,Industria: elaboración y conservación de pescado,JARAMIJÓ,JARAMIJÓ,ACTIVA,balances_2014_2.txt,casilleros,7,800.0,0.0,800.0,,0.0,,,0.0,1,0.0
2014,137966,1391785003001,COMERCIALIZADORA TONINO SEA FOOD S.A. COMTOSEAFOOD,A0311.01,A0311.01,Armadores / pesca marítima,MANTA,MANTA,ACTIVA,balances_2014_2.txt,casilleros,43,74288.16,43671.61,30616.55,,70194.79000000001,,,707.89,1,0.0
2014,139001,1391785402001,PESQUERA MONTECRISTI S.A. PESQUEMONSA,A0311.01,A0311.01,Armadores / pesca marítima,MANTA,MANTA,ACTIVA,balances_2014_2.txt,casilleros,52,4335091.33,4313866.48,21224.85,,539254.51,,,-18785.41,1,-0.0
2014,139004,1391799101001,PUERTOMAR S.A.,A0311.03,A0311.03,Armadores / pesca marítima,JARAMIJÓ,JARAMIJÓ,ACTIVA,balances_2014_2.txt,casilleros,33,68923.18,50551.45,18371.73,,200000.0,,,0.0,1,-0.0
2014,141044,1391790619001,FULL MOON ECUADOR FULMEC S.A.,A0311.01,A0311.01,Armadores / pesca marítima,MANTA,MANTA,ACTIVA,balances_2014_2.txt,casilleros,8,1919.42,0.0,1919.42,,0.0,,,0.0,1,0.0
2014,141596,1391788185001,COVEROSA S.A.,A0311.01,A0311.01,Armadores / pesca marítima,MANTA,MANTA,ACTIVA,balances_2014_2.txt,casilleros,72,461649.2,244085.34,217563.86,,2846946.29,,,50264.7,1,0.0
2014,143146,1391789629001,ACUIRÍA S.A.,C1020.01,C1020.01,Industria: elaboración y conservación de pescado,MANTA,MANTA,DISOLUCIÓN Y LIQUIDACIÓN OFICIO INSCRITA EN RM,balances_2014_2.txt,casilleros,54,178598.86,146617.97,31980.89,,324599.71,,,21255.45,1,-0.0
2014,143165,1391790589001,ACUICOLA Y PISCICOLA LA ISLA S.A. ACUISLA,A0311.01,A0311.01,Armadores / pesca marítima,MANTA,MANTA,ACTIVA,balances_2014_2.txt,casilleros,68,232700.01,162594.63,70105.38,,486980.73,,,35583.73,1,0.0
2014,143486,1391790104001,ATUN ESTRIBELA S.A.,A0311.03,A0311.03,Armadores / pesca marítima,MANTA,MANTA,DISOLUCIÓN Y LIQUIDACIÓN OFICIO NO INSCRITA EN RM,balances_2014_2.txt,casilleros,118,17487134.7,10701969.2,6785165.42,,4777255.83,,,-2318132.37,1,0.08
2014,143580,1391790260001,OSAKAFISH S.A.,A0311.01,A0311.01,Armadores / pesca marítima,MANTA,MANTA,DISOLUCIÓN Y LIQUIDACIÓN OFICIO INSCRITA EN RM,balances_2014_7.txt,casilleros,37,163463.75,159092.34,4371.41,0.0,29705.06,23495.47,6209.59,3371.41,1,0.0
2014,143702,1391790279001,AGRICOLA Y PISCICOLA SUSSMANN DELGADO AGROSUSSDEL S.A.,A0311.01,A0311.01,Armadores / pesca marítima,MANTA,MANTA,ACTIVA,balances_2014_2.txt,casilleros,12,0.0,0.0,0.0,,1000.0,,,0.0,1,0.0
2014,143706,1391790287001,PESQUERA ATUNES DEL PACIFICO S.A. ''ATUNPACIFICOSA'',A0311.03,A0311.03,Armadores / pesca marítima,MANTA,MANTA,ACTIVA,balances_2014_2.txt,casilleros,86,32721577.7,10505441.2,22216136.5,,16958251.01,,,-305456.87,1,0.0
2014,144167,1391791488001,GRUPO DEGFER CIA. LTDA.,A0311.01,A0311.01,Armadores / pesca marítima,JARAMIJÓ,JARAMIJÓ,ACTIVA,balances_2014_2.txt,casilleros,16,78725.04,58725.04,20000.0,,0.0,,,0.0,1,-0.0
2014,144336,1391791097001,PESCADOS Y MARISCOS DEL PACIFICO S.A. PESMARPAC,A0311.01,A0311.01,Armadores / pesca marítima,JARAMIJÓ,JARAMIJÓ,ACTIVA,balances_2014_2.txt,casilleros,94,995713.83,637442.51,358271.32,,4919251.96,,,4265.89,1,-0.0
2014,144480,1391791178001,ALETAMARILLA S.A.,A0311.01,A0311.01,Armadores / pesca marítima,MANTA,MANTA,ACTIVA,balances_2014_2.txt,casilleros,67,4222369.29,657989.37,3564379.92,,2326943.8600000003,,,58525.84,1,0.0
2014,144740,1391799624001,LOGISTICA INTERNACIONAL LOGISINSA S.A.,A0311.01,A0311.01,Armadores / pesca marítima,MANTA,MANTA,ACTIVA,balances_2014_2.txt,casilleros,7,800.0,0.0,800.0,,0.0,,,0.0,1,0.0
2014,145016,1391791895001,INDUSTRIAL PESQUERA DEL PACIFICO S.A. INPESPA,A0311.01,A0311.01,Armadores / pesca marítima,MANTA,MANTA,ACTIVA,balances_2014_2.txt,casilleros,64,171222.0,158802.54,12419.46,,602552.75,,,4392.89,1,-0.0
2014,145888,1391793308001,PESFRESCO S.A.,A0311.01,A0311.01,Armadores / pesca marítima,MANTA,MANTA,ACTIVA,balances_2014_2.txt,casilleros,59,128187.73,74093.87,54093.86,,362112.52,,,8409.83,1,0.0
2014,145894,1391793065001,EMPACADORA DE MARISCOS ECUAMARISC CIA. LTDA.,A0311.01,A0311.01,Armadores / pesca marítima,MANTA,MANTA,ACTIVA,balances_2014_7.txt,casilleros,33,548495.17,553676.97,5181.8,0.0,1063144.13,1068725.93,-5581.8,-5581.8,1,-10363.6
2014,146215,1391792999001,SARDINAS DEL PACIFICO S.A. SARDIPAC,A0311.01,A0311.01,Armadores / pesca marítima,JARAMIJÓ,JARAMIJÓ,ACTIVA,balances_2014_2.txt,casilleros,116,5711381.6,6219718.64,-508337.04,,2851145.1799999997,,,20476.17,1,-0.0
2014,146541,1391793405001,ASOCIACION DE PESCA EXPORTABLE ASOPESEX C.A.,A0311.01,A0311.01,Armadores / pesca marítima,MANTA,MANTA,ACTIVA,balances_2014_2.txt,casilleros,66,105867.62,101513.48,4354.14,,453224.85,,,2154.14,1,-0.0
2014,146715,1391793731001,VIDA MARINA VIMARINA CIA. LTDA.,C1020.04,C1020.04,Industria: elaboración y conservación de pescado,MANTA,MANTA,ACTIVA,balances_2014_2.txt,casilleros,78,377501.67,106150.87,271350.8,,446149.76,,,5093.56,1,0.0
2014,146994,1391793960001,PD-PESCA S.A.,A0311.01,A0311.01,Armadores / pesca marítima,JARAMIJÓ,JARAMIJÓ,ACTIVA,balances_2014_2.txt,casilleros,82,886340.71,230266.5,656074.21,,1107701.0,,,70504.76,1,0.0
2014,148246,1391798040001,OCEAN AMERICA FOOD S.A. OCEAMERSA,C1020.02,C1020.02,Industria: elaboración y conservación de pescado,MANTA,MANTA,DISOLUCIÓN Y LIQUIDACIÓN DE PLENO DERECHO INSC. RM,balances_2014_2.txt,casilleros,25,1264.7,0.0,1264.7,,24600.0,,,464.7,1,0.0
2014,148632,1391796056001,INTERATLANTIC S.A.,A0311.01,A0311.01,Armadores / pesca marítima,MANTA,MANTA,ACTIVA,balances_2014_2.txt,casilleros,41,30007.85,16626.06,13381.79,,26563.18,,,881.79,1,-0.0
2014,149717,1391797672001,FERPIL'S S.A.,A0311.01,A0311.01,Armadores / pesca marítima,MANTA,MANTA,ACTIVA,balances_2014_2.txt,casilleros,3,0.0,0.0,0.0,,0.0,,,0.0,1,0.0
2014,164355,1391797958001,PRODUMAN ECUADOR CIA. LTDA.,A0311.01,A0311.01,Armadores / pesca marítima,MANTA,MANTA,ACTIVA,balances_2014_2.txt,casilleros,28,844.33,100.67,743.66,,2627.0,,,450.06,1,0.0
2014,165483,1391798814001,MARPACIFICO CIA. LTDA.,A0311.01,A0311.01,Armadores / pesca marítima,JARAMIJÓ,JARAMIJÓ,DISOLUCIÓN Y LIQUIDACIÓ DE PLENO DERECHO NO INS RM,balances_2014_2.txt,casilleros,23,5534.85,0.0,5534.85,,43568.0,,,-4771.66,1,0.0
2014,166157,1391800290001,COMERCIALIZADORA DE PRODUCTOS PESQUEROS S.A. COMPROPEZ,A0311.01,A0311.01,Armadores / pesca marítima,JARAMIJÓ,JARAMIJÓ,ACTIVA,balances_2014_2.txt,casilleros,60,138042.44,122489.6,15552.84,,887643.37,,,-10210.97,1,-0.0
2014,166188,1391799713001,FRIGORIFICO Y LABORATORIO DE PESCA FRILABPESCA S.A.,A0311.01,A0311.01,Armadores / pesca marítima,MANTA,MANTA,ACTIVA,balances_2014_2.txt,casilleros,14,800.0,0.0,800.0,,0.0,,,0.0,1,0.0
2014,166190,1391799748001,TECNICA DE LA MARICULTURA S.A. TECNIMARSA,A0311.01,A0311.01,Armadores / pesca marítima,MANTA,MANTA,ACTIVA,balances_2014_2.txt,casilleros,20,38869.72,16127.35,22742.37,,0.0,,,0.0,1,0.0
2014,166486,1391800568001,ECUAOCEAN S.A.,A0311.01,A0311.01,Armadores / pesca marítima,MANTA,MANTA,ACTIVA,balances_2014_2.txt,casilleros,7,1000.0,0.0,1000.0,,0.0,,,0.0,1,0.0
2014,166831,1391800517001,PRODUCTOS DEL REY S.A. PRODUCTREY,A0311.01,A0311.01,Armadores / pesca marítima,MANTA,MANTA,DISOLUCIÓN Y LIQUIDACIÓN OFICIO INSCRITA EN RM,balances_2014_2.txt,casilleros,25,1617818.31,991863.39,625954.92,,0.0,,,0.0,1,0.0
2014,169148,1391804229001,NAUTICAL MASTERS ECUADOR S.A. NAUTIMASTER,A0311.01,A0311.01,Armadores / pesca marítima,MANTA,MANTA,DISOLUCIÓN Y LIQUIDACIÓN DE PLENO DERECHO INSC. RM,balances_2014_2.txt,casilleros,1,0.0,0.0,0.0,,0.0,,,0.0,1,0.0
2014,169235,1391803850001,MARPESCA ECUADOR S.A.,A0311.01,A0311.01,Armadores / pesca marítima,MONTECRISTI,MONTECRISTI,ACTIVA,balances_2014_2.txt,casilleros,42,109011.53,82035.86,26975.67,,53846.02,,,1975.67,1,0.0
2014,169323,1391804083001,PESDEMAR S.A.,A0311.01,A0311.01,Armadores / pesca marítima,MANTA,MANTA,ACTIVA,balances_2014_2.txt,casilleros,40,76248.77,23714.85,52533.92,,994049.16,,,34681.56,1,0.0
2014,170154,1391805691001,MARITMA ECUATORIAL S.A. ECUAMARITIMA,A0311.01,A0311.01,Armadores / pesca marítima,MANTA,MANTA,DISOLUCIÓN Y LIQUIDACIÓN OFICIO NO INSCRITA EN RM,balances_2014_2.txt,casilleros,74,3957370.33,3891147.14,66223.19,,439218.99,,,50132.05,1,-0.0
2014,170293,1391805381001,BRISATUN S.A.,A0311.01,A0311.01,Armadores / pesca marítima,MANTA,MANTA,DISOLUCIÓN Y LIQUIDACIÓN OFICIO INSCRITA EN RM,balances_2014_2.txt,casilleros,70,9114526.88,8235587.16,878939.72,,4476966.02,,,781991.09,1,0.0
2014,170806,1391806000001,FLOSERPESCA S.A.,C1020.02,C1020.02,Industria: elaboración y conservación de pescado,MANTA,MANTA,ACTIVA,balances_2014_2.txt,casilleros,30,40107.07,12220.87,27886.2,,683959.9,,,21144.21,1,-0.0
2014,171323,1391806426001,CABOMARFISH S.A.,A0311.03,A0311.03,Armadores / pesca marítima,MANTA,MANTA,DISOLUCIÓN Y LIQUIDACIÓN DE PLENO DERECHO INSC. RM,balances_2014_2.txt,casilleros,7,800.0,0.0,800.0,,0.0,,,0.0,1,0.0
2014,171950,1391807651001,MONMIFISH S.A.,A0311.01,A0311.01,Armadores / pesca marítima,MANTA,MANTA,ACTIVA,balances_2014_2.txt,casilleros,66,105308.86,83561.15,21747.71,,4756753.88,,,11430.34,1,0.0
2014,172315,1391807627001,COMPAÑÍA AL MAR PESCA ALMARPEZ S.A.,A0311.01,A0311.01,Armadores / pesca marítima,MANTA,MANTA,ACTIVA,balances_2014_2.txt,casilleros,59,916572.97,909563.22,7009.75,,661143.21,,,3608.78,1,0.0
2014,172429,1391807929001,MANJARES DEL MAR S.A. MANJAMAR,A0311.01,A0311.01,Armadores / pesca marítima,JARAMIJÓ,JARAMIJÓ,DISOLUCIÓN Y LIQUIDACIÓ DE PLENO DERECHO NO INS RM,balances_2014_2.txt,casilleros,24,455632.45,355632.45,100000.0,,2145.3,,,0.0,1,0.0
2014,172449,1391807902001,PROCOPROMAR CIA. LTDA.,A0311.01,A0311.01,Armadores / pesca marítima,MANTA,MANTA,DISOLUCIÓN Y LIQUIDACIÓN OFICIO INSCRITA EN RM,balances_2014_2.txt,casilleros,55,198119.51,187388.85,10730.66,,2816504.96,,,9730.66,1,0.0
2014,172770,1391808143001,PRODUCTOS DEL MAR PROMARIT S.A.,C1020.07,C1020.07,Industria: elaboración y conservación de pescado,MANTA,MANTA,ACTIVA,balances_2014_2.txt,casilleros,7,800.0,0.0,800.0,,0.0,,,0.0,1,0.0
2014,173162,1391808690001,CULTIVO DE PECES S.A. CULTIPESCA,C1020.07,C1020.07,Industria: elaboración y conservación de pescado,MANTA,MANTA,ACTIVA,balances_2014_2.txt,casilleros,19,15810.56,13310.56,2500.0,,0.0,,,0.0,1,0.0
2014,173324,1391809522001,V&BFISH S.A.,A0311.01,A0311.01,Armadores / pesca marítima,MANTA,MANTA,ACTIVA,balances_2014_2.txt,casilleros,40,441395.95,437924.24,3471.71,,2524217.98,,,1471.71,1,0.0
2014,173680,1391809336001,VERTIPEZ S.A.,A0311.01,A0311.01,Armadores / pesca marítima,MANTA,MANTA,DISOLUCIÓN Y LIQUIDACIÓN DE PLENO DERECHO INSC. RM,balances_2014_2.txt,casilleros,34,45828.93,9979.34,35849.59,,1631958.73,,,56549.59,1,0.0
2014,17663,1390097677001,MARDEX MARISCOS DE EXPORTACION S.A.,A0311.01,A0311.01,Armadores / pesca marítima,MANTA,MANTA,DISOLUCIÓN Y LIQUIDACIÓN OFICIO INSCRITA EN RM,balances_2014_2.txt,casilleros,132,8953479.85,6012645.42,2940834.43,,13063687.19,,,-110689.83,1,-0.0
2014,176832,1391814968001,BLAUFISH CIA. LTDA.,A0311.01,A0311.01,Armadores / pesca marítima,MANTA,MANTA,ACTIVA,balances_2014_2.txt,casilleros,1,0.0,0.0,0.0,,0.0,,,0.0,1,0.0
2014,176961,1391814992001,"NAMAFRU NATURAL, MARISCO Y FRUTAS S.A.S.",A0311.01,A0311.01,Armadores / pesca marítima,JARAMIJÓ,JARAMIJÓ,ACTIVA,balances_2014_2.txt,casilleros,7,12500.0,0.0,12500.0,,0.0,,,0.0,1,0.0
2014,177304,1391815239001,EMPACADORA FRIPEZ S.A.,A0311.01,A0311.01,Armadores / pesca marítima,MANTA,MANTA,ACTIVA,balances_2014_6.txt,NIIF_jerarquico,74,241674.23,236399.81,5274.42,514440.3,514440.3,507691.55000000005,6748.75,4026.98,1,0.0
2014,178208,1391817371001,OCEAN KEY S.A. OCEANMANTA,A0311.01,A0311.01,Armadores / pesca marítima,MANTA,MANTA,ACTIVA,balances_2014_2.txt,casilleros,17,1000.0,354.0,646.0,,0.0,,,-354.0,1,0.0
2014,179101,1391817320001,BOTE MIMORENITA4 S.A.,A0311.01,A0311.01,Armadores / pesca marítima,MANTA,MANTA,ACTIVA,balances_2014_2.txt,casilleros,7,2000.0,0.0,2000.0,,0.0,,,0.0,1,0.0
2014,179519,1391817789001,CAMARONERA DEL PACIFICO S.A. PACIFCAM,A0311.01,A0311.01,Armadores / pesca marítima,MANTA,MANTA,ACTIVA,balances_2014_2.txt,casilleros,47,127646.21,115239.35,12406.86,,70000.0,,,11406.86,1,0.0
2014,179709,1391818254001,PROMAREC S.A.,C1020.02,C1020.02,Industria: elaboración y conservación de pescado,MANTA,MANTA,DISOLUCIÓN Y LIQUIDACIÓN OFICIO INSCRITA EN RM,balances_2014_2.txt,casilleros,42,47864.88,37595.55,10269.33,,254662.31,,,9269.33,1,-0.0
2014,180003,1391818343001,TUNA FISHING COMPANY ECUADOR TUFICOM C. LTDA.,A0311.01,A0311.01,Armadores / pesca marítima,MANTA,MANTA,DISOLUCIÓN Y LIQUIDACIÓN OFICIO INSCRITA EN RM,balances_2014_2.txt,casilleros,1,0.0,0.0,0.0,,0.0,,,0.0,1,0.0
2014,180892,1391819129001,CONSERVERATROPICAL CIA. LTDA.,C1020.02,C1020.02,Industria: elaboración y conservación de pescado,MANTA,MANTA,ACTIVA,balances_2014_5.txt,casilleros,49,94362.49,23047.62,71314.87,,717744.0,664519.91,53224.09,38630.38,1,0.0
2014,182073,1391821174001,ECUFISH S.A.,A0311.03,A0311.03,Armadores / pesca marítima,MONTECRISTI,MONTECRISTI,DISOLUCIÓN Y LIQUIDACIÓN OFICIO NO INSCRITA EN RM,balances_2014_2.txt,casilleros,9,800.0,0.0,800.0,,0.0,,,0.0,1,0.0
2014,182522,1391820992001,BLAUFISHPORT CIA.LTDA.,A0311.03,A0311.03,Armadores / pesca marítima,MANTA,MANTA,DISOLUCIÓN Y LIQUIDACIÓN DE PLENO DERECHO INSC. RM,balances_2014_2.txt,casilleros,1,0.0,0.0,0.0,,0.0,,,0.0,1,0.0
2014,18528,1790943178001,PRODUCTOS DEL MAR Y SABORES NACIONALES PROMARSAN CIA. LTDA.,C1020.04,C1020.04,Industria: elaboración y conservación de pescado,JARAMIJÓ,JARAMIJÓ,ACTIVA,balances_2014_2.txt,casilleros,112,1270211.38,606158.97,664052.41,,1483175.9600000002,,,23560.48,1,-0.0
2014,19582,1390073891001,TRANSMARINA CA,A0311.03,A0311.03,Armadores / pesca marítima,MONTECRISTI,MONTECRISTI,ACTIVA,balances_2014_2.txt,casilleros,138,39703792.6,26077473.0,13626319.6,,28373730.580000002,,,-311381.9,1,0.0
2014,205129,1391765770001,EMPACADORA MADEZA S.A.,C1020.02,C1020.02,Industria: elaboración y conservación de pescado,MANTA,MANTA,ACTIVA,balances_2014_2.txt,casilleros,86,272413.66,250191.76,22221.9,,332569.57,,,33065.66,1,-0.0
2014,205167,1391766793001,POLARISPESCA S.A.,A0311.01,A0311.01,Armadores / pesca marítima,MANTA,MANTA,ACTIVA,balances_2014_2.txt,casilleros,80,2511014.11,1618647.97,892366.14,,2306111.1,,,26791.35,1,-0.0
2014,205205,1391767943001,ALHO FISH S.A.,A0311.01,A0311.01,Armadores / pesca marítima,MANTA,MANTA,ACTIVA,balances_2014_2.txt,casilleros,7,800.0,0.0,800.0,,0.0,,,0.0,1,0.0
2014,205233,1391768567001,TXOPITUNA ECUADOR CIA. LTDA.,A0311.03,A0311.03,Armadores / pesca marítima,MANTA,MANTA,ACTIVA,balances_2014_2.txt,casilleros,108,11176194.1,8692661.74,2483532.32,,8939252.98,,,-338176.93,1,0.04
2014,25440,0990555761001,PESDEL S.A.,A0311.01,A0311.01,Armadores / pesca marítima,JARAMIJÓ,JARAMIJÓ,ACTIVA,balances_2014_2.txt,casilleros,125,29613837.1,15246930.3,14366906.8,,4481197.3,,,-2266901.35,1,0.0
2014,34175,1390141692001,EMPACADORA BILBO S.A. BILBOSA,C1020.01,C1020.01,Industria: elaboración y conservación de pescado,MANTA,MANTA,ACTIVA,balances_2014_1.txt,NIIF_jerarquico,154,17500249.07,10969470.85,6530778.22,27879614.77,27879614.77,25459315.01,2420299.76,1597974.88,1,0.0
2014,34292,1390144039001,PESCADO FRESCO DE EXPORTACION PEFREXPORT S.A.,C1020.04,C1020.04,Industria: elaboración y conservación de pescado,MANTA,MANTA,ACTIVA,balances_2014_2.txt,casilleros,56,2977431.76,429534.37,2547897.39,,69250.0,,,-17685.16,1,-0.0
2014,34328,1390145493001,FISHCORP S.A.,A0311.01,A0311.01,Armadores / pesca marítima,JARAMIJÓ,JARAMIJÓ,ACTIVA,balances_2014_2.txt,casilleros,86,12698002.8,7769770.99,4928231.76,,6814252.02,,,135732.09,1,0.05
2014,34346,1390145957001,PESQUERA PERALTA SOCIEDAD ANONIMA PESPERALTA,A0311.01,A0311.01,Armadores / pesca marítima,MANTA,MANTA,ACTIVA,balances_2014_5.txt,casilleros,13,800.0,0.0,800.0,,0.0,0.0,0.0,0.0,1,0.0
2014,34388,1390147186001,MARBELIZE S.A.,C1020.04,C1020.04,Industria: elaboración y conservación de pescado,JARAMIJÓ,JARAMIJÓ,ACTIVA,balances_2014_2.txt,casilleros,164,60848930.1,46607841.9,14241088.2,,96822090.85,,,-2476708.49,1,0.0
2014,34420,1390148212001,MANABITA DE COMERCIO S.A. MANCORSACOM,C1020.04,C1020.04,Industria: elaboración y conservación de pescado,JARAMIJÓ,JARAMIJÓ,ACTIVA,balances_2014_2.txt,casilleros,125,9328772.5,1668574.86,7660197.64,,11441013.98,,,2489277.28,1,0.0
2014,34442,1390149154001,SHELLFISH S.A.,A0311.01,A0311.01,Armadores / pesca marítima,MANTA,MANTA,ACTIVA,balances_2014_2.txt,casilleros,63,1195049.42,535860.91,659188.51,,1373007.72,,,0.0,1,-0.0
2014,34449,1390149219001,EUROFISH S.A.,C1020.04,C1020.04,Industria: elaboración y conservación de pescado,MONTECRISTI,MONTECRISTI,ACTIVA,balances_2014_1.txt,NIIF_jerarquico,161,83561494.52,51229873.9,32331620.62,132373203.54,134162865.84,126122912.51,8039953.33,5643549.89,1,-0.0
2014,34453,1390149316001,MADEPACIF S.A.,C1020.02,C1020.02,Industria: elaboración y conservación de pescado,MANTA,MANTA,DISOLUCIÓN Y LIQUIDACIÓN OFICIO INSCRITA EN RM,balances_2014_2.txt,casilleros,80,729858.9,722037.15,7821.75,,3858380.92,,,58220.8,1,0.0
2014,34521,1391700776001,TECNICA Y COMERCIO DE LA PESCA C.A. TECOPESCA,A0311.01,A0311.01,Armadores / pesca marítima,JARAMIJÓ,JARAMIJÓ,ACTIVA,balances_2014_1.txt,NIIF_jerarquico,171,109979250.59,74580099.66,35399150.93,158358906.93,159620687.19,146340660.10999998,13280027.08,8486296.73,1,0.0
2014,34525,1391700830001,"MANACRIPEX CIA. LTDA. MANABITA DE CRIA , PESCA Y EXPORTACION",A0311.03,A0311.03,Armadores / pesca marítima,JARAMIJÓ,JARAMIJÓ,ACTIVA,balances_2014_2.txt,casilleros,114,5926268.51,3685483.59,2240784.92,,5073322.46,,,2261.11,1,0.0
2014,34611,1391709765001,PESQUERA UGAVI S.A.,A0311.03,A0311.03,Armadores / pesca marítima,MANTA,MANTA,ACTIVA,balances_2014_2.txt,casilleros,114,71312709.6,56001994.0,15310715.6,,10398593.0,,,-3389.43,1,-0.0
2014,34614,1391701926001,INDUSTRIA ATUNERA S.A. INDUATUN,A0311.01,A0311.01,Armadores / pesca marítima,MANTA,MANTA,ACTIVA,balances_2014_2.txt,casilleros,95,12458791.8,3369348.89,9089442.93,,5076297.9,,,104569.71,1,-0.02
2014,34630,1391702094001,DIAZ VASQUEZ DIVA S.A.,A0311.01,A0311.01,Armadores / pesca marítima,MANTA,MANTA,ACTIVA,balances_2014_2.txt,casilleros,47,3721749.61,1995381.6,1726368.01,,9000.0,,,620.77,1,-0.0
2014,34725,1391726740001,INMOTUNA S.A.,A0311.01,A0311.01,Armadores / pesca marítima,MANTA,MANTA,ACTIVA,balances_2014_2.txt,casilleros,54,492628.25,209078.43,283549.82,,5400.34,,,-47883.15,1,0.0
2014,34727,1391716702001,MEGAOCEAN S.A,A0311.01,A0311.01,Armadores / pesca marítima,MANTA,MANTA,ACTIVA,balances_2014_2.txt,casilleros,91,2986379.29,2720268.26,266111.03,,1114762.7200000002,,,1163.99,1,0.0
2014,34759,1391717474001,PROVIPACIF S.A,A0311.01,A0311.01,Armadores / pesca marítima,MANTA,MANTA,ACTIVA,balances_2014_2.txt,casilleros,92,8878787.53,1703544.79,7175242.74,,2182533.0700000003,,,9735.74,1,-0.0
2014,34863,1391722486001,UNIOCEAN S.A.,A0311.03,A0311.03,Armadores / pesca marítima,MANTA,MANTA,ACTIVA,balances_2014_2.txt,casilleros,108,36608764.8,25094999.8,11513765.0,,9668057.64,,,45567.01,1,-0.0
2014,34903,1391723318001,OCEANFISH S.A.,A0311.01,A0311.01,Armadores / pesca marítima,MANTA,MANTA,ACTIVA,balances_2014_2.txt,casilleros,140,21569158.9,13994728.4,7574430.51,,27389974.720000003,,,344169.85,1,-0.01
2014,34919,1391724500001,PESCIMERA S.A,A0311.01,A0311.01,Armadores / pesca marítima,MANTA,MANTA,ACTIVA,balances_2014_2.txt,casilleros,95,9780496.17,2875682.86,6904813.31,,5047016.489999999,,,-1243.77,1,0.0
2014,34948,1391724837001,PRODUCTOS PESQUEROS S.A. PRODUPES,C1020.06,C1020.06,Industria: elaboración y conservación de pescado,MONTECRISTI,MONTECRISTI,ACTIVA,balances_2014_2.txt,casilleros,110,9611819.25,7450735.12,2161084.13,,16967908.419999998,,,611271.34,1,0.0
2014,34958,1391725426001,CARIBBEAN ATLANTIC CARTLANT S.A.,A0311.01,A0311.01,Armadores / pesca marítima,MANTA,MANTA,ACTIVA,balances_2014_2.txt,casilleros,36,1262.4,30.33,1232.07,,90.0,,,59.65,1,0.0
2014,35171,1390140319001,"FRIGORIFICO Y LABORATORIO SAN MATEO, FRIGOLAB SAN MATEO CIA. LTDA.",A0311.01,A0311.01,Armadores / pesca marítima,JARAMIJÓ,JARAMIJÓ,ACTIVA,balances_2014_2.txt,casilleros,137,15007545.4,11061074.4,3946471.01,,15328818.330000002,,,178044.25,1,-0.01
2014,35254,1390143024001,PES NUNEZ SANTANA PESNUSAN CIA. LTDA.,C1020.02,C1020.02,Industria: elaboración y conservación de pescado,MONTECRISTI,MONTECRISTI,ACTIVA,balances_2014_2.txt,casilleros,89,998110.9,772429.62,225681.28,,4976724.71,,,2538.58,1,0.0
2014,35294,1390144861001,MAREROCE EXPORT IMPORT CIA. LTDA.,C1020.01,C1020.01,Industria: elaboración y conservación de pescado,JARAMIJÓ,JARAMIJÓ,ACTIVA,balances_2014_2.txt,casilleros,91,3081038.09,2360684.47,720353.62,,6189287.85,,,91538.15,1,-0.0
2014,35359,1390148034001,PESQUERA CHOPITEA CIA. LTDA.,A0311.01,A0311.01,Armadores / pesca marítima,MANTA,MANTA,ACTIVA,balances_2014_2.txt,casilleros,79,717392.71,407026.1,310366.61,,546937.6900000001,,,158760.2,1,0.0
2014,35364,1390148433001,ALIMENTOS INTEGRADOS ALINTEGRA CIA. LTDA.,C1020.05,C1020.05,Industria: elaboración y conservación de pescado,MANTA,MANTA,ACTIVA,balances_2014_2.txt,casilleros,35,38528.02,4138.06,34389.96,,1785.78,,,-1857.88,1,0.0
2014,35404,1390150020001,HARINA DE PESCADO DE EXPORTACION HARDEPEX CIA. LTDA.,C1020.05,C1020.05,Industria: elaboración y conservación de pescado,JARAMIJÓ,JARAMIJÓ,DISOLUCIÓN Y LIQUIDACIÓ DE PLENO DERECHO NO INS RM,balances_2014_2.txt,casilleros,102,2065406.96,1190734.56,874672.4,,3438454.5400000005,,,144896.19,1,-0.0
2014,35420,1391700938001,MANATUN CIA. LTDA.,A0311.01,A0311.01,Armadores / pesca marítima,MANTA,MANTA,DISOLUCIÓN Y LIQUIDACIÓN OFICIO INSCRITA EN RM,balances_2014_2.txt,casilleros,72,225451.4,184739.19,40712.21,,1074978.0,,,1875.03,1,-0.0
2014,35524,1391715986001,JJ ECOMAR EXPORT IMPORT CIA.LTDA,C1020.02,C1020.02,Industria: elaboración y conservación de pescado,MANTA,MANTA,DISOLUCIÓN Y LIQUIDACIÓN DE PLENO DERECHO INSC. RM,balances_2014_2.txt,casilleros,29,1000.0,75.91,924.09,,440942.3,,,524.09,1,0.0
2014,35688,1391729391001,PESQUERA BETH EEL S.A.,A0311.01,A0311.01,Armadores / pesca marítima,MONTECRISTI,MONTECRISTI,ACTIVA,balances_2014_4.txt,casilleros,36,43641.93,0.0,43641.93,,100.0,37112.97,-37012.97,-36983.27,1,0.0
2014,35759,1391731388001,ARMAPAC S.A.,C1020.02,C1020.02,Industria: elaboración y conservación de pescado,MANTA,MANTA,DISOLUCIÓN Y LIQUIDACIÓN OFICIO INSCRITA EN RM,balances_2014_2.txt,casilleros,42,6449.41,3649.24,2800.17,,708789.39,,,2000.17,1,0.0
2014,35766,1391732872001,FRIGORIFICO Y CONSERVERA DE LA PESCA FRICOPES S.A.,A0311.01,A0311.01,Armadores / pesca marítima,MANTA,MANTA,ACTIVA,balances_2014_2.txt,casilleros,92,1645290.93,285325.05,1359965.88,,3544845.98,,,59160.1,1,0.0
2014,35826,1391732813001,FISHMAR S.A.,A0311.01,A0311.01,Armadores / pesca marítima,MANTA,MANTA,ACTIVA,balances_2014_2.txt,casilleros,79,3452633.72,1022243.99,2430389.73,,1878946.4,,,549331.85,1,0.0
2014,35888,1391734271001,USAFISH S.A.,C1020.02,C1020.02,Industria: elaboración y conservación de pescado,MANTA,MANTA,ACTIVA,balances_2014_2.txt,casilleros,102,4706266.96,3356046.29,1350220.67,,16813520.45,,,588900.22,1,0.0
2014,35973,1391736452001,B&B TUNE_SUPPLIERS S.A.,A0311.01,A0311.01,Armadores / pesca marítima,MANTA,MANTA,ACTIVA,balances_2014_2.txt,casilleros,99,5809575.58,2388703.28,3420872.3,,5634204.78,,,758765.48,1,0.0
2014,369,1790034305001,SEAFMAN SOCIEDAD ECUATORIANA DE ALIMENTOS Y FRIGORIFICOS MANTA C.A.,C1020.02,C1020.02,Industria: elaboración y conservación de pescado,MANTA,MANTA,ACTIVA,balances_2014_2.txt,casilleros,147,53990166.7,32088339.6,21901827.1,,106431045.17000002,,,-5185339.38,1,0.0
2014,39949,1391773439001,PESCAEXITO CIA. LTDA.,A0311.01,A0311.01,Armadores / pesca marítima,MANTA,MANTA,ACTIVA,balances_2014_2.txt,casilleros,60,237875.53,60556.56,177318.97,,626377.5,,,24343.35,1,0.0
2014,61599,1391776101001,COINFORMANT S.A.,A0311.01,A0311.01,Armadores / pesca marítima,MANTA,MANTA,DISOLUCIÓN Y LIQUIDACIÓN DE PLENO DERECHO INSC. RM,balances_2014_2.txt,casilleros,32,47403.39,92.49,47310.9,,6001.22,,,57.0,1,0.0
2014,61759,1391775903001,CONSULTORES INDUSTRIALES Y PRODUCTOS DEL MAR S.A. CIPROMAR,A0311.01,A0311.01,Armadores / pesca marítima,MANTA,MANTA,ACTIVA,balances_2014_2.txt,casilleros,52,160357.23,74789.46,85567.77,,1349515.71,,,67858.16,1,0.0
2014,62123,1391776497001,FIOMAR&SHARK OCEAN S.A.,A0311.01,A0311.01,Armadores / pesca marítima,MONTECRISTI,MONTECRISTI,DISOLUCIÓN Y LIQUIDACIÓN OFICIO NO INSCRITA EN RM,balances_2014_2.txt,casilleros,31,1700.79,0.0,1700.79,,126081.0,,,635.03,1,0.0
2014,62647,1391776683001,FRANCHI FISH S.A.,A0311.01,A0311.01,Armadores / pesca marítima,MANTA,MANTA,ACTIVA,balances_2014_2.txt,casilleros,89,418521.13,355224.55,63296.58,,3827562.63,,,48974.23,1,0.0
2014,63129,1391777434001,MUNDOTRADE S.A.,A0311.01,A0311.01,Armadores / pesca marítima,MANTA,MANTA,DISOLUCIÓN Y LIQUIDACIÓN OFICIO INSCRITA EN RM,balances_2014_2.txt,casilleros,67,155566.88,158267.89,-2701.01,,391919.97,,,101.75,1,-0.0
2014,636,1390005713001,INDUSTRIA ECUATORIANA PRODUCTORA DE ALIMENTOS CA INEPACA,C1020.02,C1020.02,Industria: elaboración y conservación de pescado,MANTA,MANTA,ACTIVA,balances_2014_2.txt,casilleros,118,80357754.3,27105693.2,53252061.1,,85825212.42,,,4945915.79,1,-0.0
2014,63945,1391778732001,INTERNACIONAL SEAFOOD FOODINTER S.A.,C1020.03,C1020.03,Industria: elaboración y conservación de pescado,MANTA,MANTA,DISOLUCIÓN Y LIQUIDACIÓN OFICIO NO INSCRITA EN RM,balances_2014_2.txt,casilleros,24,18410.65,39332.93,-20922.28,,0.0,,,-1621.79,1,0.0
2014,64976,1391779801001,EMPACADORA ALKRISTO DEL MAR S.A. EMPALMAR,A0311.01,A0311.01,Armadores / pesca marítima,MANTA,MANTA,ACTIVA,balances_2014_2.txt,casilleros,1,0.0,0.0,0.0,,0.0,,,0.0,1,0.0
2014,700234,1391824416001,GOODMARCOM S.A.,A0311.03,A0311.03,Armadores / pesca marítima,JARAMIJÓ,JARAMIJÓ,ACTIVA,balances_2014_2.txt,casilleros,7,800.0,0.0,800.0,,0.0,,,0.0,1,0.0
2014,70242,0991285571001,OLIMAR S.A.,C1020.01,C1020.01,Industria: elaboración y conservación de pescado,MANTA,MANTA,DISOLUCIÓN Y LIQUIDACIÓN OFICIO INSCRITA EN RM,balances_2014_2.txt,casilleros,96,5650130.9,3897024.25,1753106.65,,9247678.57,,,134373.67,1,0.0
2014,7027,1390050352001,CONSERVAS ISABEL ECUATORIANA S.A.,C1020.02,C1020.02,Industria: elaboración y conservación de pescado,MANTA,MANTA,ACTIVA,balances_2014_2.txt,casilleros,141,111018442.0,65542038.1,45476404.3,,150691518.23000002,,,4922911.72,1,-0.4
2014,72073,0991313788001,ASISERVY S.A.,C1020.02,C1020.02,Industria: elaboración y conservación de pescado,JARAMIJÓ,JARAMIJÓ,ACTIVA,balances_2014_1.txt,NIIF_jerarquico,153,52260066.59,33344154.25,18915912.34,61577631.98,61577631.98,56750848.5,3894683.76,2471963.83,1,0.0
2014,72096,0991316531001,AGROL S.A.,A0311.01,A0311.01,Armadores / pesca marítima,MANTA,MANTA,ACTIVA,balances_2014_5.txt,casilleros,108,9072724.06,4927435.51,4145288.55,,6823386.16,7041094.41,-217708.25,-217708.25,1,0.0
2014,79132,0991417117001,MARMONTESAN S.A.,A0311.01,A0311.01,Armadores / pesca marítima,MONTECRISTI,MONTECRISTI,ACTIVA,balances_2014_2.txt,casilleros,61,251012.81,223747.85,27264.96,,384742.57,,,-72689.27,1,-0.0
2014,83238,0991469095001,TADEL S.A.,C1020.05,C1020.05,Industria: elaboración y conservación de pescado,JARAMIJÓ,JARAMIJÓ,ACTIVA,balances_2014_2.txt,casilleros,126,21634944.9,5714248.93,15920696.0,,33253860.07,,,3039361.46,1,-0.03
2014,95584,1391738803001,EYCO S.A.,A0311.01,A0311.01,Armadores / pesca marítima,MANTA,MANTA,ACTIVA,balances_2014_2.txt,casilleros,72,136104.61,57804.87,78299.74,,824418.51,,,41430.78,1,-0.0
2014,95604,1391739524001,PROHAPEZ MANTA S.A.,A0311.01,A0311.01,Armadores / pesca marítima,MONTECRISTI,MONTECRISTI,ACTIVA,balances_2014_8.txt,casilleros,10,2100.0,0.0,2100.0,0.0,0.0,0.0,0.0,0.0,1,0.0
2014,95611,0992471557001,EMPROPESCA S.A.,A0311.01,A0311.01,Armadores / pesca marítima,MANTA,MANTA,ACTIVA,balances_2014_2.txt,casilleros,34,367487.15,400847.28,-33360.13,,0.0,,,-34055.58,1,-0.0
2014,95657,1391740433001,COMERCIALIZADORA DE PRODUCTOS DEL MAR SINAI S. A.,A0311.01,A0311.01,Armadores / pesca marítima,MONTECRISTI,MONTECRISTI,ACTIVA,balances_2014_2.txt,casilleros,23,410.11,0.0,410.11,,170.0,,,10.11,1,0.0
2014,95697,1391742150001,ACQUITERMI S.A.,A0311.01,A0311.01,Armadores / pesca marítima,MONTECRISTI,MONTECRISTI,DISOLUCIÓN Y LIQUIDACIÓN OFICIO INSCRITA EN RM,balances_2014_2.txt,casilleros,1,0.0,0.0,0.0,,0.0,,,0.0,1,0.0
2014,95714,1391742053001,DISTRIBUIDORA FLIPPER S.A.,A0311.01,A0311.01,Armadores / pesca marítima,MANTA,MANTA,DISOLUCIÓN Y LIQUIDACIÓN OFICIO INSCRITA EN RM,balances_2014_2.txt,casilleros,101,997268.08,546980.3,450287.78,,7884218.97,,,170462.83,1,-0.0
2014,95725,1391742320001,TUNIDOS DEL PACIFICO S.A.,C1020.02,C1020.02,Industria: elaboración y conservación de pescado,MANTA,MANTA,DISOLUCIÓN Y LIQUIDACIÓN OFICIO INSCRITA EN RM,balances_2014_2.txt,casilleros,1,0.0,0.0,0.0,,0.0,,,0.0,1,0.0
2014,95806,1391744064001,PESPESCA S.A.,C1020.07,C1020.07,Industria: elaboración y conservación de pescado,MONTECRISTI,MONTECRISTI,ACTIVA,balances_2014_2.txt,casilleros,142,24538475.7,12902912.5,11635563.2,,35914494.04000001,,,1191050.2,1,0.0
2014,95871,1391744943001,AMATXU MARIA LUISA CIA. LTDA.,A0311.01,A0311.01,Armadores / pesca marítima,MANTA,MANTA,ACTIVA,balances_2014_2.txt,casilleros,12,400.0,0.0,400.0,,0.0,,,0.0,1,0.0
2014,95900,1391745656001,OCEAN FARM S.A.,A0311.01,A0311.01,Armadores / pesca marítima,MANTA,MANTA,ACTIVA,balances_2014_2.txt,casilleros,88,1882608.44,1440162.16,442446.28,,537733.13,,,-19407.49,1,0.0
2014,95926,1391746830001,FRESH FISH DEL ECUADOR CIA. LTDA.,A0311.01,A0311.01,Armadores / pesca marítima,MANTA,MANTA,ACTIVA,balances_2014_2.txt,casilleros,125,9874801.05,7700979.52,2173821.53,,10630736.209999999,,,64550.59,1,0.0
2014,95993,1391747314001,INDUSTRIAS DE PRODUCTOS DEL MAR S.A. IDELMAR,A0311.01,A0311.01,Armadores / pesca marítima,MANTA,MANTA,ACTIVA,balances_2014_2.txt,casilleros,80,3253962.44,2225655.78,1028306.66,,1849094.57,,,16116.39,1,0.0
2014,96020,1391748027001,DELIPESCA S.A.,A0311.01,A0311.01,Armadores / pesca marítima,MANTA,MANTA,ACTIVA,balances_2014_2.txt,casilleros,99,17867601.6,10700246.5,7167355.08,,10890597.9,,,539015.82,1,0.02
2014,96128,1391750811001,ISIMARE S.A.,A0311.01,A0311.01,Armadores / pesca marítima,JARAMIJÓ,JARAMIJÓ,ACTIVA,balances_2014_2.txt,casilleros,60,921566.48,702745.46,218821.02,,697706.22,,,22223.15,1,0.0
2014,96213,1391753071001,EUROTUNA S.A.,A0311.01,A0311.01,Armadores / pesca marítima,MANTA,MANTA,ACTIVA,balances_2014_2.txt,casilleros,13,9325.5,8525.5,800.0,,0.0,,,0.0,1,0.0
2014,96216,1391752377001,MARINE PROTEIN MARPROT S.A.,A0311.01,A0311.01,Armadores / pesca marítima,MONTECRISTI,MONTECRISTI,ACTIVA,balances_2014_2.txt,casilleros,123,3652013.23,2762196.75,889816.48,,2679600.1999999997,,,66483.18,1,0.0
2014,96218,1391752822001,MARCARIBE S.A.,A0311.01,A0311.01,Armadores / pesca marítima,MANTA,MANTA,ACTIVA,balances_2014_2.txt,casilleros,19,872.26,48.0,824.26,,0.0,,,-48.0,1,0.0
2014,96265,1391753233001,TECNIMAR CIA. LTDA.,A0311.01,A0311.01,Armadores / pesca marítima,MANTA,MANTA,ACTIVA,balances_2014_7.txt,casilleros,9,2000.0,0.0,2000.0,0.0,0.0,0.0,0.0,0.0,1,0.0
2014,99022,0991520767001,GALDECUN S.A.,C1020.06,C1020.06,Industria: elaboración y conservación de pescado,JARAMIJÓ,JARAMIJÓ,ACTIVA,balances_2014_2.txt,casilleros,94,9682434.29,8183076.32,1499357.97,,7300135.37,,,92982.38,1,-0.0
2015,100223,1391782926001,ALIMENTOS DEL MAR MARFOODSA S.A.,A0311.01,A0311.01,Armadores / pesca marítima,JARAMIJÓ,JARAMIJÓ,ACTIVA,balances_2015_3.txt,casilleros,70,631652.29,252006.72,379645.57,,92030.67,90011.41,2019.26,367.36,1,0.0
2015,10060,1390021646001,PESPACA PESQUERA DEL PACIFICO CA,C1020.02,C1020.02,Industria: elaboración y conservación de pescado,MANTA,MANTA,ACTIVA,balances_2015_4.txt,casilleros,57,2139286.96,1928099.41,211187.55,,500000.0,494185.52,5814.48,5814.48,1,0.0
2015,109262,0992262427001,GEOPAXI S.A.,A0311.01,A0311.01,Armadores / pesca marítima,MANTA,MANTA,DISOLUCIÓN Y LIQUIDACIÓN OFICIO INSCRITA EN RM,balances_2015_3.txt,casilleros,103,29256617.5,15842997.9,13413619.6,,11029863.6,15357835.1,-4327971.57,-4327971.57,1,0.0
2015,111848,0992299231001,ELVAYKA KYOEI S.A.,A0311.01,A0311.01,Armadores / pesca marítima,MANTA,MANTA,ACTIVA,balances_2015_3.txt,casilleros,114,41984006.6,31597682.9,10386323.8,,18382199.0,21460527.4,-3078328.4,-3078328.4,1,-0.1
2015,114130,0992331283001,XUK S.A.,A0311.01,A0311.01,Armadores / pesca marítima,JARAMIJÓ,JARAMIJÓ,ACTIVA,balances_2015_3.txt,casilleros,103,4262592.26,2907332.46,1355259.8,,2495735.39,2463069.94,32665.45,-11502.44,1,-0.0
2015,115653,0992354186001,TUNAEXPORT S.A.S.,A0311.01,A0311.01,Armadores / pesca marítima,MANTA,MANTA,ACTIVA,balances_2015_3.txt,casilleros,76,6491942.91,1878577.39,4613365.52,,2333543.18,2239040.97,94502.21,65286.18,1,0.0
2015,11733,1390013643001,INDUSTRIA DE ENLATADOS ALIMENTICIOS CIA LTDA IDEAL,C1020.02,C1020.02,Industria: elaboración y conservación de pescado,MONTECRISTI,MONTECRISTI,DISOLUCIÓN Y LIQUIDACIÓN OFICIO INSCRITA EN RM,balances_2015_3.txt,casilleros,144,54298843.5,36032042.7,18266800.8,,28642046.6,28651254.9,-9208.3,-93631.71,1,-0.0
2015,12582,1390034063001,EMPRESA DEL MAR CIA LTDA,A0311.01,A0311.01,Armadores / pesca marítima,MANTA,MANTA,ACTIVA,balances_2015_3.txt,casilleros,69,850676.04,398483.87,452192.17,,817498.0,811963.29,5534.71,2670.75,1,0.0
2015,126601,0992505621001,SUNSTAR S.A.,A0311.01,A0311.01,Armadores / pesca marítima,MANTA,MANTA,ACTIVA,balances_2015_3.txt,casilleros,72,377722.18,367368.96,10353.22,,548039.7,537567.93,10471.77,6254.26,1,-0.0
2015,128384,0992530332001,ASTILLERO ESPERANZA DEL MAR C.A. ASTIESMAR,A0311.01,A0311.01,Armadores / pesca marítima,JARAMIJÓ,JARAMIJÓ,ACTIVA,balances_2015_3.txt,casilleros,123,14686936.4,10786453.6,3900482.83,,3503503.05,3436072.17,67430.88,-25478.37,1,-0.03
2015,134444,0992623284001,POKINCI S.A.,C1020.02,C1020.02,Industria: elaboración y conservación de pescado,JARAMIJÓ,JARAMIJÓ,ACTIVA,balances_2015_2.txt,casilleros,7,800.0,0.0,800.0,,0.0,,,0.0,1,0.0
2015,137966,1391785003001,COMERCIALIZADORA TONINO SEA FOOD S.A. COMTOSEAFOOD,A0311.01,A0311.01,Armadores / pesca marítima,MANTA,MANTA,ACTIVA,balances_2015_3.txt,casilleros,22,73782.88,43166.33,30616.55,,0.0,0.0,0.0,0.0,1,0.0
2015,139001,1391785402001,PESQUERA MONTECRISTI S.A. PESQUEMONSA,A0311.01,A0311.01,Armadores / pesca marítima,MANTA,MANTA,ACTIVA,balances_2015_3.txt,casilleros,83,5949019.94,2983661.76,2965358.18,,1983455.22,1770383.22,213072.0,111337.3,1,0.0
2015,139004,1391799101001,PUERTOMAR S.A.,A0311.03,A0311.03,Armadores / pesca marítima,JARAMIJÓ,JARAMIJÓ,ACTIVA,balances_2015_3.txt,casilleros,78,541961.74,301806.28,240155.46,,1681708.03,1438598.07,243109.96,206643.47,1,-0.0
2015,141044,1391790619001,FULL MOON ECUADOR FULMEC S.A.,A0311.01,A0311.01,Armadores / pesca marítima,MANTA,MANTA,ACTIVA,balances_2015_3.txt,casilleros,10,1000.0,0.0,1000.0,,0.0,0.0,0.0,0.0,1,0.0
2015,141596,1391788185001,COVEROSA S.A.,A0311.01,A0311.01,Armadores / pesca marítima,MANTA,MANTA,ACTIVA,balances_2015_3.txt,casilleros,86,359554.75,292109.78,67444.97,,2340269.16,2322269.04,18000.12,15300.1,1,-0.0
2015,143146,1391789629001,ACUIRÍA S.A.,C1020.01,C1020.01,Industria: elaboración y conservación de pescado,MANTA,MANTA,DISOLUCIÓN Y LIQUIDACIÓN OFICIO INSCRITA EN RM,balances_2015_3.txt,casilleros,71,240372.2,202621.85,37750.35,,155345.35,146542.52,8802.83,5769.46,1,0.0
2015,143165,1391790589001,ACUICOLA Y PISCICOLA LA ISLA S.A. ACUISLA,A0311.01,A0311.01,Armadores / pesca marítima,MANTA,MANTA,ACTIVA,balances_2015_3.txt,casilleros,50,213418.67,142894.59,70524.08,,184356.29,212896.92,-28540.63,-28540.63,1,0.0
2015,143486,1391790104001,ATUN ESTRIBELA S.A.,A0311.03,A0311.03,Armadores / pesca marítima,MANTA,MANTA,DISOLUCIÓN Y LIQUIDACIÓN OFICIO NO INSCRITA EN RM,balances_2015_3.txt,casilleros,125,16584899.0,11769218.6,4815680.42,,3228573.64,5203238.64,-1974665.0,-1974665.0,1,-0.02
2015,143580,1391790260001,OSAKAFISH S.A.,A0311.01,A0311.01,Armadores / pesca marítima,MANTA,MANTA,DISOLUCIÓN Y LIQUIDACIÓN OFICIO INSCRITA EN RM,balances_2015_7.txt,casilleros,55,225316.2,220355.88,4960.32,0.0,42298.2,41709.29,588.91,588.91,1,0.0
2015,143702,1391790279001,AGRICOLA Y PISCICOLA SUSSMANN DELGADO AGROSUSSDEL S.A.,A0311.01,A0311.01,Armadores / pesca marítima,MANTA,MANTA,ACTIVA,balances_2015_4.txt,casilleros,41,54159.42,10458.15,43701.27,,130695.16,106030.89,24664.27,16352.41,1,0.0
2015,143706,1391790287001,PESQUERA ATUNES DEL PACIFICO S.A. ''ATUNPACIFICOSA'',A0311.03,A0311.03,Armadores / pesca marítima,MANTA,MANTA,ACTIVA,balances_2015_3.txt,casilleros,100,31946229.6,10068876.7,21877352.9,,18678852.5,19079459.6,-400607.09,-400607.09,1,0.0
2015,144167,1391791488001,GRUPO DEGFER CIA. LTDA.,A0311.01,A0311.01,Armadores / pesca marítima,JARAMIJÓ,JARAMIJÓ,ACTIVA,balances_2015_3.txt,casilleros,20,78708.0,58708.0,20000.0,,0.0,0.0,0.0,0.0,1,0.0
2015,144336,1391791097001,PESCADOS Y MARISCOS DEL PACIFICO S.A. PESMARPAC,A0311.01,A0311.01,Armadores / pesca marítima,JARAMIJÓ,JARAMIJÓ,ACTIVA,balances_2015_3.txt,casilleros,93,993015.64,633091.45,359924.19,,2939534.72,2935929.47,3605.25,1652.87,1,0.0
2015,144480,1391791178001,ALETAMARILLA S.A.,A0311.01,A0311.01,Armadores / pesca marítima,MANTA,MANTA,ACTIVA,balances_2015_3.txt,casilleros,64,3391859.54,190079.63,3201779.91,,1933989.39,2296589.4,-362600.01,-362600.01,1,0.0
2015,144740,1391799624001,LOGISTICA INTERNACIONAL LOGISINSA S.A.,A0311.01,A0311.01,Armadores / pesca marítima,MANTA,MANTA,ACTIVA,balances_2015_3.txt,casilleros,51,19400.72,17456.07,1944.65,,32103.8,30377.33,1726.47,1030.18,1,0.0
2015,145016,1391791895001,INDUSTRIAL PESQUERA DEL PACIFICO S.A. INPESPA,A0311.01,A0311.01,Armadores / pesca marítima,MANTA,MANTA,ACTIVA,balances_2015_3.txt,casilleros,71,167236.29,156153.88,11082.41,,192944.42,192274.81,669.61,443.95,1,0.0
2015,145888,1391793308001,PESFRESCO S.A.,A0311.01,A0311.01,Armadores / pesca marítima,MANTA,MANTA,ACTIVA,balances_2015_3.txt,casilleros,68,146275.57,81322.17,64953.4,,627836.76,611457.36,16379.4,10859.54,1,0.0
2015,145894,1391793065001,EMPACADORA DE MARISCOS ECUAMARISC CIA. LTDA.,A0311.01,A0311.01,Armadores / pesca marítima,MANTA,MANTA,ACTIVA,balances_2015_7.txt,casilleros,32,895054.99,901345.98,6290.99,0.0,211498.0,218188.99,-6690.99,-6690.99,1,-12581.98
2015,146215,1391792999001,SARDINAS DEL PACIFICO S.A. SARDIPAC,A0311.01,A0311.01,Armadores / pesca marítima,JARAMIJÓ,JARAMIJÓ,ACTIVA,balances_2015_3.txt,casilleros,127,6206518.46,6502807.44,0.0,,7506073.62,7191949.66,314123.96,212048.06,1,-296288.98
2015,146541,1391793405001,ASOCIACION DE PESCA EXPORTABLE ASOPESEX C.A.,A0311.01,A0311.01,Armadores / pesca marítima,MANTA,MANTA,ACTIVA,balances_2015_3.txt,casilleros,63,119588.18,115182.82,4405.36,,301285.44,301208.18,77.26,51.22,1,-0.0
2015,146715,1391793731001,VIDA MARINA VIMARINA CIA. LTDA.,C1020.04,C1020.04,Industria: elaboración y conservación de pescado,MANTA,MANTA,ACTIVA,balances_2015_3.txt,casilleros,75,481370.53,208072.35,273298.18,,515970.64,513033.41,2937.23,1947.38,1,0.0
2015,146994,1391793960001,PD-PESCA S.A.,A0311.01,A0311.01,Armadores / pesca marítima,JARAMIJÓ,JARAMIJÓ,ACTIVA,balances_2015_3.txt,casilleros,58,484418.06,311670.08,172747.98,,531119.55,555413.15,-24293.6,-24298.6,1,-0.0
2015,148246,1391798040001,OCEAN AMERICA FOOD S.A. OCEAMERSA,C1020.02,C1020.02,Industria: elaboración y conservación de pescado,MANTA,MANTA,DISOLUCIÓN Y LIQUIDACIÓN DE PLENO DERECHO INSC. RM,balances_2015_3.txt,casilleros,25,1902.08,0.0,1902.08,,4249.18,3611.8,637.38,637.38,1,0.0
2015,148632,1391796056001,INTERATLANTIC S.A.,A0311.01,A0311.01,Armadores / pesca marítima,MANTA,MANTA,ACTIVA,balances_2015_3.txt,casilleros,44,48954.47,40125.94,8828.53,,59052.51,63605.77,-4553.26,-4553.26,1,-0.0
2015,149717,1391797672001,FERPIL'S S.A.,A0311.01,A0311.01,Armadores / pesca marítima,MANTA,MANTA,ACTIVA,balances_2015_4.txt,casilleros,30,26593.7,25593.7,1000.0,,15654.31,15823.96,-169.65,0.0,1,0.0
2015,164355,1391797958001,PRODUMAN ECUADOR CIA. LTDA.,A0311.01,A0311.01,Armadores / pesca marítima,MANTA,MANTA,ACTIVA,balances_2015_4.txt,casilleros,11,743.66,0.0,743.66,,0.0,0.0,0.0,0.0,1,0.0
2015,166157,1391800290001,COMERCIALIZADORA DE PRODUCTOS PESQUEROS S.A. COMPROPEZ,A0311.01,A0311.01,Armadores / pesca marítima,JARAMIJÓ,JARAMIJÓ,ACTIVA,balances_2015_3.txt,casilleros,70,71646.86,40324.67,31322.19,,587080.21,563804.74,23275.47,12399.73,1,0.0
2015,166188,1391799713001,FRIGORIFICO Y LABORATORIO DE PESCA FRILABPESCA S.A.,A0311.01,A0311.01,Armadores / pesca marítima,MANTA,MANTA,ACTIVA,balances_2015_4.txt,casilleros,13,800.0,0.0,800.0,,0.0,0.0,0.0,0.0,1,0.0
2015,166190,1391799748001,TECNICA DE LA MARICULTURA S.A. TECNIMARSA,A0311.01,A0311.01,Armadores / pesca marítima,MANTA,MANTA,ACTIVA,balances_2015_3.txt,casilleros,21,43376.69,19634.32,23742.37,,0.0,0.0,0.0,0.0,1,0.0
2015,166486,1391800568001,ECUAOCEAN S.A.,A0311.01,A0311.01,Armadores / pesca marítima,MANTA,MANTA,ACTIVA,balances_2015_3.txt,casilleros,11,1000.0,0.0,1000.0,,0.0,0.0,0.0,0.0,1,0.0
2015,166831,1391800517001,PRODUCTOS DEL REY S.A. PRODUCTREY,A0311.01,A0311.01,Armadores / pesca marítima,MANTA,MANTA,DISOLUCIÓN Y LIQUIDACIÓN OFICIO INSCRITA EN RM,balances_2015_3.txt,casilleros,29,1928037.35,1302082.43,625954.92,,0.0,0.0,0.0,0.0,1,0.0
2015,169148,1391804229001,NAUTICAL MASTERS ECUADOR S.A. NAUTIMASTER,A0311.01,A0311.01,Armadores / pesca marítima,MANTA,MANTA,DISOLUCIÓN Y LIQUIDACIÓN DE PLENO DERECHO INSC. RM,balances_2015_3.txt,casilleros,18,1922.17,1122.17,800.0,,0.0,0.0,0.0,0.0,1,0.0
2015,169235,1391803850001,MARPESCA ECUADOR S.A.,A0311.01,A0311.01,Armadores / pesca marítima,MONTECRISTI,MONTECRISTI,ACTIVA,balances_2015_3.txt,casilleros,26,235771.47,213405.63,22365.84,,0.0,0.0,0.0,-5167.07,1,-0.0
2015,169323,1391804083001,PESDEMAR S.A.,A0311.01,A0311.01,Armadores / pesca marítima,MANTA,MANTA,ACTIVA,balances_2015_3.txt,casilleros,58,68562.23,11677.86,56884.37,,716924.22,703828.94,13095.28,15001.78,1,-0.0
2015,170154,1391805691001,MARITMA ECUATORIAL S.A. ECUAMARITIMA,A0311.01,A0311.01,Armadores / pesca marítima,MANTA,MANTA,DISOLUCIÓN Y LIQUIDACIÓN OFICIO NO INSCRITA EN RM,balances_2015_3.txt,casilleros,85,5677421.08,5583013.16,94407.92,,3076630.09,2999341.1,77288.99,41360.57,1,-0.0
2015,170293,1391805381001,BRISATUN S.A.,A0311.01,A0311.01,Armadores / pesca marítima,MANTA,MANTA,DISOLUCIÓN Y LIQUIDACIÓN OFICIO INSCRITA EN RM,balances_2015_3.txt,casilleros,74,8300896.46,7463499.03,837397.43,,5034819.8,5076362.09,-41542.29,-41542.29,1,-0.0
2015,170806,1391806000001,FLOSERPESCA S.A.,C1020.02,C1020.02,Industria: elaboración y conservación de pescado,MANTA,MANTA,ACTIVA,balances_2015_3.txt,casilleros,40,30376.73,1016.55,29360.18,,91360.85,89471.13,1889.72,1473.98,1,0.0
2015,171323,1391806426001,CABOMARFISH S.A.,A0311.03,A0311.03,Armadores / pesca marítima,MANTA,MANTA,DISOLUCIÓN Y LIQUIDACIÓN DE PLENO DERECHO INSC. RM,balances_2015_3.txt,casilleros,11,800.0,0.0,800.0,,0.0,0.0,0.0,0.0,1,0.0
2015,171950,1391807651001,MONMIFISH S.A.,A0311.01,A0311.01,Armadores / pesca marítima,MANTA,MANTA,ACTIVA,balances_2015_3.txt,casilleros,61,146953.72,93773.18,53180.54,,4039322.57,3990016.17,49306.4,31432.83,1,0.0
2015,172315,1391807627001,COMPAÑÍA AL MAR PESCA ALMARPEZ S.A.,A0311.01,A0311.01,Armadores / pesca marítima,MANTA,MANTA,ACTIVA,balances_2015_3.txt,casilleros,64,306480.4,298164.08,8316.32,,394006.07,392035.37,1970.7,1175.91,1,0.0
2015,172449,1391807902001,PROCOPROMAR CIA. LTDA.,A0311.01,A0311.01,Armadores / pesca marítima,MANTA,MANTA,DISOLUCIÓN Y LIQUIDACIÓN OFICIO INSCRITA EN RM,balances_2015_3.txt,casilleros,67,102743.32,90736.39,12006.93,,1269899.01,1267974.33,1924.68,1276.07,1,0.0
2015,172770,1391808143001,PRODUCTOS DEL MAR PROMARIT S.A.,C1020.07,C1020.07,Industria: elaboración y conservación de pescado,MANTA,MANTA,ACTIVA,balances_2015_3.txt,casilleros,11,800.0,0.0,800.0,,0.0,0.0,0.0,0.0,1,0.0
2015,173162,1391808690001,CULTIVO DE PECES S.A. CULTIPESCA,C1020.07,C1020.07,Industria: elaboración y conservación de pescado,MANTA,MANTA,ACTIVA,balances_2015_3.txt,casilleros,19,16036.76,13536.76,2500.0,,0.0,0.0,0.0,0.0,1,0.0
2015,173324,1391809522001,V&BFISH S.A.,A0311.01,A0311.01,Armadores / pesca marítima,MANTA,MANTA,ACTIVA,balances_2015_3.txt,casilleros,48,486296.1,477061.91,9234.19,,1981684.94,1966820.23,14864.71,5762.48,1,0.0
2015,173680,1391809336001,VERTIPEZ S.A.,A0311.01,A0311.01,Armadores / pesca marítima,MANTA,MANTA,DISOLUCIÓN Y LIQUIDACIÓN DE PLENO DERECHO INSC. RM,balances_2015_3.txt,casilleros,37,424190.13,424190.13,0.0,,766446.92,755146.4,11300.52,0.0,1,0.0
2015,17663,1390097677001,MARDEX MARISCOS DE EXPORTACION S.A.,A0311.01,A0311.01,Armadores / pesca marítima,MANTA,MANTA,DISOLUCIÓN Y LIQUIDACIÓN OFICIO INSCRITA EN RM,balances_2015_3.txt,casilleros,143,9846465.34,4734558.66,5111906.68,,10229381.8,10016085.3,213296.48,71157.78,1,0.0
2015,176832,1391814968001,BLAUFISH CIA. LTDA.,A0311.01,A0311.01,Armadores / pesca marítima,MANTA,MANTA,ACTIVA,balances_2015_3.txt,casilleros,32,6138.13,1893.44,4244.69,,73995.0,70550.31,3444.69,3444.69,1,0.0
2015,176961,1391814992001,"NAMAFRU NATURAL, MARISCO Y FRUTAS S.A.S.",A0311.01,A0311.01,Armadores / pesca marítima,JARAMIJÓ,JARAMIJÓ,ACTIVA,balances_2015_3.txt,casilleros,26,12557.67,0.0,12557.67,,57.67,0.0,57.67,57.67,1,0.0
2015,177304,1391815239001,EMPACADORA FRIPEZ S.A.,A0311.01,A0311.01,Armadores / pesca marítima,MANTA,MANTA,ACTIVA,balances_2015_6.txt,NIIF_jerarquico,75,308694.46,295089.25,13605.21,780485.75,780485.75,767920.46,12565.29,8330.79,1,0.0
2015,178208,1391817371001,OCEAN KEY S.A. OCEANMANTA,A0311.01,A0311.01,Armadores / pesca marítima,MANTA,MANTA,ACTIVA,balances_2015_4.txt,casilleros,48,35354.7,34239.21,1115.49,,68201.02,68052.96,148.06,115.49,1,-0.0
2015,179101,1391817320001,BOTE MIMORENITA4 S.A.,A0311.01,A0311.01,Armadores / pesca marítima,MANTA,MANTA,ACTIVA,balances_2015_3.txt,casilleros,10,2000.0,0.0,2000.0,,0.0,0.0,0.0,0.0,1,0.0
2015,179519,1391817789001,CAMARONERA DEL PACIFICO S.A. PACIFCAM,A0311.01,A0311.01,Armadores / pesca marítima,MANTA,MANTA,ACTIVA,balances_2015_3.txt,casilleros,70,341815.43,309609.17,32206.26,,979686.4,948552.83,31133.57,19799.4,1,0.0
2015,179709,1391818254001,PROMAREC S.A.,C1020.02,C1020.02,Industria: elaboración y conservación de pescado,MANTA,MANTA,DISOLUCIÓN Y LIQUIDACIÓN OFICIO INSCRITA EN RM,balances_2015_4.txt,casilleros,30,49502.22,63141.74,0.0,,0.0,23908.85,-23908.85,-23908.85,1,-13639.52
2015,180003,1391818343001,TUNA FISHING COMPANY ECUADOR TUFICOM C. LTDA.,A0311.01,A0311.01,Armadores / pesca marítima,MANTA,MANTA,DISOLUCIÓN Y LIQUIDACIÓN OFICIO INSCRITA EN RM,balances_2015_4.txt,casilleros,13,415.0,0.0,415.0,,0.0,0.0,0.0,0.0,1,0.0
2015,180892,1391819129001,CONSERVERATROPICAL CIA. LTDA.,C1020.02,C1020.02,Industria: elaboración y conservación de pescado,MANTA,MANTA,ACTIVA,balances_2015_4.txt,casilleros,52,128491.2,30701.17,97790.03,,516083.03,424981.66,91101.37,60400.21,1,0.0
2015,182073,1391821174001,ECUFISH S.A.,A0311.03,A0311.03,Armadores / pesca marítima,MONTECRISTI,MONTECRISTI,DISOLUCIÓN Y LIQUIDACIÓN OFICIO NO INSCRITA EN RM,balances_2015_3.txt,casilleros,7,800.0,0.0,800.0,,0.0,0.0,0.0,0.0,1,0.0
2015,182522,1391820992001,BLAUFISHPORT CIA.LTDA.,A0311.03,A0311.03,Armadores / pesca marítima,MANTA,MANTA,DISOLUCIÓN Y LIQUIDACIÓN DE PLENO DERECHO INSC. RM,balances_2015_4.txt,casilleros,34,800.0,0.0,800.0,,11780.25,11201.26,578.99,0.0,1,0.0
2015,18528,1790943178001,PRODUCTOS DEL MAR Y SABORES NACIONALES PROMARSAN CIA. LTDA.,C1020.04,C1020.04,Industria: elaboración y conservación de pescado,JARAMIJÓ,JARAMIJÓ,ACTIVA,balances_2015_3.txt,casilleros,111,1494282.9,798919.45,695363.45,,2244721.76,2190685.13,54036.63,29745.49,1,0.0
2015,19582,1390073891001,TRANSMARINA CA,A0311.03,A0311.03,Armadores / pesca marítima,MONTECRISTI,MONTECRISTI,ACTIVA,balances_2015_3.txt,casilleros,151,40012346.2,26124761.7,13887584.5,,30361746.1,30171760.1,189985.99,189985.77,1,0.0
2015,205129,1391765770001,EMPACADORA MADEZA S.A.,C1020.02,C1020.02,Industria: elaboración y conservación de pescado,MANTA,MANTA,ACTIVA,balances_2015_3.txt,casilleros,77,261171.22,252640.42,8530.8,,243993.18,223712.07,20281.11,14129.86,1,-0.0
2015,205167,1391766793001,POLARISPESCA S.A.,A0311.01,A0311.01,Armadores / pesca marítima,MANTA,MANTA,ACTIVA,balances_2015_3.txt,casilleros,88,2233870.13,1231082.42,1002787.71,,3242873.09,3044455.92,198417.17,110421.55,1,0.0
2015,205205,1391767943001,ALHO FISH S.A.,A0311.01,A0311.01,Armadores / pesca marítima,MANTA,MANTA,ACTIVA,balances_2015_3.txt,casilleros,7,800.0,0.0,800.0,,0.0,0.0,0.0,0.0,1,0.0
2015,205233,1391768567001,TXOPITUNA ECUADOR CIA. LTDA.,A0311.03,A0311.03,Armadores / pesca marítima,MANTA,MANTA,ACTIVA,balances_2015_3.txt,casilleros,122,12530878.0,10754515.6,1776362.42,,7407238.58,8250816.26,-843577.68,-843577.68,1,-0.02
2015,25440,0990555761001,PESDEL S.A.,A0311.01,A0311.01,Armadores / pesca marítima,JARAMIJÓ,JARAMIJÓ,ACTIVA,balances_2015_3.txt,casilleros,138,57969562.2,27421797.5,30547764.7,,6216532.83,10845389.0,-4628856.14,-4628856.14,1,0.0
2015,301126,1391824483001,INDUSTRIA NH SIMILA NHSIMIL CIA.LTDA.,C1020.06,C1020.06,Industria: elaboración y conservación de pescado,MANTA,MANTA,ACTIVA,balances_2015_3.txt,casilleros,32,117183.61,10616.1,106567.51,,0.0,17432.49,-17432.49,-17432.49,1,0.0
2015,301695,1391827113001,TIANXINGS S.A.,A0311.01,A0311.01,Armadores / pesca marítima,MANTA,MANTA,ACTIVA,balances_2015_3.txt,casilleros,27,19508.41,0.0,19508.41,,0.0,2060.57,-2060.57,0.0,1,0.0
2015,302853,1391832230001,PESQUERA MACÍAS & DELGADO PESMACDEL S.A.,A0311.03,A0311.03,Armadores / pesca marítima,MANTA,MANTA,DISOLUCIÓN Y LIQUIDACIÓN DE PLENO DERECHO INSC. RM,balances_2015_3.txt,casilleros,1,0.0,0.0,0.0,,0.0,0.0,0.0,0.0,1,0.0
2015,302954,1391832915001,PESQUERA EDUALPA S.A.,A0311.03,A0311.03,Armadores / pesca marítima,MANTA,MANTA,DISOLUCIÓN Y LIQUIDACIÓN DE PLENO DERECHO INSC. RM,balances_2015_3.txt,casilleros,11,900.0,0.0,900.0,,0.0,0.0,0.0,0.0,1,0.0
2015,34175,1390141692001,EMPACADORA BILBO S.A. BILBOSA,C1020.01,C1020.01,Industria: elaboración y conservación de pescado,MANTA,MANTA,ACTIVA,balances_2015_1.txt,NIIF_jerarquico,170,19228614.6,12899998.61,6328615.99,21468945.95,21483335.91,21414536.95,68798.96,40567.75,1,0.0
2015,34292,1390144039001,PESCADO FRESCO DE EXPORTACION PEFREXPORT S.A.,C1020.04,C1020.04,Industria: elaboración y conservación de pescado,MANTA,MANTA,ACTIVA,balances_2015_3.txt,casilleros,64,3016973.87,507321.28,2509652.59,,70386.0,69935.26,450.74,-16945.94,1,0.0
2015,34328,1390145493001,FISHCORP S.A.,A0311.01,A0311.01,Armadores / pesca marítima,JARAMIJÓ,JARAMIJÓ,ACTIVA,balances_2015_3.txt,casilleros,102,21119724.4,13371557.7,7748166.69,,12719238.8,12565568.6,153670.2,130619.67,1,0.01
2015,34346,1390145957001,PESQUERA PERALTA SOCIEDAD ANONIMA PESPERALTA,A0311.01,A0311.01,Armadores / pesca marítima,MANTA,MANTA,ACTIVA,balances_2015_5.txt,casilleros,12,800.0,0.0,800.0,,0.0,0.0,0.0,0.0,1,0.0
2015,34388,1390147186001,MARBELIZE S.A.,C1020.04,C1020.04,Industria: elaboración y conservación de pescado,JARAMIJÓ,JARAMIJÓ,ACTIVA,balances_2015_3.txt,casilleros,177,54919409.9,42314871.0,12604538.8,,65311300.7,65201806.7,109493.99,76934.83,1,0.1
2015,34420,1390148212001,MANABITA DE COMERCIO S.A. MANCORSACOM,C1020.04,C1020.04,Industria: elaboración y conservación de pescado,JARAMIJÓ,JARAMIJÓ,ACTIVA,balances_2015_3.txt,casilleros,123,7463958.54,1549920.85,5914037.69,,10581987.5,7250727.06,3331260.41,2186973.04,1,-0.0
2015,34442,1390149154001,SHELLFISH S.A.,A0311.01,A0311.01,Armadores / pesca marítima,MANTA,MANTA,ACTIVA,balances_2015_3.txt,casilleros,73,1125655.81,639585.19,486070.62,,1371620.79,1544738.68,-173117.89,-194265.29,1,0.0
2015,34449,1390149219001,EUROFISH S.A.,C1020.04,C1020.04,Industria: elaboración y conservación de pescado,MONTECRISTI,MONTECRISTI,ACTIVA,balances_2015_1.txt,NIIF_jerarquico,173,106589683.62,57710932.88,48878750.74,92783002.77,92783002.77,92143172.8,639829.97,79402.33,1,0.0
2015,34453,1390149316001,MADEPACIF S.A.,C1020.02,C1020.02,Industria: elaboración y conservación de pescado,MANTA,MANTA,DISOLUCIÓN Y LIQUIDACIÓN OFICIO INSCRITA EN RM,balances_2015_3.txt,casilleros,81,542883.53,537569.3,5314.23,,1008422.52,992288.83,16133.69,-3543.42,1,-0.0
2015,34521,1391700776001,TECNICA Y COMERCIO DE LA PESCA C.A. TECOPESCA,A0311.01,A0311.01,Armadores / pesca marítima,JARAMIJÓ,JARAMIJÓ,ACTIVA,balances_2015_1.txt,NIIF_jerarquico,164,94749730.55,62089721.43,32660009.12,79642621.59,79642621.59,78493867.62,672818.02,571895.32,1,-0.0
2015,34525,1391700830001,"MANACRIPEX CIA. LTDA. MANABITA DE CRIA , PESCA Y EXPORTACION",A0311.03,A0311.03,Armadores / pesca marítima,JARAMIJÓ,JARAMIJÓ,ACTIVA,balances_2015_3.txt,casilleros,114,5470947.59,3207449.78,2263497.81,,4492328.98,4516528.12,-24199.14,42508.89,1,0.0
2015,34611,1391709765001,PESQUERA UGAVI S.A.,A0311.03,A0311.03,Armadores / pesca marítima,MANTA,MANTA,ACTIVA,balances_2015_3.txt,casilleros,139,70047173.5,55461728.3,14585445.2,,16895520.4,17620953.8,-725433.46,-725433.46,1,0.0
2015,34614,1391701926001,INDUSTRIA ATUNERA S.A. INDUATUN,A0311.01,A0311.01,Armadores / pesca marítima,MANTA,MANTA,ACTIVA,balances_2015_3.txt,casilleros,88,13538414.73,4553678.67,8984736.06,,4118788.32,4115638.85,3149.47,1739.1,1,0.0
2015,34630,1391702094001,DIAZ VASQUEZ DIVA S.A.,A0311.01,A0311.01,Armadores / pesca marítima,MANTA,MANTA,ACTIVA,balances_2015_3.txt,casilleros,48,3752393.6,2039248.89,1713144.71,,12800.0,12709.08,90.92,90.92,1,0.0
2015,34725,1391726740001,INMOTUNA S.A.,A0311.01,A0311.01,Armadores / pesca marítima,MANTA,MANTA,ACTIVA,balances_2015_3.txt,casilleros,55,492549.87,204699.79,287850.08,,14644.76,7715.84,6928.92,4300.26,1,-0.0
2015,34727,1391716702001,MEGAOCEAN S.A,A0311.01,A0311.01,Armadores / pesca marítima,MANTA,MANTA,ACTIVA,balances_2015_3.txt,casilleros,98,3274109.5,3007375.13,266734.37,,1938371.15,1923385.17,14985.98,623.35,1,0.0
2015,34759,1391717474001,PROVIPACIF S.A,A0311.01,A0311.01,Armadores / pesca marítima,MANTA,MANTA,ACTIVA,balances_2015_3.txt,casilleros,88,8114138.65,2009133.27,6105005.38,,1686320.55,2143496.78,-457176.23,-812354.72,1,0.0
2015,34863,1391722486001,UNIOCEAN S.A.,A0311.03,A0311.03,Armadores / pesca marítima,MANTA,MANTA,ACTIVA,balances_2015_3.txt,casilleros,125,35614161.6,24571568.0,11042593.7,,8665855.99,9158059.31,-492203.32,-492203.32,1,-0.1
2015,34903,1391723318001,OCEANFISH S.A.,A0311.01,A0311.01,Armadores / pesca marítima,MANTA,MANTA,ACTIVA,balances_2015_1.txt,NIIF_jerarquico,150,19868745.56,12307093.2,7561652.36,20374304.1,20374304.1,20085291.32,292305.98,19890.21,1,-0.0
2015,34919,1391724500001,PESCIMERA S.A,A0311.01,A0311.01,Armadores / pesca marítima,MANTA,MANTA,ACTIVA,balances_2015_3.txt,casilleros,86,9173573.0,2765649.25,6407923.75,,2181942.01,2716830.0,-534887.99,-91227.99,1,0.0
2015,34948,1391724837001,PRODUCTOS PESQUEROS S.A. PRODUPES,C1020.06,C1020.06,Industria: elaboración y conservación de pescado,MONTECRISTI,MONTECRISTI,ACTIVA,balances_2015_3.txt,casilleros,105,11010675.3,4866084.46,6144590.86,,20750375.4,19758271.9,992103.42,655506.73,1,-0.02
2015,34958,1391725426001,CARIBBEAN ATLANTIC CARTLANT S.A.,A0311.01,A0311.01,Armadores / pesca marítima,MANTA,MANTA,ACTIVA,balances_2015_4.txt,casilleros,16,837.24,0.0,837.24,,0.0,0.0,0.0,0.0,1,0.0
2015,35171,1390140319001,"FRIGORIFICO Y LABORATORIO SAN MATEO, FRIGOLAB SAN MATEO CIA. LTDA.",A0311.01,A0311.01,Armadores / pesca marítima,JARAMIJÓ,JARAMIJÓ,ACTIVA,balances_2015_3.txt,casilleros,155,16679527.0,12571454.0,4108073.05,,12971786.3,12631345.8,340440.54,142902.04,1,-0.05
2015,35254,1390143024001,PES NUNEZ SANTANA PESNUSAN CIA. LTDA.,C1020.02,C1020.02,Industria: elaboración y conservación de pescado,MONTECRISTI,MONTECRISTI,ACTIVA,balances_2015_3.txt,casilleros,96,983504.26,691262.08,292242.18,,6677348.97,6611504.09,65844.88,65844.88,1,0.0
2015,35294,1390144861001,MAREROCE EXPORT IMPORT CIA. LTDA.,C1020.01,C1020.01,Industria: elaboración y conservación de pescado,JARAMIJÓ,JARAMIJÓ,ACTIVA,balances_2015_3.txt,casilleros,81,2734514.36,1976650.91,757863.45,,4659322.18,4602746.27,56575.91,37509.83,1,0.0
2015,35359,1390148034001,PESQUERA CHOPITEA CIA. LTDA.,A0311.01,A0311.01,Armadores / pesca marítima,MANTA,MANTA,ACTIVA,balances_2015_3.txt,casilleros,85,877483.2,422105.78,455377.42,,329334.46,174400.82,154933.64,142178.97,1,-0.0
2015,35364,1390148433001,ALIMENTOS INTEGRADOS ALINTEGRA CIA. LTDA.,C1020.05,C1020.05,Industria: elaboración y conservación de pescado,MANTA,MANTA,ACTIVA,balances_2015_3.txt,casilleros,35,38588.53,417.74,38170.79,,1421.02,2730.53,-1309.51,-1309.51,1,0.0
2015,35404,1390150020001,HARINA DE PESCADO DE EXPORTACION HARDEPEX CIA. LTDA.,C1020.05,C1020.05,Industria: elaboración y conservación de pescado,JARAMIJÓ,JARAMIJÓ,DISOLUCIÓN Y LIQUIDACIÓ DE PLENO DERECHO NO INS RM,balances_2015_3.txt,casilleros,104,2438707.13,1637750.45,800956.68,,4764279.61,4617879.62,146399.99,66663.98,1,-0.0
2015,35420,1391700938001,MANATUN CIA. LTDA.,A0311.01,A0311.01,Armadores / pesca marítima,MANTA,MANTA,DISOLUCIÓN Y LIQUIDACIÓN OFICIO INSCRITA EN RM,balances_2015_3.txt,casilleros,53,33813.62,328.51,33485.11,,207585.5,207680.58,-95.08,-7227.1,1,0.0
2015,35524,1391715986001,JJ ECOMAR EXPORT IMPORT CIA.LTDA,C1020.02,C1020.02,Industria: elaboración y conservación de pescado,MANTA,MANTA,DISOLUCIÓN Y LIQUIDACIÓN DE PLENO DERECHO INSC. RM,balances_2015_4.txt,casilleros,1,0.0,0.0,0.0,,0.0,0.0,0.0,0.0,1,0.0
2015,35688,1391729391001,PESQUERA BETH EEL S.A.,A0311.01,A0311.01,Armadores / pesca marítima,MONTECRISTI,MONTECRISTI,ACTIVA,balances_2015_4.txt,casilleros,13,9795.87,0.0,9795.87,,0.0,0.0,0.0,0.0,1,0.0
2015,35759,1391731388001,ARMAPAC S.A.,C1020.02,C1020.02,Industria: elaboración y conservación de pescado,MANTA,MANTA,DISOLUCIÓN Y LIQUIDACIÓN OFICIO INSCRITA EN RM,balances_2015_3.txt,casilleros,20,100800.0,0.0,100800.0,,0.0,0.0,0.0,0.0,1,0.0
2015,35766,1391732872001,FRIGORIFICO Y CONSERVERA DE LA PESCA FRICOPES S.A.,A0311.01,A0311.01,Armadores / pesca marítima,MANTA,MANTA,ACTIVA,balances_2015_3.txt,casilleros,82,1541813.32,169773.46,1372039.86,,3723840.4,3680476.82,43363.58,12073.98,1,0.0
2015,35826,1391732813001,FISHMAR S.A.,A0311.01,A0311.01,Armadores / pesca marítima,MANTA,MANTA,ACTIVA,balances_2015_3.txt,casilleros,83,3329420.81,848107.89,2481312.92,,1942312.33,1033119.3,909193.03,600923.19,1,0.0
2015,35888,1391734271001,USAFISH S.A.,C1020.02,C1020.02,Industria: elaboración y conservación de pescado,MANTA,MANTA,ACTIVA,balances_2015_3.txt,casilleros,101,5831982.66,3678060.74,2153921.92,,18413011.6,17467481.9,945529.63,803700.19,1,0.0
2015,35973,1391736452001,B&B TUNE_SUPPLIERS S.A.,A0311.01,A0311.01,Armadores / pesca marítima,MANTA,MANTA,ACTIVA,balances_2015_3.txt,casilleros,109,8816301.79,3325151.11,5491150.68,,4233213.62,4173437.83,59775.79,13722.9,1,0.0
2015,369,1790034305001,SEAFMAN SOCIEDAD ECUATORIANA DE ALIMENTOS Y FRIGORIFICOS MANTA C.A.,C1020.02,C1020.02,Industria: elaboración y conservación de pescado,MANTA,MANTA,ACTIVA,balances_2015_3.txt,casilleros,176,53040117.4,29083680.8,23956436.6,,83696772.8,81650762.6,2046010.19,54609.45,1,-0.0
2015,39949,1391773439001,PESCAEXITO CIA. LTDA.,A0311.01,A0311.01,Armadores / pesca marítima,MANTA,MANTA,ACTIVA,balances_2015_4.txt,casilleros,69,204225.57,26226.76,177998.81,,183787.48,182762.08,1025.4,679.84,1,0.0
2015,61599,1391776101001,COINFORMANT S.A.,A0311.01,A0311.01,Armadores / pesca marítima,MANTA,MANTA,DISOLUCIÓN Y LIQUIDACIÓN DE PLENO DERECHO INSC. RM,balances_2015_3.txt,casilleros,32,46692.92,93.79,46599.13,,6000.03,6711.8,-711.77,-711.77,1,0.0
2015,61759,1391775903001,CONSULTORES INDUSTRIALES Y PRODUCTOS DEL MAR S.A. CIPROMAR,A0311.01,A0311.01,Armadores / pesca marítima,MANTA,MANTA,ACTIVA,balances_2015_3.txt,casilleros,42,63122.93,45412.82,17710.11,,853733.04,909780.92,-56047.88,0.0,1,0.0
2015,62123,1391776497001,FIOMAR&SHARK OCEAN S.A.,A0311.01,A0311.01,Armadores / pesca marítima,MONTECRISTI,MONTECRISTI,DISOLUCIÓN Y LIQUIDACIÓN OFICIO NO INSCRITA EN RM,balances_2015_3.txt,casilleros,17,1700.79,0.0,1700.79,,50.0,0.0,50.0,0.0,1,0.0
2015,62647,1391776683001,FRANCHI FISH S.A.,A0311.01,A0311.01,Armadores / pesca marítima,MANTA,MANTA,ACTIVA,balances_2015_3.txt,casilleros,81,589891.95,393378.23,196513.72,,4894807.11,4680265.39,214541.72,119895.43,1,-0.0
2015,63129,1391777434001,MUNDOTRADE S.A.,A0311.01,A0311.01,Armadores / pesca marítima,MANTA,MANTA,DISOLUCIÓN Y LIQUIDACIÓN OFICIO INSCRITA EN RM,balances_2015_4.txt,casilleros,63,95160.2,82610.61,12549.59,,482037.61,466787.01,15250.6,15250.6,1,-0.0
2015,636,1390005713001,INDUSTRIA ECUATORIANA PRODUCTORA DE ALIMENTOS CA INEPACA,C1020.02,C1020.02,Industria: elaboración y conservación de pescado,MANTA,MANTA,ACTIVA,balances_2015_3.txt,casilleros,138,66422611.5,16794371.9,49628239.5,,61866805.6,59772858.8,2093946.87,928911.01,1,0.1
2015,63945,1391778732001,INTERNACIONAL SEAFOOD FOODINTER S.A.,C1020.03,C1020.03,Industria: elaboración y conservación de pescado,MANTA,MANTA,DISOLUCIÓN Y LIQUIDACIÓN OFICIO NO INSCRITA EN RM,balances_2015_3.txt,casilleros,23,8752.44,29332.93,0.0,,0.0,1280.0,-1280.0,-1280.0,1,-20580.49
2015,64976,1391779801001,EMPACADORA ALKRISTO DEL MAR S.A. EMPALMAR,A0311.01,A0311.01,Armadores / pesca marítima,MANTA,MANTA,ACTIVA,balances_2015_4.txt,casilleros,54,507986.49,479832.49,28154.0,,2477107.78,2463851.52,13256.26,0.0,1,0.0
2015,700234,1391824416001,GOODMARCOM S.A.,A0311.03,A0311.03,Armadores / pesca marítima,JARAMIJÓ,JARAMIJÓ,ACTIVA,balances_2015_7.txt,casilleros,42,87896.68,80484.0,7412.68,0.0,179648.07,173035.39,6612.68,6612.68,1,-0.0
2015,702291,1391825846001,MARICULTORES DE GALAPAGOS MARIDEGAL S.A.,A0311.01,A0311.01,Armadores / pesca marítima,MANTA,MANTA,DISOLUCIÓN Y LIQUIDACIÓN DE PLENO DERECHO INSC. RM,balances_2015_4.txt,casilleros,9,900.0,0.0,900.0,,0.0,0.0,0.0,0.0,1,0.0
2015,702387,1391825676001,CORPORACION FRANK REVELO. EXPORTACION - IMPORTACION - PESQUERA AGRICOLA. EXPORMANTA S.A.,A0311.01,A0311.01,Armadores / pesca marítima,MANTA,MANTA,ACTIVA,balances_2015_4.txt,casilleros,34,172257.97,175508.48,0.0,,102.01,4187.02,-4085.01,-4085.01,1,-3250.51
2015,702573,1391835337001,SARDIMARSAL S.A.,A0311.03,A0311.03,Armadores / pesca marítima,JARAMIJÓ,JARAMIJÓ,DISOLUCIÓN Y LIQUIDACIÓ DE PLENO DERECHO NO INS RM,balances_2015_4.txt,casilleros,2,0.0,0.0,0.0,,0.0,0.0,0.0,0.0,1,0.0
2015,7027,1390050352001,CONSERVAS ISABEL ECUATORIANA S.A.,C1020.02,C1020.02,Industria: elaboración y conservación de pescado,MANTA,MANTA,ACTIVA,balances_2015_3.txt,casilleros,162,88139459.0,39091371.4,49048087.6,,127440999.0,122280458.0,5160541.54,3571753.09,1,0.0
2015,703246,1391827598001,COMERCIALIZADORA DEL MAR PEZ&PEZ S.A.,A0311.01,A0311.01,Armadores / pesca marítima,MANTA,MANTA,ACTIVA,balances_2015_3.txt,casilleros,68,167352.61,165817.1,1535.51,,260149.95,259614.44,535.51,535.51,1,-0.0
2015,703421,1391829108001,PRIMSA FISHING DIAMONT PFDCOM S.A.,A0311.03,A0311.03,Armadores / pesca marítima,MANTA,MANTA,DISOLUCIÓN Y LIQUIDACIÓN DE PLENO DERECHO INSC. RM,balances_2015_3.txt,casilleros,23,136189.2,116004.73,20184.47,,0.0,0.0,0.0,8870.34,1,0.0
2015,703855,1391829469001,NAVIERA ECUATORIANA PICHINCHA NAVIP S.A.,A0311.03,A0311.03,Armadores / pesca marítima,MANTA,MANTA,ACTIVA,balances_2015_3.txt,casilleros,15,5413.28,4613.28,800.0,,0.0,0.0,0.0,0.0,1,0.0
2015,703858,1391829493001,PRODUCTORA NACIONAL ATUNERA ECUATORIANA PROATUNA S.A.,A0311.03,A0311.03,Armadores / pesca marítima,MANTA,MANTA,DISOLUCIÓN Y LIQUIDACIÓN OFICIO NO INSCRITA EN RM,balances_2015_3.txt,casilleros,61,2445047.34,2443452.59,1594.75,,20020.75,18816.26,1204.49,394.75,1,0.0
2015,703860,1391829442001,NAVIERA ECUATORIANA AUSTRAL MARITIMA AUSMAR S.A.,A0311.03,A0311.03,Armadores / pesca marítima,MANTA,MANTA,DISOLUCIÓN Y LIQUIDACIÓN OFICIO INSCRITA EN RM,balances_2015_3.txt,casilleros,15,5413.28,4613.28,800.0,,0.0,0.0,0.0,0.0,1,0.0
2015,703862,1391829434001,NAVIERA ECUATORIANA DAULE NAECUDAL S.A.,A0311.03,A0311.03,Armadores / pesca marítima,MANTA,MANTA,DISOLUCIÓN Y LIQUIDACIÓN OFICIO INSCRITA EN RM,balances_2015_3.txt,casilleros,15,5413.28,4613.28,800.0,,0.0,0.0,0.0,0.0,1,0.0
2015,704035,1391829426001,INDUSTRIAS CIBIS SANUS INDUCIBIS S.A.,C1020.02,C1020.02,Industria: elaboración y conservación de pescado,MANTA,MANTA,ACTIVA,balances_2015_3.txt,casilleros,51,4955.24,26.03,4929.21,,4521.87,7492.66,-2970.79,-2970.79,1,0.0
2015,704360,1391830068001,PESQUERA TUNAQUICK S.A.,A0311.01,A0311.01,Armadores / pesca marítima,MONTECRISTI,MONTECRISTI,ACTIVA,balances_2015_4.txt,casilleros,20,1167766.83,1166766.83,1000.0,,0.0,0.0,0.0,0.0,1,0.0
2015,704997,1391831846001,COMERCIALIZADORA HERNAN CHICA IMEXTUNACONP S.A.,A0311.01,A0311.01,Armadores / pesca marítima,MANTA,MANTA,ACTIVA,balances_2015_3.txt,casilleros,41,6303.54,3252.86,3050.68,,2000.0,1935.03,64.97,45.61,1,0.0
2015,72073,0991313788001,ASISERVY S.A.,C1020.02,C1020.02,Industria: elaboración y conservación de pescado,JARAMIJÓ,JARAMIJÓ,ACTIVA,balances_2015_1.txt,NIIF_jerarquico,154,54976723.63,33836481.12,21140242.51,56854027.34,57206235.49,54415455.129999995,0.0,0.0,1,0.0
2015,72096,0991316531001,AGROL S.A.,A0311.01,A0311.01,Armadores / pesca marítima,MANTA,MANTA,ACTIVA,balances_2015_5.txt,casilleros,77,7349882.05,4214479.35,3135402.7,,2474576.19,3484462.04,-1009885.85,-1009885.85,1,0.0
2015,79132,0991417117001,MARMONTESAN S.A.,A0311.01,A0311.01,Armadores / pesca marítima,MONTECRISTI,MONTECRISTI,ACTIVA,balances_2015_4.txt,casilleros,44,9257.41,0.0,9257.41,,204434.0,205435.32,-1001.32,-1001.32,1,0.0
2015,83238,0991469095001,TADEL S.A.,C1020.05,C1020.05,Industria: elaboración y conservación de pescado,JARAMIJÓ,JARAMIJÓ,ACTIVA,balances_2015_3.txt,casilleros,152,24303866.9,5801151.43,18502715.5,,36705565.6,32753829.6,3951735.99,2598878.56,1,-0.03
2015,95584,1391738803001,EYCO S.A.,A0311.01,A0311.01,Armadores / pesca marítima,MANTA,MANTA,ACTIVA,balances_2015_3.txt,casilleros,71,146295.48,76651.46,69644.02,,652348.86,647272.26,5076.6,5076.6,1,0.0
2015,95604,1391739524001,PROHAPEZ MANTA S.A.,A0311.01,A0311.01,Armadores / pesca marítima,MONTECRISTI,MONTECRISTI,ACTIVA,balances_2015_8.txt,casilleros,10,2100.0,0.0,2100.0,0.0,0.0,0.0,0.0,0.0,1,0.0
2015,95611,0992471557001,EMPROPESCA S.A.,A0311.01,A0311.01,Armadores / pesca marítima,MANTA,MANTA,ACTIVA,balances_2015_4.txt,casilleros,34,367487.15,400847.28,0.0,,0.0,34055.58,-34055.58,-34055.58,1,-33360.13
2015,95657,1391740433001,COMERCIALIZADORA DE PRODUCTOS DEL MAR SINAI S. A.,A0311.01,A0311.01,Armadores / pesca marítima,MONTECRISTI,MONTECRISTI,ACTIVA,balances_2015_3.txt,casilleros,29,48.96,63448.64,0.0,,38244.14,102053.93,-63809.79,-63809.79,1,-63399.68
2015,95714,1391742053001,DISTRIBUIDORA FLIPPER S.A.,A0311.01,A0311.01,Armadores / pesca marítima,MANTA,MANTA,DISOLUCIÓN Y LIQUIDACIÓN OFICIO INSCRITA EN RM,balances_2015_3.txt,casilleros,100,2222637.09,1519170.33,703466.76,,8182507.73,7876479.22,306028.51,203626.79,1,-0.0
2015,95725,1391742320001,TUNIDOS DEL PACIFICO S.A.,C1020.02,C1020.02,Industria: elaboración y conservación de pescado,MANTA,MANTA,DISOLUCIÓN Y LIQUIDACIÓN OFICIO INSCRITA EN RM,balances_2015_4.txt,casilleros,24,195608.14,102434.3,93173.84,,0.0,0.0,0.0,0.0,1,0.0
2015,95806,1391744064001,PESPESCA S.A.,C1020.07,C1020.07,Industria: elaboración y conservación de pescado,MONTECRISTI,MONTECRISTI,ACTIVA,balances_2015_3.txt,casilleros,136,38997072.7,27754045.5,11243027.2,,37661449.9,38097935.7,-436485.82,-436485.82,1,0.0
2015,95871,1391744943001,AMATXU MARIA LUISA CIA. LTDA.,A0311.01,A0311.01,Armadores / pesca marítima,MANTA,MANTA,ACTIVA,balances_2015_3.txt,casilleros,20,400.0,0.0,400.0,,0.0,184998.67,-184998.67,0.0,1,0.0
2015,95900,1391745656001,OCEAN FARM S.A.,A0311.01,A0311.01,Armadores / pesca marítima,MANTA,MANTA,ACTIVA,balances_2015_3.txt,casilleros,84,2891473.85,2543104.3,348369.55,,439562.05,503948.91,-64386.86,-67521.66,1,0.0
2015,95926,1391746830001,FRESH FISH DEL ECUADOR CIA. LTDA.,A0311.01,A0311.01,Armadores / pesca marítima,MANTA,MANTA,ACTIVA,balances_2015_3.txt,casilleros,119,10840413.4,8944763.62,1895649.73,,8821183.08,10482263.2,-1661080.13,-1661080.13,1,0.05
2015,95993,1391747314001,INDUSTRIAS DE PRODUCTOS DEL MAR S.A. IDELMAR,A0311.01,A0311.01,Armadores / pesca marítima,MANTA,MANTA,ACTIVA,balances_2015_3.txt,casilleros,80,3040277.73,2254960.92,785316.81,,1664305.97,1907295.83,-242989.86,-242989.85,1,0.0
2015,96020,1391748027001,DELIPESCA S.A.,A0311.01,A0311.01,Armadores / pesca marítima,MANTA,MANTA,ACTIVA,balances_2015_3.txt,casilleros,90,20304665.07,14220090.93,6084574.14,,7195916.42,8097326.61,-901410.19,-901410.19,1,0.0
2015,96128,1391750811001,ISIMARE S.A.,A0311.01,A0311.01,Armadores / pesca marítima,JARAMIJÓ,JARAMIJÓ,ACTIVA,balances_2015_3.txt,casilleros,70,874784.79,605021.6,269763.19,,634701.36,585109.37,49591.99,49591.99,1,0.0
2015,96213,1391753071001,EUROTUNA S.A.,A0311.01,A0311.01,Armadores / pesca marítima,MANTA,MANTA,ACTIVA,balances_2015_4.txt,casilleros,55,35800.64,34758.07,1042.57,,7731.21,7300.21,431.0,0.0,1,-0.0
2015,96216,1391752377001,MARINE PROTEIN MARPROT S.A.,A0311.01,A0311.01,Armadores / pesca marítima,MONTECRISTI,MONTECRISTI,ACTIVA,balances_2015_3.txt,casilleros,134,3183170.42,2580849.63,602320.79,,2328286.88,2151050.38,177236.5,90584.29,1,0.0
2015,96218,1391752822001,MARCARIBE S.A.,A0311.01,A0311.01,Armadores / pesca marítima,MANTA,MANTA,ACTIVA,balances_2015_4.txt,casilleros,20,824.26,0.0,824.26,,0.0,0.0,0.0,0.0,1,0.0
2015,96265,1391753233001,TECNIMAR CIA. LTDA.,A0311.01,A0311.01,Armadores / pesca marítima,MANTA,MANTA,ACTIVA,balances_2015_7.txt,casilleros,9,2000.0,0.0,2000.0,0.0,0.0,0.0,0.0,0.0,1,0.0
2015,99022,0991520767001,GALDECUN S.A.,C1020.06,C1020.06,Industria: elaboración y conservación de pescado,JARAMIJÓ,JARAMIJÓ,ACTIVA,balances_2015_3.txt,casilleros,103,12319737.8,11073870.8,1245867.01,,6701467.2,6853844.98,-152377.78,-152377.78,1,-0.01
2016,100223,1391782926001,ALIMENTOS DEL MAR MARFOODSA S.A.,A0311.01,A0311.01,Armadores / pesca marítima,JARAMIJÓ,JARAMIJÓ,ACTIVA,balances_2016_3.txt,casilleros,62,246167.22,6013.89,240153.33,,146300.0,142788.87,3511.13,1919.82,1,0.0
2016,10060,1390021646001,PESPACA PESQUERA DEL PACIFICO CA,C1020.02,C1020.02,Industria: elaboración y conservación de pescado,MANTA,MANTA,ACTIVA,balances_2016_3.txt,casilleros,56,2139286.96,1928099.41,211187.55,,500000.0,494185.52,5814.48,5814.48,1,0.0
2016,109262,0992262427001,GEOPAXI S.A.,A0311.01,A0311.01,Armadores / pesca marítima,MANTA,MANTA,DISOLUCIÓN Y LIQUIDACIÓN OFICIO INSCRITA EN RM,balances_2016_3.txt,casilleros,104,23843678.6,11282261.0,12561417.6,,17168066.7,15468961.2,1699105.49,1299815.7,1,0.0
2016,111848,0992299231001,ELVAYKA KYOEI S.A.,A0311.01,A0311.01,Armadores / pesca marítima,MANTA,MANTA,ACTIVA,balances_2016_3.txt,casilleros,118,38436862.7,27839862.4,10597000.2,,18215783.7,17646095.1,569688.56,361364.84,1,0.1
2016,114130,0992331283001,XUK S.A.,A0311.01,A0311.01,Armadores / pesca marítima,JARAMIJÓ,JARAMIJÓ,ACTIVA,balances_2016_3.txt,casilleros,107,3831900.13,2375300.7,1456599.43,,3818351.07,3664005.08,154345.99,76989.28,1,-0.0
2016,115653,0992354186001,TUNAEXPORT S.A.S.,A0311.01,A0311.01,Armadores / pesca marítima,MANTA,MANTA,ACTIVA,balances_2016_3.txt,casilleros,89,6908280.79,2048640.8,4859639.99,,3550246.86,3201477.56,348769.3,246274.47,1,0.0
2016,11733,1390013643001,INDUSTRIA DE ENLATADOS ALIMENTICIOS CIA LTDA IDEAL,C1020.02,C1020.02,Industria: elaboración y conservación de pescado,MONTECRISTI,MONTECRISTI,DISOLUCIÓN Y LIQUIDACIÓN OFICIO INSCRITA EN RM,balances_2016_3.txt,casilleros,137,57416245.5,40542147.3,16874098.2,,18698383.5,18881491.2,-183107.71,-183107.71,1,0.0
2016,12582,1390034063001,EMPRESA DEL MAR CIA LTDA,A0311.01,A0311.01,Armadores / pesca marítima,MANTA,MANTA,ACTIVA,balances_2016_3.txt,casilleros,75,405223.43,342668.37,62555.06,,729154.0,719427.06,9726.94,4799.59,1,0.0
2016,126601,0992505621001,SUNSTAR S.A.,A0311.01,A0311.01,Armadores / pesca marítima,MANTA,MANTA,ACTIVA,balances_2016_3.txt,casilleros,68,232096.68,226762.19,5334.49,,789977.37,783578.11,6399.26,647.96,1,-0.0
2016,128384,0992530332001,ASTILLERO ESPERANZA DEL MAR C.A. ASTIESMAR,A0311.01,A0311.01,Armadores / pesca marítima,JARAMIJÓ,JARAMIJÓ,ACTIVA,balances_2016_3.txt,casilleros,132,14055065.4,11097743.7,2957321.69,,8563070.84,8204540.12,358530.72,200218.97,1,0.01
2016,134444,0992623284001,POKINCI S.A.,C1020.02,C1020.02,Industria: elaboración y conservación de pescado,JARAMIJÓ,JARAMIJÓ,ACTIVA,balances_2016_2.txt,casilleros,11,800.0,0.0,800.0,,0.0,0.0,0.0,0.0,1,0.0
2016,137966,1391785003001,COMERCIALIZADORA TONINO SEA FOOD S.A. COMTOSEAFOOD,A0311.01,A0311.01,Armadores / pesca marítima,MANTA,MANTA,ACTIVA,balances_2016_3.txt,casilleros,25,26000.0,1000.0,25000.0,,10.0,9.99,0.01,0.0,1,0.0
2016,139001,1391785402001,PESQUERA MONTECRISTI S.A. PESQUEMONSA,A0311.01,A0311.01,Armadores / pesca marítima,MANTA,MANTA,ACTIVA,balances_2016_3.txt,casilleros,86,5953236.38,2876038.91,3077197.47,,2647848.07,2464680.34,183167.73,100655.36,1,-0.0
2016,139004,1391799101001,PUERTOMAR S.A.,A0311.03,A0311.03,Armadores / pesca marítima,JARAMIJÓ,JARAMIJÓ,ACTIVA,balances_2016_3.txt,casilleros,91,2404928.25,976332.7,1428595.55,,4865446.83,3985788.18,879658.65,747709.85,1,0.0
2016,141044,1391790619001,FULL MOON ECUADOR FULMEC S.A.,A0311.01,A0311.01,Armadores / pesca marítima,MANTA,MANTA,ACTIVA,balances_2016_3.txt,casilleros,40,10044.44,1692.58,8351.86,,142533.86,136101.42,6432.44,6432.44,1,0.0
2016,141596,1391788185001,COVEROSA S.A.,A0311.01,A0311.01,Armadores / pesca marítima,MANTA,MANTA,ACTIVA,balances_2016_3.txt,casilleros,78,402108.48,317126.3,84982.18,,3530788.48,3510156.47,20632.01,17537.21,1,0.0
2016,143146,1391789629001,ACUIRÍA S.A.,C1020.01,C1020.01,Industria: elaboración y conservación de pescado,MANTA,MANTA,DISOLUCIÓN Y LIQUIDACIÓN OFICIO INSCRITA EN RM,balances_2016_3.txt,casilleros,83,331455.17,287270.15,44185.02,,120641.09,110872.25,9768.84,6434.67,1,-0.0
2016,143165,1391790589001,ACUICOLA Y PISCICOLA LA ISLA S.A. ACUISLA,A0311.01,A0311.01,Armadores / pesca marítima,MANTA,MANTA,ACTIVA,balances_2016_3.txt,casilleros,59,154512.3,61459.05,93053.25,,190412.47,163974.13,26438.34,26438.34,1,-0.0
2016,143486,1391790104001,ATUN ESTRIBELA S.A.,A0311.03,A0311.03,Armadores / pesca marítima,MANTA,MANTA,DISOLUCIÓN Y LIQUIDACIÓN OFICIO NO INSCRITA EN RM,balances_2016_3.txt,casilleros,86,14991922.0,12825426.9,2166495.14,,1930963.33,4580148.61,-2649185.28,-2649185.28,1,-0.04
2016,143580,1391790260001,OSAKAFISH S.A.,A0311.01,A0311.01,Armadores / pesca marítima,MANTA,MANTA,DISOLUCIÓN Y LIQUIDACIÓN OFICIO INSCRITA EN RM,balances_2016_6.txt,casilleros,61,146627.09,144690.32,1936.77,72500.0,73222.67,76246.22,-3023.55,-3023.55,1,-0.0
2016,143702,1391790279001,AGRICOLA Y PISCICOLA SUSSMANN DELGADO AGROSUSSDEL S.A.,A0311.01,A0311.01,Armadores / pesca marítima,MANTA,MANTA,ACTIVA,balances_2016_3.txt,casilleros,40,0.0,21795.97,-21795.97,,12301.01,35296.98,-22995.97,-22995.97,1,0.0
2016,143706,1391790287001,PESQUERA ATUNES DEL PACIFICO S.A. ''ATUNPACIFICOSA'',A0311.03,A0311.03,Armadores / pesca marítima,MANTA,MANTA,ACTIVA,balances_2016_3.txt,casilleros,109,27482567.4,3488095.48,23994471.9,,21528135.0,18114482.9,3413652.11,2363553.09,1,0.02
2016,144167,1391791488001,GRUPO DEGFER CIA. LTDA.,A0311.01,A0311.01,Armadores / pesca marítima,JARAMIJÓ,JARAMIJÓ,ACTIVA,balances_2016_3.txt,casilleros,40,490377.76,499778.63,-9400.87,,0.0,29400.87,-29400.87,0.0,1,0.0
2016,144336,1391791097001,PESCADOS Y MARISCOS DEL PACIFICO S.A. PESMARPAC,A0311.01,A0311.01,Armadores / pesca marítima,JARAMIJÓ,JARAMIJÓ,ACTIVA,balances_2016_3.txt,casilleros,96,997607.34,624291.71,373315.63,,6797988.82,6777751.2,20237.62,13391.44,1,0.0
2016,144480,1391791178001,ALETAMARILLA S.A.,A0311.01,A0311.01,Armadores / pesca marítima,MANTA,MANTA,ACTIVA,balances_2016_3.txt,casilleros,70,2908385.98,130634.19,2777751.79,,2335725.23,2703753.35,-368028.12,-368028.12,1,0.0
2016,144740,1391799624001,LOGISTICA INTERNACIONAL LOGISINSA S.A.,A0311.01,A0311.01,Armadores / pesca marítima,MANTA,MANTA,ACTIVA,balances_2016_3.txt,casilleros,53,92806.06,85580.75,7225.31,,109037.9,103232.78,5805.12,4719.57,1,-0.0
2016,145016,1391791895001,INDUSTRIAL PESQUERA DEL PACIFICO S.A. INPESPA,A0311.01,A0311.01,Armadores / pesca marítima,MANTA,MANTA,ACTIVA,balances_2016_3.txt,casilleros,59,112658.17,101783.56,10874.61,,40343.27,40104.13,239.14,158.55,1,0.0
2016,145888,1391793308001,PESFRESCO S.A.,A0311.01,A0311.01,Armadores / pesca marítima,MANTA,MANTA,ACTIVA,balances_2016_3.txt,casilleros,71,108107.99,39798.95,68309.04,,484573.43,478721.24,5852.19,3355.64,1,0.0
2016,145894,1391793065001,EMPACADORA DE MARISCOS ECUAMARISC CIA. LTDA.,A0311.01,A0311.01,Armadores / pesca marítima,MANTA,MANTA,ACTIVA,balances_2016_6.txt,casilleros,62,495876.41,490709.6,5166.81,922408.2,922408.2,917641.39,4766.81,4766.81,1,-0.0
2016,146215,1391792999001,SARDINAS DEL PACIFICO S.A. SARDIPAC,A0311.01,A0311.01,Armadores / pesca marítima,JARAMIJÓ,JARAMIJÓ,ACTIVA,balances_2016_3.txt,casilleros,120,6459523.82,6454137.54,5386.28,,9192662.58,8726301.49,466361.09,322880.16,1,0.0
2016,146541,1391793405001,ASOCIACION DE PESCA EXPORTABLE ASOPESEX C.A.,A0311.01,A0311.01,Armadores / pesca marítima,MANTA,MANTA,ACTIVA,balances_2016_4.txt,casilleros,1,0.0,0.0,0.0,,0.0,0.0,0.0,0.0,1,0.0
2016,146715,1391793731001,VIDA MARINA VIMARINA CIA. LTDA.,C1020.04,C1020.04,Industria: elaboración y conservación de pescado,MANTA,MANTA,ACTIVA,balances_2016_3.txt,casilleros,68,357669.78,84051.86,273617.92,,87027.65,86279.92,747.73,319.74,1,0.0
2016,146994,1391793960001,PD-PESCA S.A.,A0311.01,A0311.01,Armadores / pesca marítima,JARAMIJÓ,JARAMIJÓ,ACTIVA,balances_2016_3.txt,casilleros,56,437973.69,297509.17,140464.52,,9000.22,41283.68,-32283.46,-32283.46,1,0.0
2016,148246,1391798040001,OCEAN AMERICA FOOD S.A. OCEAMERSA,C1020.02,C1020.02,Industria: elaboración y conservación de pescado,MANTA,MANTA,DISOLUCIÓN Y LIQUIDACIÓN DE PLENO DERECHO INSC. RM,balances_2016_3.txt,casilleros,10,1901.43,0.0,1901.43,,0.0,0.0,0.0,0.0,1,0.0
2016,148632,1391796056001,INTERATLANTIC S.A.,A0311.01,A0311.01,Armadores / pesca marítima,MANTA,MANTA,ACTIVA,balances_2016_3.txt,casilleros,48,33796.6,19314.88,14481.72,,62270.32,60683.62,1586.7,1051.98,1,-0.0
2016,149717,1391797672001,FERPIL'S S.A.,A0311.01,A0311.01,Armadores / pesca marítima,MANTA,MANTA,ACTIVA,balances_2016_3.txt,casilleros,44,4606.59,3041.38,1565.21,,49722.39,49103.74,618.65,565.21,1,0.0
2016,164355,1391797958001,PRODUMAN ECUADOR CIA. LTDA.,A0311.01,A0311.01,Armadores / pesca marítima,MANTA,MANTA,ACTIVA,balances_2016_3.txt,casilleros,11,743.66,0.0,743.66,,0.0,0.0,0.0,0.0,1,0.0
2016,166157,1391800290001,COMERCIALIZADORA DE PRODUCTOS PESQUEROS S.A. COMPROPEZ,A0311.01,A0311.01,Armadores / pesca marítima,JARAMIJÓ,JARAMIJÓ,ACTIVA,balances_2016_3.txt,casilleros,67,144981.25,97902.28,47078.97,,588726.86,564735.21,23991.65,12387.16,1,0.0
2016,166188,1391799713001,FRIGORIFICO Y LABORATORIO DE PESCA FRILABPESCA S.A.,A0311.01,A0311.01,Armadores / pesca marítima,MANTA,MANTA,ACTIVA,balances_2016_3.txt,casilleros,12,800.0,0.0,800.0,,0.0,0.0,0.0,0.0,1,0.0
2016,166190,1391799748001,TECNICA DE LA MARICULTURA S.A. TECNIMARSA,A0311.01,A0311.01,Armadores / pesca marítima,MANTA,MANTA,ACTIVA,balances_2016_3.txt,casilleros,28,43709.75,24251.56,19458.19,,0.0,4284.18,-4284.18,-4284.18,1,0.0
2016,166486,1391800568001,ECUAOCEAN S.A.,A0311.01,A0311.01,Armadores / pesca marítima,MANTA,MANTA,ACTIVA,balances_2016_3.txt,casilleros,40,51876.32,44235.46,7640.86,,662531.0,655890.14,6640.86,6640.86,1,0.0
2016,166831,1391800517001,PRODUCTOS DEL REY S.A. PRODUCTREY,A0311.01,A0311.01,Armadores / pesca marítima,MANTA,MANTA,DISOLUCIÓN Y LIQUIDACIÓN OFICIO INSCRITA EN RM,balances_2016_3.txt,casilleros,27,2352525.09,1726570.17,625954.92,,0.0,0.0,0.0,0.0,1,-0.0
2016,169235,1391803850001,MARPESCA ECUADOR S.A.,A0311.01,A0311.01,Armadores / pesca marítima,MONTECRISTI,MONTECRISTI,ACTIVA,balances_2016_3.txt,casilleros,48,332702.22,317557.45,15144.77,,99049.39,106270.46,-7221.07,-7221.07,1,-0.0
2016,169323,1391804083001,PESDEMAR S.A.,A0311.01,A0311.01,Armadores / pesca marítima,MANTA,MANTA,ACTIVA,balances_2016_3.txt,casilleros,45,117746.77,66174.99,51571.78,,154477.05,154734.04,-256.99,-256.99,1,0.0
2016,170154,1391805691001,MARITMA ECUATORIAL S.A. ECUAMARITIMA,A0311.01,A0311.01,Armadores / pesca marítima,MANTA,MANTA,DISOLUCIÓN Y LIQUIDACIÓN OFICIO NO INSCRITA EN RM,balances_2016_3.txt,casilleros,75,4333052.55,3996069.09,336983.46,,5627999.95,5255335.12,372664.83,242575.54,1,-0.0
2016,170293,1391805381001,BRISATUN S.A.,A0311.01,A0311.01,Armadores / pesca marítima,MANTA,MANTA,DISOLUCIÓN Y LIQUIDACIÓN OFICIO INSCRITA EN RM,balances_2016_3.txt,casilleros,69,8195761.36,7980999.68,214761.68,,4311538.21,4934173.96,-622635.75,-622635.75,1,0.0
2016,170806,1391806000001,FLOSERPESCA S.A.,C1020.02,C1020.02,Industria: elaboración y conservación de pescado,MANTA,MANTA,ACTIVA,balances_2016_3.txt,casilleros,45,53302.27,17937.27,35365.0,,68275.88,60577.39,7698.49,6004.82,1,0.0
2016,171323,1391806426001,CABOMARFISH S.A.,A0311.03,A0311.03,Armadores / pesca marítima,MANTA,MANTA,DISOLUCIÓN Y LIQUIDACIÓN DE PLENO DERECHO INSC. RM,balances_2016_3.txt,casilleros,39,2526.95,1483.09,1043.86,,38071.6,37785.47,286.13,243.86,1,0.0
2016,171950,1391807651001,MONMIFISH S.A.,A0311.01,A0311.01,Armadores / pesca marítima,MANTA,MANTA,ACTIVA,balances_2016_3.txt,casilleros,66,123586.64,39852.05,83734.59,,4452942.3,4404443.79,48498.51,48498.51,1,0.0
2016,172315,1391807627001,COMPAÑÍA AL MAR PESCA ALMARPEZ S.A.,A0311.01,A0311.01,Armadores / pesca marítima,MANTA,MANTA,ACTIVA,balances_2016_3.txt,casilleros,64,297879.11,287259.9,10619.21,,377988.22,374514.77,3473.45,2072.6,1,-0.0
2016,172449,1391807902001,PROCOPROMAR CIA. LTDA.,A0311.01,A0311.01,Armadores / pesca marítima,MANTA,MANTA,DISOLUCIÓN Y LIQUIDACIÓN OFICIO INSCRITA EN RM,balances_2016_3.txt,casilleros,79,199151.19,186259.27,12891.92,,872197.56,870862.72,1334.84,796.49,1,0.0
2016,172770,1391808143001,PRODUCTOS DEL MAR PROMARIT S.A.,C1020.07,C1020.07,Industria: elaboración y conservación de pescado,MANTA,MANTA,ACTIVA,balances_2016_3.txt,casilleros,7,800.0,0.0,800.0,,0.0,0.0,0.0,0.0,1,0.0
2016,173162,1391808690001,CULTIVO DE PECES S.A. CULTIPESCA,C1020.07,C1020.07,Industria: elaboración y conservación de pescado,MANTA,MANTA,ACTIVA,balances_2016_3.txt,casilleros,12,15000.0,12500.0,2500.0,,0.0,0.0,0.0,0.0,1,0.0
2016,173324,1391809522001,V&BFISH S.A.,A0311.01,A0311.01,Armadores / pesca marítima,MANTA,MANTA,ACTIVA,balances_2016_3.txt,casilleros,48,403630.61,381608.77,22021.84,,2807069.97,2800943.06,6126.91,5157.13,1,-0.0
2016,173680,1391809336001,VERTIPEZ S.A.,A0311.01,A0311.01,Armadores / pesca marítima,MANTA,MANTA,DISOLUCIÓN Y LIQUIDACIÓN DE PLENO DERECHO INSC. RM,balances_2016_3.txt,casilleros,39,667877.34,667077.34,800.0,,2005576.49,1980364.23,25212.26,0.0,1,0.0
2016,17663,1390097677001,MARDEX MARISCOS DE EXPORTACION S.A.,A0311.01,A0311.01,Armadores / pesca marítima,MANTA,MANTA,DISOLUCIÓN Y LIQUIDACIÓN OFICIO INSCRITA EN RM,balances_2016_3.txt,casilleros,133,10365269.1,5251153.3,5114115.83,,4923763.38,4912108.02,11655.36,1037.14,1,-0.03
2016,176832,1391814968001,BLAUFISH CIA. LTDA.,A0311.01,A0311.01,Armadores / pesca marítima,MANTA,MANTA,ACTIVA,balances_2016_3.txt,casilleros,21,233285.1,22392.79,210892.31,,0.0,0.0,0.0,205318.73,1,0.0
2016,176961,1391814992001,"NAMAFRU NATURAL, MARISCO Y FRUTAS S.A.S.",A0311.01,A0311.01,Armadores / pesca marítima,JARAMIJÓ,JARAMIJÓ,ACTIVA,balances_2016_3.txt,casilleros,7,12500.0,0.0,12500.0,,0.0,0.0,0.0,0.0,1,0.0
2016,177304,1391815239001,EMPACADORA FRIPEZ S.A.,A0311.01,A0311.01,Armadores / pesca marítima,MANTA,MANTA,ACTIVA,balances_2016_5.txt,NIIF_jerarquico,66,229470.2,218452.14,11018.06,423651.1,423651.1,451560.39,-27909.29,-27909.29,1,-0.0
2016,178208,1391817371001,OCEAN KEY S.A. OCEANMANTA,A0311.01,A0311.01,Armadores / pesca marítima,MANTA,MANTA,ACTIVA,balances_2016_3.txt,casilleros,30,65899.76,125346.37,-59446.61,,315031.87,375593.97,-60562.1,-60562.1,1,0.0
2016,179101,1391817320001,BOTE MIMORENITA4 S.A.,A0311.01,A0311.01,Armadores / pesca marítima,MANTA,MANTA,ACTIVA,balances_2016_3.txt,casilleros,13,2000.0,0.0,2000.0,,0.0,0.0,0.0,0.0,1,0.0
2016,179519,1391817789001,CAMARONERA DEL PACIFICO S.A. PACIFCAM,A0311.01,A0311.01,Armadores / pesca marítima,MANTA,MANTA,ACTIVA,balances_2016_3.txt,casilleros,81,452382.51,400373.52,52008.99,,828786.14,798166.89,30619.25,19802.73,1,-0.0
2016,179709,1391818254001,PROMAREC S.A.,C1020.02,C1020.02,Industria: elaboración y conservación de pescado,MANTA,MANTA,DISOLUCIÓN Y LIQUIDACIÓN OFICIO INSCRITA EN RM,balances_2016_3.txt,casilleros,21,49502.22,63141.74,-13639.52,,0.0,0.0,0.0,0.0,1,0.0
2016,180003,1391818343001,TUNA FISHING COMPANY ECUADOR TUFICOM C. LTDA.,A0311.01,A0311.01,Armadores / pesca marítima,MANTA,MANTA,DISOLUCIÓN Y LIQUIDACIÓN OFICIO INSCRITA EN RM,balances_2016_3.txt,casilleros,13,402.0,0.0,402.0,,0.0,0.0,0.0,0.0,1,0.0
2016,180892,1391819129001,CONSERVERATROPICAL CIA. LTDA.,C1020.02,C1020.02,Industria: elaboración y conservación de pescado,MANTA,MANTA,ACTIVA,balances_2016_4.txt,casilleros,20,54087.37,30701.17,23386.2,,0.0,74403.83,-74403.83,-74403.83,1,0.0
2016,182073,1391821174001,ECUFISH S.A.,A0311.03,A0311.03,Armadores / pesca marítima,MONTECRISTI,MONTECRISTI,DISOLUCIÓN Y LIQUIDACIÓN OFICIO NO INSCRITA EN RM,balances_2016_3.txt,casilleros,68,1991427.75,942551.12,1048876.63,,513966.5,472404.3,41562.2,41562.2,1,0.0
2016,182522,1391820992001,BLAUFISHPORT CIA.LTDA.,A0311.03,A0311.03,Armadores / pesca marítima,MANTA,MANTA,DISOLUCIÓN Y LIQUIDACIÓN DE PLENO DERECHO INSC. RM,balances_2016_3.txt,casilleros,7,800.0,0.0,800.0,,0.0,0.0,0.0,0.0,1,0.0
2016,18528,1790943178001,PRODUCTOS DEL MAR Y SABORES NACIONALES PROMARSAN CIA. LTDA.,C1020.04,C1020.04,Industria: elaboración y conservación de pescado,JARAMIJÓ,JARAMIJÓ,ACTIVA,balances_2016_3.txt,casilleros,91,1040582.46,353465.15,687117.31,,661220.62,669466.76,-8246.14,-8246.14,1,-0.0
2016,19582,1390073891001,TRANSMARINA CA,A0311.03,A0311.03,Armadores / pesca marítima,MONTECRISTI,MONTECRISTI,ACTIVA,balances_2016_3.txt,casilleros,150,51277842.7,32534918.8,18742923.9,,29878033.8,29652713.2,225320.6,225320.6,1,0.0
2016,205129,1391765770001,EMPACADORA MADEZA S.A.,C1020.02,C1020.02,Industria: elaboración y conservación de pescado,MANTA,MANTA,ACTIVA,balances_2016_3.txt,casilleros,66,279514.87,176491.3,103023.57,,563528.47,447112.46,116416.01,75228.03,1,0.0
2016,205167,1391766793001,POLARISPESCA S.A.,A0311.01,A0311.01,Armadores / pesca marítima,MANTA,MANTA,ACTIVA,balances_2016_3.txt,casilleros,87,2557663.89,1464604.33,1093059.56,,2927480.35,2792036.89,135443.46,68953.87,1,0.0
2016,205205,1391767943001,ALHO FISH S.A.,A0311.01,A0311.01,Armadores / pesca marítima,MANTA,MANTA,ACTIVA,balances_2016_2.txt,casilleros,11,800.0,0.0,800.0,,0.0,0.0,0.0,0.0,1,0.0
2016,205233,1391768567001,TXOPITUNA ECUADOR CIA. LTDA.,A0311.03,A0311.03,Armadores / pesca marítima,MANTA,MANTA,ACTIVA,balances_2016_3.txt,casilleros,117,11463386.1,10085266.9,1378119.12,,8112254.12,8510497.42,-398243.3,-398243.3,1,0.08
2016,25440,0990555761001,PESDEL S.A.,A0311.01,A0311.01,Armadores / pesca marítima,JARAMIJÓ,JARAMIJÓ,ACTIVA,balances_2016_3.txt,casilleros,143,52780518.6,22158906.1,30621612.6,,10453310.2,13487387.7,-3034077.46,-3034077.43,1,-0.1
2016,301126,1391824483001,INDUSTRIA NH SIMILA NHSIMIL CIA.LTDA.,C1020.06,C1020.06,Industria: elaboración y conservación de pescado,MANTA,MANTA,ACTIVA,balances_2016_3.txt,casilleros,28,116999.19,12805.64,104193.55,,0.81,2374.77,-2373.96,-2373.96,1,0.0
2016,301695,1391827113001,TIANXINGS S.A.,A0311.01,A0311.01,Armadores / pesca marítima,MANTA,MANTA,ACTIVA,balances_2016_3.txt,casilleros,39,120729.16,69819.55,50909.61,,2488679.67,3221791.67,-733112.0,0.0,1,0.0
2016,302853,1391832230001,PESQUERA MACÍAS & DELGADO PESMACDEL S.A.,A0311.03,A0311.03,Armadores / pesca marítima,MANTA,MANTA,DISOLUCIÓN Y LIQUIDACIÓN DE PLENO DERECHO INSC. RM,balances_2016_4.txt,casilleros,1,0.0,0.0,0.0,,0.0,0.0,0.0,0.0,1,0.0
2016,302954,1391832915001,PESQUERA EDUALPA S.A.,A0311.03,A0311.03,Armadores / pesca marítima,MANTA,MANTA,DISOLUCIÓN Y LIQUIDACIÓN DE PLENO DERECHO INSC. RM,balances_2016_6.txt,casilleros,12,34900.0,34000.0,900.0,0.0,0.0,0.0,0.0,0.0,1,0.0
2016,303395,1391834918001,EXPORTADORA DE PRODUCTOS DEL MAR FRESCO Y CONGELADO EXPROFRESCO S.A.,A0311.03,A0311.03,Armadores / pesca marítima,MANTA,MANTA,DISOLUCIÓN Y LIQUIDACIÓN OFICIO INSCRITA EN RM,balances_2016_3.txt,casilleros,20,32001.64,32707.02,-705.38,,164852.5,166357.88,-1505.38,-1505.38,1,-0.0
2016,303460,1391835043001,INDUSTRIA ATUNERA ARRECIFES-MARINOS S.A.,C1020.04,C1020.04,Industria: elaboración y conservación de pescado,MANTA,MANTA,DISOLUCIÓN Y LIQUIDACIÓN OFICIO INSCRITA EN RM,balances_2016_3.txt,casilleros,55,276220.6,223647.21,52573.39,,589780.74,617172.45,-27391.71,-27391.71,1,-0.0
2016,304164,1391837453001,HAITANXIN S.A.,A0311.01,A0311.01,Armadores / pesca marítima,MANTA,MANTA,DISOLUCIÓN Y LIQUIDACIÓN OFICIO INSCRITA EN RM,balances_2016_3.txt,casilleros,29,6458.9,6458.9,0.0,,307800.0,322832.13,-15032.13,0.0,1,0.0
2016,304351,1391838247001,''PROCESADORA Y EXPORTADORA'' ''PROQUI PROSECMAR'' PROCESEMAR SOCIEDAD ANÓNIMA,C1020.02,C1020.02,Industria: elaboración y conservación de pescado,MANTA,MANTA,DISOLUCIÓN Y LIQUIDACIÓN DE PLENO DERECHO INSC. RM,balances_2016_3.txt,casilleros,10,800.0,0.0,800.0,,0.0,0.0,0.0,0.0,1,0.0
2016,304446,1391838689001,PESCA DEL OCÉANO PESCAOCEAN S.A.,A0311.01,A0311.01,Armadores / pesca marítima,MANTA,MANTA,DISOLUCIÓN Y LIQUIDACIÓN OFICIO INSCRITA EN RM,balances_2016_3.txt,casilleros,33,884576.05,590953.45,293622.6,,0.63,9478.03,-9477.4,-9477.4,1,0.0
2016,305275,1391843976001,XLPESCA S.A.,A0311.01,A0311.01,Armadores / pesca marítima,MANTA,MANTA,INACTIVA,balances_2016_4.txt,casilleros,7,800.0,0.0,800.0,,0.0,0.0,0.0,0.0,1,0.0
2016,34175,1390141692001,EMPACADORA BILBO S.A. BILBOSA,C1020.01,C1020.01,Industria: elaboración y conservación de pescado,MANTA,MANTA,ACTIVA,balances_2016_1.txt,NIIF_jerarquico,171,23442494.44,12164420.86,11278073.58,31411966.41,31411966.41,31274942.3,137023.51,32573.0,1,0.0
2016,34292,1390144039001,PESCADO FRESCO DE EXPORTACION PEFREXPORT S.A.,C1020.04,C1020.04,Industria: elaboración y conservación de pescado,MANTA,MANTA,ACTIVA,balances_2016_3.txt,casilleros,61,2975436.35,465728.16,2509708.19,,63208.23,63011.48,196.75,55.6,1,0.0
2016,34328,1390145493001,FISHCORP S.A.,A0311.01,A0311.01,Armadores / pesca marítima,JARAMIJÓ,JARAMIJÓ,ACTIVA,balances_2016_3.txt,casilleros,110,22260820.9,13020485.0,9240335.91,,20283283.3,20346946.1,-63662.71,-63662.71,1,-0.01
2016,34346,1390145957001,PESQUERA PERALTA SOCIEDAD ANONIMA PESPERALTA,A0311.01,A0311.01,Armadores / pesca marítima,MANTA,MANTA,ACTIVA,balances_2016_4.txt,casilleros,12,32800.0,0.0,32800.0,,0.0,0.0,0.0,0.0,1,0.0
2016,34388,1390147186001,MARBELIZE S.A.,C1020.04,C1020.04,Industria: elaboración y conservación de pescado,JARAMIJÓ,JARAMIJÓ,ACTIVA,balances_2016_3.txt,casilleros,175,59018281.1,47551326.6,11466954.5,,61301898.5,62648016.4,-1346117.86,-1346117.86,1,0.0
2016,34420,1390148212001,MANABITA DE COMERCIO S.A. MANCORSACOM,C1020.04,C1020.04,Industria: elaboración y conservación de pescado,JARAMIJÓ,JARAMIJÓ,ACTIVA,balances_2016_3.txt,casilleros,142,7875654.27,903626.47,6972027.8,,6390419.17,5470012.49,920406.68,605561.08,1,0.0
2016,34442,1390149154001,SHELLFISH S.A.,A0311.01,A0311.01,Armadores / pesca marítima,MANTA,MANTA,ACTIVA,balances_2016_3.txt,casilleros,84,1118393.54,739115.64,379277.9,,1452189.78,1558982.5,-106792.72,-106792.72,1,0.0
2016,34449,1390149219001,EUROFISH S.A.,C1020.04,C1020.04,Industria: elaboración y conservación de pescado,MONTECRISTI,MONTECRISTI,ACTIVA,balances_2016_1.txt,NIIF_jerarquico,166,113352047.44,67322873.56,46029173.88,103722836.4,103722836.4,106508025.53,473214.47,121075.23,1,-0.0
2016,34453,1390149316001,MADEPACIF S.A.,C1020.02,C1020.02,Industria: elaboración y conservación de pescado,MANTA,MANTA,DISOLUCIÓN Y LIQUIDACIÓN OFICIO INSCRITA EN RM,balances_2016_6.txt,casilleros,59,39842.45,34398.09,5444.36,946737.77,946737.77,946564.26,173.51,130.13,1,0.0
2016,34521,1391700776001,TECNICA Y COMERCIO DE LA PESCA C.A. TECOPESCA,A0311.01,A0311.01,Armadores / pesca marítima,JARAMIJÓ,JARAMIJÓ,ACTIVA,balances_2016_1.txt,NIIF_jerarquico,178,105960341.92,75659739.14,30300602.78,88543861.74,88543861.74,88329272.14999999,214589.59,-199406.34,1,0.0
2016,34525,1391700830001,"MANACRIPEX CIA. LTDA. MANABITA DE CRIA , PESCA Y EXPORTACION",A0311.03,A0311.03,Armadores / pesca marítima,JARAMIJÓ,JARAMIJÓ,ACTIVA,balances_2016_3.txt,casilleros,126,8879075.64,3663278.62,5215797.02,,3210210.64,3348078.03,-137867.39,-100816.02,1,0.0
2016,34611,1391709765001,PESQUERA UGAVI S.A.,A0311.03,A0311.03,Armadores / pesca marítima,MANTA,MANTA,ACTIVA,balances_2016_3.txt,casilleros,146,62134172.3,45450791.4,16683380.9,,21716453.6,20546440.6,1170013.04,604950.31,1,-0.0
2016,34614,1391701926001,INDUSTRIA ATUNERA S.A. INDUATUN,A0311.01,A0311.01,Armadores / pesca marítima,MANTA,MANTA,ACTIVA,balances_2016_3.txt,casilleros,96,15500573.6,6445182.17,9055391.38,,4958920.71,4855011.93,103908.78,70655.32,1,0.05
2016,34630,1391702094001,DIAZ VASQUEZ DIVA S.A.,A0311.01,A0311.01,Armadores / pesca marítima,MANTA,MANTA,ACTIVA,balances_2016_3.txt,casilleros,1,0.0,0.0,0.0,,0.0,0.0,0.0,0.0,1,0.0
2016,34725,1391726740001,INMOTUNA S.A.,A0311.01,A0311.01,Armadores / pesca marítima,MANTA,MANTA,ACTIVA,balances_2016_3.txt,casilleros,42,491744.61,204861.46,286883.15,,0.0,966.93,-966.93,-966.93,1,0.0
2016,34727,1391716702001,MEGAOCEAN S.A,A0311.01,A0311.01,Armadores / pesca marítima,MANTA,MANTA,ACTIVA,balances_2016_3.txt,casilleros,96,3805566.19,3562556.23,243009.96,,1215413.94,1239138.35,-23724.41,-23724.41,1,-0.0
2016,34759,1391717474001,PROVIPACIF S.A,A0311.01,A0311.01,Armadores / pesca marítima,MANTA,MANTA,ACTIVA,balances_2016_3.txt,casilleros,81,8073115.13,1130400.11,6942715.02,,337354.13,881016.92,-543662.79,801852.88,1,0.0
2016,34863,1391722486001,UNIOCEAN S.A.,A0311.03,A0311.03,Armadores / pesca marítima,MANTA,MANTA,ACTIVA,balances_2016_3.txt,casilleros,137,31842129.7,19678124.9,12164004.8,,11674956.4,11387916.5,287039.82,62841.43,1,0.0
2016,34903,1391723318001,OCEANFISH S.A.,A0311.01,A0311.01,Armadores / pesca marítima,MANTA,MANTA,ACTIVA,balances_2016_3.txt,casilleros,163,18219828.6,11756623.4,6463205.11,,12659050.9,13759185.1,-1100134.15,-1100134.15,1,0.09
2016,34919,1391724500001,PESCIMERA S.A,A0311.01,A0311.01,Armadores / pesca marítima,MANTA,MANTA,ACTIVA,balances_2016_3.txt,casilleros,91,8233944.06,2674943.08,5559000.98,,2054477.67,2598258.74,-543781.07,-543781.07,1,-0.0
2016,34948,1391724837001,PRODUCTOS PESQUEROS S.A. PRODUPES,C1020.06,C1020.06,Industria: elaboración y conservación de pescado,MONTECRISTI,MONTECRISTI,ACTIVA,balances_2016_3.txt,casilleros,108,11836893.1,5212782.6,6624110.48,,20578681.4,19756253.8,822427.59,458567.66,1,0.02
2016,34958,1391725426001,CARIBBEAN ATLANTIC CARTLANT S.A.,A0311.01,A0311.01,Armadores / pesca marítima,MANTA,MANTA,ACTIVA,balances_2016_3.txt,casilleros,7,800.0,0.0,800.0,,0.0,0.0,0.0,0.0,1,0.0
2016,35171,1390140319001,"FRIGORIFICO Y LABORATORIO SAN MATEO, FRIGOLAB SAN MATEO CIA. LTDA.",A0311.01,A0311.01,Armadores / pesca marítima,JARAMIJÓ,JARAMIJÓ,ACTIVA,balances_2016_3.txt,casilleros,161,22887084.6,19399454.7,3487629.97,,16147980.0,15994300.5,153679.56,82823.42,1,-0.07
2016,35254,1390143024001,PES NUNEZ SANTANA PESNUSAN CIA. LTDA.,C1020.02,C1020.02,Industria: elaboración y conservación de pescado,MONTECRISTI,MONTECRISTI,ACTIVA,balances_2016_3.txt,casilleros,101,952226.22,683870.54,268355.68,,4917004.32,4888268.39,28735.93,17146.73,1,-0.0
2016,35294,1390144861001,MAREROCE EXPORT IMPORT CIA. LTDA.,C1020.01,C1020.01,Industria: elaboración y conservación de pescado,JARAMIJÓ,JARAMIJÓ,ACTIVA,balances_2016_3.txt,casilleros,74,2662272.46,1790372.78,871899.68,,3704911.07,3660656.47,44254.6,0.0,1,-0.0
2016,35359,1390148034001,PESQUERA CHOPITEA CIA. LTDA.,A0311.01,A0311.01,Armadores / pesca marítima,MANTA,MANTA,ACTIVA,balances_2016_3.txt,casilleros,82,842451.06,389467.43,452983.63,,130724.76,132172.45,-1447.69,-2393.79,1,0.0
2016,35364,1390148433001,ALIMENTOS INTEGRADOS ALINTEGRA CIA. LTDA.,C1020.05,C1020.05,Industria: elaboración y conservación de pescado,MANTA,MANTA,ACTIVA,balances_2016_3.txt,casilleros,34,48718.24,7746.33,40971.91,,0.0,5596.64,-5596.64,-5596.64,1,-0.0
2016,35420,1391700938001,MANATUN CIA. LTDA.,A0311.01,A0311.01,Armadores / pesca marítima,MANTA,MANTA,DISOLUCIÓN Y LIQUIDACIÓN OFICIO INSCRITA EN RM,balances_2016_3.txt,casilleros,17,33813.62,328.51,33485.11,,0.0,0.0,0.0,0.0,1,0.0
2016,35524,1391715986001,JJ ECOMAR EXPORT IMPORT CIA.LTDA,C1020.02,C1020.02,Industria: elaboración y conservación de pescado,MANTA,MANTA,DISOLUCIÓN Y LIQUIDACIÓN DE PLENO DERECHO INSC. RM,balances_2016_3.txt,casilleros,1,0.0,0.0,0.0,,0.0,0.0,0.0,0.0,1,0.0
2016,35688,1391729391001,PESQUERA BETH EEL S.A.,A0311.01,A0311.01,Armadores / pesca marítima,MONTECRISTI,MONTECRISTI,ACTIVA,balances_2016_3.txt,casilleros,15,16720.87,0.0,16720.87,,0.0,0.0,0.0,0.0,1,0.0
2016,35759,1391731388001,ARMAPAC S.A.,C1020.02,C1020.02,Industria: elaboración y conservación de pescado,MANTA,MANTA,DISOLUCIÓN Y LIQUIDACIÓN OFICIO INSCRITA EN RM,balances_2016_4.txt,casilleros,60,114040.89,13004.75,101036.14,,339986.0,339629.84,356.16,212.53,1,0.0
2016,35766,1391732872001,FRIGORIFICO Y CONSERVERA DE LA PESCA FRICOPES S.A.,A0311.01,A0311.01,Armadores / pesca marítima,MANTA,MANTA,ACTIVA,balances_2016_3.txt,casilleros,94,1769903.28,261615.79,1508287.49,,3830790.39,3595648.83,235141.56,141166.42,1,0.0
2016,35826,1391732813001,FISHMAR S.A.,A0311.01,A0311.01,Armadores / pesca marítima,MANTA,MANTA,ACTIVA,balances_2016_3.txt,casilleros,90,3526499.47,926287.44,2600212.03,,1733207.6,1092574.3,640633.3,421961.31,1,0.0
2016,35888,1391734271001,USAFISH S.A.,C1020.02,C1020.02,Industria: elaboración y conservación de pescado,MANTA,MANTA,ACTIVA,balances_2016_3.txt,casilleros,105,9097372.84,6121648.27,2975724.57,,33220942.4,32029910.9,1191031.5,1012376.78,1,0.0
2016,35973,1391736452001,B&B TUNE_SUPPLIERS S.A.,A0311.01,A0311.01,Armadores / pesca marítima,MANTA,MANTA,ACTIVA,balances_2016_3.txt,casilleros,122,8584476.22,3436108.24,5148367.98,,3836376.01,4081404.16,-245028.15,-321143.7,1,0.0
2016,369,1790034305001,SEAFMAN SOCIEDAD ECUATORIANA DE ALIMENTOS Y FRIGORIFICOS MANTA C.A.,C1020.02,C1020.02,Industria: elaboración y conservación de pescado,MANTA,MANTA,ACTIVA,balances_2016_3.txt,casilleros,169,55891354.3,34126090.4,21765263.9,,83891354.3,86082527.1,-2191172.78,-2191172.78,1,0.0
2016,39949,1391773439001,PESCAEXITO CIA. LTDA.,A0311.01,A0311.01,Armadores / pesca marítima,MANTA,MANTA,ACTIVA,balances_2016_4.txt,casilleros,30,190234.26,14983.9,175250.36,,0.0,2748.45,-2748.45,-2748.45,1,0.0
2016,61759,1391775903001,CONSULTORES INDUSTRIALES Y PRODUCTOS DEL MAR S.A. CIPROMAR,A0311.01,A0311.01,Armadores / pesca marítima,MANTA,MANTA,ACTIVA,balances_2016_3.txt,casilleros,47,37657.73,12881.11,24776.62,,589153.45,587877.31,1276.14,1084.72,1,0.0
2016,62123,1391776497001,FIOMAR&SHARK OCEAN S.A.,A0311.01,A0311.01,Armadores / pesca marítima,MONTECRISTI,MONTECRISTI,DISOLUCIÓN Y LIQUIDACIÓN OFICIO NO INSCRITA EN RM,balances_2016_3.txt,casilleros,36,15316.51,2455.29,12861.22,,260548.65,249388.22,11160.43,11160.43,1,0.0
2016,62647,1391776683001,FRANCHI FISH S.A.,A0311.01,A0311.01,Armadores / pesca marítima,MANTA,MANTA,ACTIVA,balances_2016_3.txt,casilleros,85,487109.78,219431.76,267678.02,,4511579.71,4396707.56,114872.15,64047.87,1,0.0
2016,63129,1391777434001,MUNDOTRADE S.A.,A0311.01,A0311.01,Armadores / pesca marítima,MANTA,MANTA,DISOLUCIÓN Y LIQUIDACIÓN OFICIO INSCRITA EN RM,balances_2016_3.txt,casilleros,44,96393.47,85203.21,11190.26,,32239.27,31006.0,1233.27,1233.27,1,-0.0
2016,636,1390005713001,INDUSTRIA ECUATORIANA PRODUCTORA DE ALIMENTOS CA INEPACA,C1020.02,C1020.02,Industria: elaboración y conservación de pescado,MANTA,MANTA,ACTIVA,balances_2016_3.txt,casilleros,122,64312636.6,15698293.7,48614342.9,,58098402.5,59006061.8,-907659.32,-1013896.6,1,0.0
2016,63945,1391778732001,INTERNACIONAL SEAFOOD FOODINTER S.A.,C1020.03,C1020.03,Industria: elaboración y conservación de pescado,MANTA,MANTA,DISOLUCIÓN Y LIQUIDACIÓN OFICIO NO INSCRITA EN RM,balances_2016_3.txt,casilleros,14,752.44,21332.93,-20580.49,,0.0,0.0,0.0,0.0,1,0.0
2016,64976,1391779801001,EMPACADORA ALKRISTO DEL MAR S.A. EMPALMAR,A0311.01,A0311.01,Armadores / pesca marítima,MANTA,MANTA,ACTIVA,balances_2016_3.txt,casilleros,4,0.0,0.0,0.0,,0.0,0.0,0.0,0.0,1,0.0
2016,700234,1391824416001,GOODMARCOM S.A.,A0311.03,A0311.03,Armadores / pesca marítima,JARAMIJÓ,JARAMIJÓ,ACTIVA,balances_2016_3.txt,casilleros,13,55048.37,47929.86,7118.51,,0.0,0.0,0.0,0.0,1,0.0
2016,702291,1391825846001,MARICULTORES DE GALAPAGOS MARIDEGAL S.A.,A0311.01,A0311.01,Armadores / pesca marítima,MANTA,MANTA,DISOLUCIÓN Y LIQUIDACIÓN DE PLENO DERECHO INSC. RM,balances_2016_3.txt,casilleros,7,900.0,0.0,900.0,,0.0,0.0,0.0,0.0,1,0.0
2016,702387,1391825676001,CORPORACION FRANK REVELO. EXPORTACION - IMPORTACION - PESQUERA AGRICOLA. EXPORMANTA S.A.,A0311.01,A0311.01,Armadores / pesca marítima,MANTA,MANTA,ACTIVA,balances_2016_3.txt,casilleros,63,58274.06,57737.17,536.89,,186606.33,180432.04,6174.29,3821.9,1,-0.0
2016,702573,1391835337001,SARDIMARSAL S.A.,A0311.03,A0311.03,Armadores / pesca marítima,JARAMIJÓ,JARAMIJÓ,DISOLUCIÓN Y LIQUIDACIÓ DE PLENO DERECHO NO INS RM,balances_2016_3.txt,casilleros,39,5382.06,2273.18,3108.88,,24143.6,21834.72,2308.88,2308.88,1,0.0
2016,7027,1390050352001,CONSERVAS ISABEL ECUATORIANA S.A.,C1020.02,C1020.02,Industria: elaboración y conservación de pescado,MANTA,MANTA,ACTIVA,balances_2016_3.txt,casilleros,174,89387549.4,30873178.0,58514371.5,,138746459.0,123558480.0,15187979.3,10395610.8,1,-0.1
2016,703246,1391827598001,COMERCIALIZADORA DEL MAR PEZ&PEZ S.A.,A0311.01,A0311.01,Armadores / pesca marítima,MANTA,MANTA,ACTIVA,balances_2016_3.txt,casilleros,74,582370.47,566392.99,15977.48,,4264120.73,4236229.21,27891.52,14522.3,1,-0.0
2016,703421,1391829108001,PRIMSA FISHING DIAMONT PFDCOM S.A.,A0311.03,A0311.03,Armadores / pesca marítima,MANTA,MANTA,DISOLUCIÓN Y LIQUIDACIÓN DE PLENO DERECHO INSC. RM,balances_2016_3.txt,casilleros,34,215604.77,206004.79,9599.98,,46937.8,57522.29,-10584.49,-10584.49,1,-0.0
2016,703855,1391829469001,NAVIERA ECUATORIANA PICHINCHA NAVIP S.A.,A0311.03,A0311.03,Armadores / pesca marítima,MANTA,MANTA,ACTIVA,balances_2016_3.txt,casilleros,27,7913.2,11635.88,-3722.68,,0.0,4522.68,-4522.68,-4522.68,1,0.0
2016,703858,1391829493001,PRODUCTORA NACIONAL ATUNERA ECUATORIANA PROATUNA S.A.,A0311.03,A0311.03,Armadores / pesca marítima,MANTA,MANTA,DISOLUCIÓN Y LIQUIDACIÓN OFICIO NO INSCRITA EN RM,balances_2016_3.txt,casilleros,74,5541187.34,5456746.82,84440.52,,2318032.57,2191119.31,126913.26,82845.77,1,-0.0
2016,703860,1391829442001,NAVIERA ECUATORIANA AUSTRAL MARITIMA AUSMAR S.A.,A0311.03,A0311.03,Armadores / pesca marítima,MANTA,MANTA,DISOLUCIÓN Y LIQUIDACIÓN OFICIO INSCRITA EN RM,balances_2016_3.txt,casilleros,23,9613.47,22159.82,-12546.35,,0.0,13346.35,-13346.35,-13346.35,1,0.0
2016,703862,1391829434001,NAVIERA ECUATORIANA DAULE NAECUDAL S.A.,A0311.03,A0311.03,Armadores / pesca marítima,MANTA,MANTA,DISOLUCIÓN Y LIQUIDACIÓN OFICIO INSCRITA EN RM,balances_2016_3.txt,casilleros,24,753631.54,771447.33,-17815.79,,0.0,18615.79,-18615.79,-18615.79,1,0.0
2016,704035,1391829426001,INDUSTRIAS CIBIS SANUS INDUCIBIS S.A.,C1020.02,C1020.02,Industria: elaboración y conservación de pescado,MANTA,MANTA,ACTIVA,balances_2016_3.txt,casilleros,33,2045.22,237.8,1807.42,,429.76,3551.55,-3121.79,-3121.79,1,0.0
2016,704360,1391830068001,PESQUERA TUNAQUICK S.A.,A0311.01,A0311.01,Armadores / pesca marítima,MONTECRISTI,MONTECRISTI,ACTIVA,balances_2016_3.txt,casilleros,23,3787845.71,3786845.71,1000.0,,0.0,0.0,0.0,0.0,1,0.0
2016,704997,1391831846001,COMERCIALIZADORA HERNAN CHICA IMEXTUNACONP S.A.,A0311.01,A0311.01,Armadores / pesca marítima,MANTA,MANTA,ACTIVA,balances_2016_3.txt,casilleros,62,43528.7,21756.8,21771.9,,561775.31,533538.17,28237.14,16849.1,1,-0.0
2016,707762,1391837135001,CONSERVAS DEL MAR MARCONSERVA S.A.,A0311.01,A0311.01,Armadores / pesca marítima,JARAMIJÓ,JARAMIJÓ,DISOLUCIÓN Y LIQUIDACIÓN OFICIO NO INSCRITA EN RM,balances_2016_3.txt,casilleros,30,2202964.61,2224954.19,-21989.58,,0.0,28989.58,-28989.58,-28989.58,1,-0.0
2016,708436,1391840241001,PESQUERA DEL SUR PESQUESURSA S.A.,A0311.03,A0311.03,Armadores / pesca marítima,MONTECRISTI,MONTECRISTI,ACTIVA,balances_2016_3.txt,casilleros,16,43427.98,33427.98,10000.0,,0.0,0.0,0.0,0.0,1,0.0
2016,708841,1391841981001,FISHINGDEGFER S.A.,A0311.01,A0311.01,Armadores / pesca marítima,MANTA,MANTA,ACTIVA,balances_2016_3.txt,casilleros,1,0.0,0.0,0.0,,0.0,0.0,0.0,0.0,1,0.0
2016,708842,1391841124001,EXPORTADORA PACIFICO EXPORTPACIFIC S.A.,C1020.02,C1020.02,Industria: elaboración y conservación de pescado,MANTA,MANTA,ACTIVA,balances_2016_3.txt,casilleros,49,194849.55,189205.01,5644.54,,328807.0,321500.0,7307.0,4444.54,1,-0.0
2016,709051,1391841485001,ESPADEROS-PACIFICO S.A.,A0311.01,A0311.01,Armadores / pesca marítima,MANTA,MANTA,ACTIVA,balances_2016_3.txt,casilleros,15,1103318.02,999898.02,103420.0,,0.0,0.0,0.0,0.0,1,0.0
2016,709237,1391849079001,MARITIMO E INDUSTRIAL CAMPO MARINO CAMPOMARINO S.A.,A0311.01,A0311.01,Armadores / pesca marítima,MANTA,MANTA,DISOLUCIÓN Y LIQUIDACIÓN OFICIO INSCRITA EN RM,balances_2016_3.txt,casilleros,11,10680.57,680.57,10000.0,,0.0,0.0,0.0,0.0,1,0.0
2016,709326,1391842309001,SULLIVAN BAY PESCA SBP-ECUADOR S.A.,A0311.01,A0311.01,Armadores / pesca marítima,MANTA,MANTA,ACTIVA,balances_2016_4.txt,casilleros,6,800.0,0.0,800.0,,0.0,0.0,0.0,0.0,1,0.0
2016,709774,1391844174001,ATLANTIS EC COMERCIALIZACION DE PESCADO FRESCO Y CONGELADO COMERFRESCON COMPAÑIA DE RESPONSABILIDAD LIMITADA,A0311.01,A0311.01,Armadores / pesca marítima,MANTA,MANTA,ACTIVA,balances_2016_3.txt,casilleros,11,2232.0,1832.0,400.0,,0.0,0.0,0.0,0.0,1,0.0
2016,709840,1391846339001,PESQUERA ALZAMFISH S.A.,A0311.01,A0311.01,Armadores / pesca marítima,MANTA,MANTA,DISOLUCIÓN Y LIQUIDACIÓN DE PLENO DERECHO INSC. RM,balances_2016_5.txt,NIIF_jerarquico,6,15000.0,0.0,15000.0,0.0,0.0,0.0,0.0,0.0,1,0.0
2016,709973,1391845960001,FRESCOPES S.A.,A0311.01,A0311.01,Armadores / pesca marítima,MANTA,MANTA,ACTIVA,balances_2016_3.txt,casilleros,3,0.0,0.0,0.0,,0.0,0.0,0.0,0.0,1,0.0
2016,710004,1391846185001,COMERCIALIZADORA SERVICIOS LOGÍSTICOS OPERFRESH S.A.,A0311.01,A0311.01,Armadores / pesca marítima,MANTA,MANTA,DISOLUCIÓN Y LIQUIDACIÓN OFICIO INSCRITA EN RM,balances_2016_3.txt,casilleros,10,800.0,0.0,800.0,,0.0,0.0,0.0,0.0,1,0.0
2016,72073,0991313788001,ASISERVY S.A.,C1020.02,C1020.02,Industria: elaboración y conservación de pescado,JARAMIJÓ,JARAMIJÓ,ACTIVA,balances_2016_1.txt,NIIF_jerarquico,166,62110727.92,40553950.84,21556777.08,73422304.89,74646024.17,72773209.02,1872815.15,1136990.91,1,0.0
2016,72096,0991316531001,AGROL S.A.,A0311.01,A0311.01,Armadores / pesca marítima,MANTA,MANTA,ACTIVA,balances_2016_4.txt,casilleros,71,7660174.32,4701280.82,2958893.5,,433406.58,609915.78,-176509.2,-176509.2,1,0.0
2016,79132,0991417117001,MARMONTESAN S.A.,A0311.01,A0311.01,Armadores / pesca marítima,MONTECRISTI,MONTECRISTI,ACTIVA,balances_2016_3.txt,casilleros,17,7808.51,0.0,7808.51,,0.0,1448.9,-1448.9,0.0,1,0.0
2016,83238,0991469095001,TADEL S.A.,C1020.05,C1020.05,Industria: elaboración y conservación de pescado,JARAMIJÓ,JARAMIJÓ,ACTIVA,balances_2016_3.txt,casilleros,149,25262084.0,4446044.59,20816039.4,,35979722.3,32498171.9,3481550.41,1151226.93,1,0.01
2016,95584,1391738803001,EYCO S.A.,A0311.01,A0311.01,Armadores / pesca marítima,MANTA,MANTA,ACTIVA,balances_2016_3.txt,casilleros,70,95831.74,56297.64,39534.1,,560744.23,585777.58,-25033.35,-25033.32,1,0.0
2016,95604,1391739524001,PROHAPEZ MANTA S.A.,A0311.01,A0311.01,Armadores / pesca marítima,MONTECRISTI,MONTECRISTI,ACTIVA,balances_2016_7.txt,casilleros,10,2100.0,0.0,2100.0,0.0,0.0,0.0,0.0,0.0,1,0.0
2016,95611,0992471557001,EMPROPESCA S.A.,A0311.01,A0311.01,Armadores / pesca marítima,MANTA,MANTA,ACTIVA,balances_2016_6.txt,casilleros,21,379973.56,372570.36,7403.2,0.0,0.0,0.0,0.0,0.0,1,0.0
2016,95657,1391740433001,COMERCIALIZADORA DE PRODUCTOS DEL MAR SINAI S. A.,A0311.01,A0311.01,Armadores / pesca marítima,MONTECRISTI,MONTECRISTI,ACTIVA,balances_2016_3.txt,casilleros,14,48.96,63448.64,-63399.68,,0.0,0.0,0.0,0.0,1,0.0
2016,95714,1391742053001,DISTRIBUIDORA FLIPPER S.A.,A0311.01,A0311.01,Armadores / pesca marítima,MANTA,MANTA,DISOLUCIÓN Y LIQUIDACIÓN OFICIO INSCRITA EN RM,balances_2016_3.txt,casilleros,113,2773905.11,1848210.06,925695.05,,8426267.59,8078906.2,347361.39,210688.84,1,-0.0
2016,95725,1391742320001,TUNIDOS DEL PACIFICO S.A.,C1020.02,C1020.02,Industria: elaboración y conservación de pescado,MANTA,MANTA,DISOLUCIÓN Y LIQUIDACIÓN OFICIO INSCRITA EN RM,balances_2016_3.txt,casilleros,26,133400.14,102434.3,30965.84,,0.0,1.0,-1.0,0.0,1,0.0
2016,95806,1391744064001,PESPESCA S.A.,C1020.07,C1020.07,Industria: elaboración y conservación de pescado,MONTECRISTI,MONTECRISTI,ACTIVA,balances_2016_3.txt,casilleros,151,45787733.0,34490456.7,11297276.4,,41292261.9,40018426.5,1273835.42,680617.05,1,-0.1
2016,95871,1391744943001,AMATXU MARIA LUISA CIA. LTDA.,A0311.01,A0311.01,Armadores / pesca marítima,MANTA,MANTA,ACTIVA,balances_2016_3.txt,casilleros,61,295521.99,283021.99,12500.0,,449545.12,435506.34,14038.78,0.0,1,0.0
2016,95900,1391745656001,OCEAN FARM S.A.,A0311.01,A0311.01,Armadores / pesca marítima,MANTA,MANTA,ACTIVA,balances_2016_3.txt,casilleros,96,3541088.39,3198306.47,342781.92,,943753.44,923174.94,20578.5,667.11,1,-0.0
2016,95926,1391746830001,FRESH FISH DEL ECUADOR CIA. LTDA.,A0311.01,A0311.01,Armadores / pesca marítima,MANTA,MANTA,ACTIVA,balances_2016_3.txt,casilleros,128,10228987.4,8673079.57,1555907.84,,4789163.08,5775998.35,-986835.27,-966453.11,1,-0.01
2016,95993,1391747314001,INDUSTRIAS DE PRODUCTOS DEL MAR S.A. IDELMAR,A0311.01,A0311.01,Armadores / pesca marítima,MANTA,MANTA,ACTIVA,balances_2016_3.txt,casilleros,99,3004635.93,1655519.27,1349116.66,,2251914.62,2088579.79,163334.83,100999.34,1,0.0
2016,96020,1391748027001,DELIPESCA S.A.,A0311.01,A0311.01,Armadores / pesca marítima,MANTA,MANTA,ACTIVA,balances_2016_3.txt,casilleros,106,23606742.7,16156426.4,7450316.28,,12707429.1,10776449.8,1930979.23,1365742.14,1,0.02
2016,96128,1391750811001,ISIMARE S.A.,A0311.01,A0311.01,Armadores / pesca marítima,JARAMIJÓ,JARAMIJÓ,ACTIVA,balances_2016_4.txt,casilleros,64,799979.6,547175.21,252804.39,,102582.6,97731.36,4851.24,4581.24,1,0.0
2016,96213,1391753071001,EUROTUNA S.A.,A0311.01,A0311.01,Armadores / pesca marítima,MANTA,MANTA,ACTIVA,balances_2016_3.txt,casilleros,66,165191.14,150926.13,14265.01,,134603.42,117142.01,17461.41,12561.32,1,0.0
2016,96216,1391752377001,MARINE PROTEIN MARPROT S.A.,A0311.01,A0311.01,Armadores / pesca marítima,MONTECRISTI,MONTECRISTI,ACTIVA,balances_2016_3.txt,casilleros,143,3009547.06,2247286.54,762260.52,,2514043.05,2210939.4,303103.65,178452.0,1,0.0
2016,96218,1391752822001,MARCARIBE S.A.,A0311.01,A0311.01,Armadores / pesca marítima,MANTA,MANTA,ACTIVA,balances_2016_3.txt,casilleros,9,824.26,0.0,824.26,,0.0,0.0,0.0,0.0,1,0.0
2016,96265,1391753233001,TECNIMAR CIA. LTDA.,A0311.01,A0311.01,Armadores / pesca marítima,MANTA,MANTA,ACTIVA,balances_2016_6.txt,casilleros,19,2000.0,0.0,2000.0,0.0,0.0,0.0,0.0,0.0,1,0.0
2016,99022,0991520767001,GALDECUN S.A.,C1020.06,C1020.06,Industria: elaboración y conservación de pescado,JARAMIJÓ,JARAMIJÓ,ACTIVA,balances_2016_3.txt,casilleros,106,14724114.1,12597909.8,2126204.3,,5192659.79,5252888.99,-60229.2,-60229.2,1,-0.0
2017,100223,1391782926001,ALIMENTOS DEL MAR MARFOODSA S.A.,A0311.01,A0311.01,Armadores / pesca marítima,JARAMIJÓ,JARAMIJÓ,ACTIVA,balances_2017_3.txt,casilleros,65,222439.61,1134.02,221305.59,,32896.69,29908.84,2987.85,1254.47,1,0.0
2017,10060,1390021646001,PESPACA PESQUERA DEL PACIFICO CA,C1020.02,C1020.02,Industria: elaboración y conservación de pescado,MANTA,MANTA,ACTIVA,balances_2017_3.txt,casilleros,37,1994764.24,1783576.69,211187.55,,108503.9,108503.9,0.0,0.0,1,0.0
2017,109262,0992262427001,GEOPAXI S.A.,A0311.01,A0311.01,Armadores / pesca marítima,MANTA,MANTA,DISOLUCIÓN Y LIQUIDACIÓN OFICIO INSCRITA EN RM,balances_2017_3.txt,casilleros,111,25494720.8,12139091.1,13355629.7,,17464706.7,16104094.8,1360611.91,714790.91,1,0.0
2017,111848,0992299231001,ELVAYKA KYOEI S.A.,A0311.01,A0311.01,Armadores / pesca marítima,MANTA,MANTA,ACTIVA,balances_2017_3.txt,casilleros,124,30727804.1,19537903.5,11189900.6,,22464136.8,21494388.0,969748.76,621077.27,1,0.0
2017,114130,0992331283001,XUK S.A.,A0311.01,A0311.01,Armadores / pesca marítima,JARAMIJÓ,JARAMIJÓ,ACTIVA,balances_2017_2.txt,casilleros,106,3972022.23,2413866.74,1558155.49,,4474577.67,4085912.68,388664.99,200646.44,1,-0.0
2017,115653,0992354186001,TUNAEXPORT S.A.S.,A0311.01,A0311.01,Armadores / pesca marítima,MANTA,MANTA,ACTIVA,balances_2017_3.txt,casilleros,95,8221234.97,3017542.21,5203692.76,,4152079.82,3640904.66,511175.16,344052.76,1,0.0
2017,11733,1390013643001,INDUSTRIA DE ENLATADOS ALIMENTICIOS CIA LTDA IDEAL,C1020.02,C1020.02,Industria: elaboración y conservación de pescado,MONTECRISTI,MONTECRISTI,DISOLUCIÓN Y LIQUIDACIÓN OFICIO INSCRITA EN RM,balances_2017_3.txt,casilleros,147,45207426.0,30814918.9,14392507.1,,13308199.9,13780086.9,-471886.99,-526861.58,1,0.0
2017,12582,1390034063001,EMPRESA DEL MAR CIA LTDA,A0311.01,A0311.01,Armadores / pesca marítima,MANTA,MANTA,ACTIVA,balances_2017_3.txt,casilleros,80,495871.29,432615.72,63255.57,,459429.43,456739.52,2689.91,700.51,1,0.0
2017,126601,0992505621001,SUNSTAR S.A.,A0311.01,A0311.01,Armadores / pesca marítima,MANTA,MANTA,ACTIVA,balances_2017_2.txt,casilleros,62,173314.92,167543.87,5771.05,,429795.28,422635.93,7159.35,436.56,1,0.0
2017,128384,0992530332001,ASTILLERO ESPERANZA DEL MAR C.A. ASTIESMAR,A0311.01,A0311.01,Armadores / pesca marítima,JARAMIJÓ,JARAMIJÓ,ACTIVA,balances_2017_2.txt,casilleros,112,13627932.4,9939099.42,3688833.0,,1563241.38,1437154.77,126086.61,84739.57,1,-0.02
2017,134444,0992623284001,POKINCI S.A.,C1020.02,C1020.02,Industria: elaboración y conservación de pescado,JARAMIJÓ,JARAMIJÓ,ACTIVA,balances_2017_3.txt,casilleros,8,800.0,0.0,800.0,,0.0,0.0,0.0,0.0,1,0.0
2017,137966,1391785003001,COMERCIALIZADORA TONINO SEA FOOD S.A. COMTOSEAFOOD,A0311.01,A0311.01,Armadores / pesca marítima,MANTA,MANTA,ACTIVA,balances_2017_3.txt,casilleros,50,152370.11,126966.41,25403.7,,3113.29,2575.02,538.27,403.7,1,-0.0
2017,139001,1391785402001,PESQUERA MONTECRISTI S.A. PESQUEMONSA,A0311.01,A0311.01,Armadores / pesca marítima,MANTA,MANTA,ACTIVA,balances_2017_3.txt,casilleros,87,6490827.95,3385294.87,3105533.08,,3241054.66,3181649.02,59405.64,25502.05,1,0.0
2017,139004,1391799101001,PUERTOMAR S.A.,A0311.03,A0311.03,Armadores / pesca marítima,JARAMIJÓ,JARAMIJÓ,ACTIVA,balances_2017_3.txt,casilleros,115,8948504.95,6642199.93,2306305.02,,22672856.9,21548812.1,1124044.82,955438.1,1,-0.0
2017,141044,1391790619001,FULL MOON ECUADOR FULMEC S.A.,A0311.01,A0311.01,Armadores / pesca marítima,MANTA,MANTA,ACTIVA,balances_2017_2.txt,casilleros,23,1012.72,15219.57,-14206.85,,25755.0,48313.71,-22558.71,-22558.71,1,0.0
2017,141596,1391788185001,COVEROSA S.A.,A0311.01,A0311.01,Armadores / pesca marítima,MANTA,MANTA,ACTIVA,balances_2017_2.txt,casilleros,81,374214.93,283522.8,90692.13,,1374394.76,1367677.17,6717.59,5709.95,1,0.0
2017,143146,1391789629001,ACUIRÍA S.A.,C1020.01,C1020.01,Industria: elaboración y conservación de pescado,MANTA,MANTA,DISOLUCIÓN Y LIQUIDACIÓN OFICIO INSCRITA EN RM,balances_2017_3.txt,casilleros,74,407898.09,358707.71,49190.38,,43823.54,35426.46,8397.08,5005.36,1,0.0
2017,143165,1391790589001,ACUICOLA Y PISCICOLA LA ISLA S.A. ACUISLA,A0311.01,A0311.01,Armadores / pesca marítima,MANTA,MANTA,ACTIVA,balances_2017_3.txt,casilleros,57,220215.1,129185.38,91029.72,,336026.95,324623.66,11403.29,6804.34,1,0.0
2017,143486,1391790104001,ATUN ESTRIBELA S.A.,A0311.03,A0311.03,Armadores / pesca marítima,MANTA,MANTA,DISOLUCIÓN Y LIQUIDACIÓN OFICIO NO INSCRITA EN RM,balances_2017_3.txt,casilleros,89,13652527.9,12489863.6,1162664.31,,6937286.55,7681353.14,-744066.59,-744066.59,1,-0.01
2017,143580,1391790260001,OSAKAFISH S.A.,A0311.01,A0311.01,Armadores / pesca marítima,MANTA,MANTA,DISOLUCIÓN Y LIQUIDACIÓN OFICIO INSCRITA EN RM,balances_2017_5.txt,casilleros,58,248186.13,240768.75,7417.38,0.0,86833.91,81353.3,5480.61,5480.61,1,0.0
2017,143702,1391790279001,AGRICOLA Y PISCICOLA SUSSMANN DELGADO AGROSUSSDEL S.A.,A0311.01,A0311.01,Armadores / pesca marítima,MANTA,MANTA,ACTIVA,balances_2017_6.txt,casilleros,16,0.0,2481.66,20705.3,0.0,1930.0,0.0,0.0,0.0,1,-23186.96
2017,143706,1391790287001,PESQUERA ATUNES DEL PACIFICO S.A. ''ATUNPACIFICOSA'',A0311.03,A0311.03,Armadores / pesca marítima,MANTA,MANTA,ACTIVA,balances_2017_3.txt,casilleros,112,19076145.6,4925596.72,14150548.8,,25602472.7,19944072.3,5658400.42,3625991.87,1,0.08
2017,144167,1391791488001,GRUPO DEGFER CIA. LTDA.,A0311.01,A0311.01,Armadores / pesca marítima,JARAMIJÓ,JARAMIJÓ,ACTIVA,balances_2017_3.txt,casilleros,148,61912561.6,19880700.6,42031861.0,,24035372.6,22942833.7,1092538.89,403913.25,1,0.0
2017,144336,1391791097001,PESCADOS Y MARISCOS DEL PACIFICO S.A. PESMARPAC,A0311.01,A0311.01,Armadores / pesca marítima,JARAMIJÓ,JARAMIJÓ,ACTIVA,balances_2017_2.txt,casilleros,92,1272618.82,862917.66,409701.16,,10879804.8,10824924.7,54880.13,36385.53,1,0.0
2017,144480,1391791178001,ALETAMARILLA S.A.,A0311.01,A0311.01,Armadores / pesca marítima,MANTA,MANTA,ACTIVA,balances_2017_2.txt,casilleros,72,3265344.5,426583.12,2838761.38,,2728206.68,2609004.74,119201.94,81462.59,1,0.0
2017,144740,1391799624001,LOGISTICA INTERNACIONAL LOGISINSA S.A.,A0311.01,A0311.01,Armadores / pesca marítima,MANTA,MANTA,ACTIVA,balances_2017_3.txt,casilleros,38,11880.41,10972.31,908.1,,89869.15,96186.36,-6317.21,-6317.21,1,0.0
2017,145016,1391791895001,INDUSTRIAL PESQUERA DEL PACIFICO S.A. INPESPA,A0311.01,A0311.01,Armadores / pesca marítima,MANTA,MANTA,ACTIVA,balances_2017_3.txt,casilleros,57,78500.1,58999.49,19500.61,,46405.74,33394.94,13010.8,8626.0,1,0.0
2017,145888,1391793308001,PESFRESCO S.A.,A0311.01,A0311.01,Armadores / pesca marítima,MANTA,MANTA,ACTIVA,balances_2017_3.txt,casilleros,75,126710.7,49590.56,77120.14,,484191.2,473825.2,10366.0,8811.1,1,0.0
2017,145894,1391793065001,EMPACADORA DE MARISCOS ECUAMARISC CIA. LTDA.,A0311.01,A0311.01,Armadores / pesca marítima,MANTA,MANTA,ACTIVA,balances_2017_5.txt,casilleros,56,470975.42,461276.65,9698.77,172485.0,172485.0,167953.04,4531.96,4531.96,1,-0.0
2017,146215,1391792999001,SARDINAS DEL PACIFICO S.A. SARDIPAC,A0311.01,A0311.01,Armadores / pesca marítima,JARAMIJÓ,JARAMIJÓ,ACTIVA,balances_2017_2.txt,casilleros,117,6585703.02,6666184.68,-80481.66,,8035586.91,8118390.85,-82803.94,-82803.94,1,-0.0
2017,146541,1391793405001,ASOCIACION DE PESCA EXPORTABLE ASOPESEX C.A.,A0311.01,A0311.01,Armadores / pesca marítima,MANTA,MANTA,ACTIVA,balances_2017_3.txt,casilleros,62,60682.34,56261.78,4420.56,,529345.08,529244.9,100.18,66.42,1,-0.0
2017,146715,1391793731001,VIDA MARINA VIMARINA CIA. LTDA.,C1020.04,C1020.04,Industria: elaboración y conservación de pescado,MANTA,MANTA,ACTIVA,balances_2017_3.txt,casilleros,54,287114.36,4892.46,282221.9,,92452.26,78955.82,13496.44,8603.98,1,-0.0
2017,146994,1391793960001,PD-PESCA S.A.,A0311.01,A0311.01,Armadores / pesca marítima,JARAMIJÓ,JARAMIJÓ,ACTIVA,balances_2017_3.txt,casilleros,46,430003.69,371992.35,58011.34,,0.0,82212.1,-82212.1,-82212.1,1,0.0
2017,148632,1391796056001,INTERATLANTIC S.A.,A0311.01,A0311.01,Armadores / pesca marítima,MANTA,MANTA,ACTIVA,balances_2017_2.txt,casilleros,46,35392.28,18330.37,17061.91,,70482.38,66590.69,3891.69,2580.19,1,0.0
2017,149717,1391797672001,FERPIL'S S.A.,A0311.01,A0311.01,Armadores / pesca marítima,MANTA,MANTA,ACTIVA,balances_2017_3.txt,casilleros,43,3366.15,1681.14,1685.01,,7069.39,6929.09,140.3,119.8,1,0.0
2017,164355,1391797958001,PRODUMAN ECUADOR CIA. LTDA.,A0311.01,A0311.01,Armadores / pesca marítima,MANTA,MANTA,ACTIVA,balances_2017_3.txt,casilleros,8,743.66,0.0,743.66,,0.0,0.0,0.0,0.0,1,0.0
2017,166157,1391800290001,COMERCIALIZADORA DE PRODUCTOS PESQUEROS S.A. COMPROPEZ,A0311.01,A0311.01,Armadores / pesca marítima,JARAMIJÓ,JARAMIJÓ,ACTIVA,balances_2017_3.txt,casilleros,72,348124.72,258824.86,89299.86,,1111579.56,1047820.97,63758.59,38749.16,1,-0.0
2017,166188,1391799713001,FRIGORIFICO Y LABORATORIO DE PESCA FRILABPESCA S.A.,A0311.01,A0311.01,Armadores / pesca marítima,MANTA,MANTA,ACTIVA,balances_2017_3.txt,casilleros,9,800.0,0.0,800.0,,0.0,0.0,0.0,0.0,1,0.0
2017,166190,1391799748001,TECNICA DE LA MARICULTURA S.A. TECNIMARSA,A0311.01,A0311.01,Armadores / pesca marítima,MANTA,MANTA,ACTIVA,balances_2017_2.txt,casilleros,16,43709.75,24238.56,19471.19,,0.0,0.0,0.0,0.0,1,0.0
2017,166486,1391800568001,ECUAOCEAN S.A.,A0311.01,A0311.01,Armadores / pesca marítima,MANTA,MANTA,ACTIVA,balances_2017_2.txt,casilleros,42,75299.91,35823.32,39476.59,,2120860.5,2118424.77,2435.73,2435.73,1,0.0
2017,166831,1391800517001,PRODUCTOS DEL REY S.A. PRODUCTREY,A0311.01,A0311.01,Armadores / pesca marítima,MANTA,MANTA,DISOLUCIÓN Y LIQUIDACIÓN OFICIO INSCRITA EN RM,balances_2017_2.txt,casilleros,27,2742028.14,2116073.22,625954.92,,0.0,0.0,0.0,0.0,1,-0.0
2017,169235,1391803850001,MARPESCA ECUADOR S.A.,A0311.01,A0311.01,Armadores / pesca marítima,MONTECRISTI,MONTECRISTI,ACTIVA,balances_2017_3.txt,casilleros,42,363185.97,361047.13,2138.84,,27.39,38033.32,-38005.93,-38005.93,1,-0.0
2017,169323,1391804083001,PESDEMAR S.A.,A0311.01,A0311.01,Armadores / pesca marítima,MANTA,MANTA,ACTIVA,balances_2017_3.txt,casilleros,59,63735.9,8598.25,55137.65,,478491.91,472898.39,5593.52,3565.87,1,0.0
2017,170154,1391805691001,MARITMA ECUATORIAL S.A. ECUAMARITIMA,A0311.01,A0311.01,Armadores / pesca marítima,MANTA,MANTA,DISOLUCIÓN Y LIQUIDACIÓN OFICIO NO INSCRITA EN RM,balances_2017_3.txt,casilleros,93,23710127.9,11791267.3,11918860.7,,5912707.83,5929753.83,-17046.0,-198396.34,1,-0.1
2017,170293,1391805381001,BRISATUN S.A.,A0311.01,A0311.01,Armadores / pesca marítima,MANTA,MANTA,DISOLUCIÓN Y LIQUIDACIÓN OFICIO INSCRITA EN RM,balances_2017_3.txt,casilleros,89,8885363.47,5053779.89,3831583.58,,10520852.9,6265768.27,4255084.59,3255139.71,1,0.0
2017,170806,1391806000001,FLOSERPESCA S.A.,C1020.02,C1020.02,Industria: elaboración y conservación de pescado,MANTA,MANTA,ACTIVA,balances_2017_3.txt,casilleros,50,50702.01,12076.98,38625.03,,105030.65,100683.94,4346.71,3260.03,1,0.0
2017,171950,1391807651001,MONMIFISH S.A.,A0311.01,A0311.01,Armadores / pesca marítima,MANTA,MANTA,ACTIVA,balances_2017_3.txt,casilleros,68,381550.03,267783.03,113767.0,,3126180.4,3076126.38,50054.02,50054.02,1,0.0
2017,172315,1391807627001,COMPAÑÍA AL MAR PESCA ALMARPEZ S.A.,A0311.01,A0311.01,Armadores / pesca marítima,MANTA,MANTA,ACTIVA,balances_2017_2.txt,casilleros,67,294943.19,283689.32,11253.87,,121668.14,120710.89,957.25,571.18,1,-0.0
2017,172449,1391807902001,PROCOPROMAR CIA. LTDA.,A0311.01,A0311.01,Armadores / pesca marítima,MANTA,MANTA,DISOLUCIÓN Y LIQUIDACIÓN OFICIO INSCRITA EN RM,balances_2017_3.txt,casilleros,82,253069.66,229709.06,23360.6,,1404670.93,1394202.25,10468.68,9421.81,1,0.0
2017,172770,1391808143001,PRODUCTOS DEL MAR PROMARIT S.A.,C1020.07,C1020.07,Industria: elaboración y conservación de pescado,MANTA,MANTA,ACTIVA,balances_2017_3.txt,casilleros,6,800.0,0.0,800.0,,0.0,0.0,0.0,0.0,1,0.0
2017,173162,1391808690001,CULTIVO DE PECES S.A. CULTIPESCA,C1020.07,C1020.07,Industria: elaboración y conservación de pescado,MANTA,MANTA,ACTIVA,balances_2017_2.txt,casilleros,11,16976.51,14476.51,2500.0,,0.0,0.0,0.0,0.0,1,-0.0
2017,173324,1391809522001,V&BFISH S.A.,A0311.01,A0311.01,Armadores / pesca marítima,MANTA,MANTA,ACTIVA,balances_2017_2.txt,casilleros,50,413134.0,359774.23,53359.77,,2878667.73,2839734.21,38933.52,30368.15,1,0.0
2017,173680,1391809336001,VERTIPEZ S.A.,A0311.01,A0311.01,Armadores / pesca marítima,MANTA,MANTA,DISOLUCIÓN Y LIQUIDACIÓN DE PLENO DERECHO INSC. RM,balances_2017_6.txt,casilleros,65,172029.39,0.0,172029.39,3406102.03,3406115.54,3358357.77,47757.77,0.0,1,0.0
2017,17663,1390097677001,MARDEX MARISCOS DE EXPORTACION S.A.,A0311.01,A0311.01,Armadores / pesca marítima,MANTA,MANTA,DISOLUCIÓN Y LIQUIDACIÓN OFICIO INSCRITA EN RM,balances_2017_3.txt,casilleros,131,11547180.8,7001170.06,4546010.72,,5348502.41,5916607.52,-568105.11,-568105.11,1,0.02
2017,176832,1391814968001,BLAUFISH CIA. LTDA.,A0311.01,A0311.01,Armadores / pesca marítima,MANTA,MANTA,ACTIVA,balances_2017_3.txt,casilleros,58,334197.19,105822.3,228374.89,,1292444.17,1205751.24,86692.93,86692.93,1,0.0
2017,176961,1391814992001,"NAMAFRU NATURAL, MARISCO Y FRUTAS S.A.S.",A0311.01,A0311.01,Armadores / pesca marítima,JARAMIJÓ,JARAMIJÓ,ACTIVA,balances_2017_2.txt,casilleros,6,12500.0,0.0,12500.0,,0.0,0.0,0.0,0.0,1,0.0
2017,177304,1391815239001,EMPACADORA FRIPEZ S.A.,A0311.01,A0311.01,Armadores / pesca marítima,MANTA,MANTA,ACTIVA,balances_2017_4.txt,NIIF_jerarquico,77,134489.42,115936.5,18552.92,497392.0,497392.0,486027.2,11364.8,7534.86,1,0.0
2017,178208,1391817371001,OCEAN KEY S.A. OCEANMANTA,A0311.01,A0311.01,Armadores / pesca marítima,MANTA,MANTA,ACTIVA,balances_2017_5.txt,casilleros,39,65862.61,60992.56,4870.05,0.0,621021.98,614511.18,6510.8,4316.66,1,0.0
2017,179101,1391817320001,BOTE MIMORENITA4 S.A.,A0311.01,A0311.01,Armadores / pesca marítima,MANTA,MANTA,ACTIVA,balances_2017_3.txt,casilleros,7,2000.0,0.0,2000.0,,0.0,0.0,0.0,0.0,1,0.0
2017,179519,1391817789001,CAMARONERA DEL PACIFICO S.A. PACIFCAM,A0311.01,A0311.01,Armadores / pesca marítima,MANTA,MANTA,ACTIVA,balances_2017_3.txt,casilleros,81,474739.07,370009.29,104729.78,,750233.19,676002.37,74230.82,52720.79,1,0.0
2017,179709,1391818254001,PROMAREC S.A.,C1020.02,C1020.02,Industria: elaboración y conservación de pescado,MANTA,MANTA,DISOLUCIÓN Y LIQUIDACIÓN OFICIO INSCRITA EN RM,balances_2017_3.txt,casilleros,20,49502.22,63141.74,-13639.52,,0.0,0.0,0.0,0.0,1,0.0
2017,180003,1391818343001,TUNA FISHING COMPANY ECUADOR TUFICOM C. LTDA.,A0311.01,A0311.01,Armadores / pesca marítima,MANTA,MANTA,DISOLUCIÓN Y LIQUIDACIÓN OFICIO INSCRITA EN RM,balances_2017_2.txt,casilleros,8,502.0,0.0,502.0,,0.0,0.0,0.0,0.0,1,0.0
2017,180892,1391819129001,CONSERVERATROPICAL CIA. LTDA.,C1020.02,C1020.02,Industria: elaboración y conservación de pescado,MANTA,MANTA,ACTIVA,balances_2017_3.txt,casilleros,14,54087.37,30701.17,23386.2,,0.0,0.0,0.0,0.0,1,0.0
2017,182073,1391821174001,ECUFISH S.A.,A0311.03,A0311.03,Armadores / pesca marítima,MONTECRISTI,MONTECRISTI,DISOLUCIÓN Y LIQUIDACIÓN OFICIO NO INSCRITA EN RM,balances_2017_3.txt,casilleros,67,1969580.36,907876.37,1061703.99,,411846.88,380277.68,31569.2,26833.82,1,0.0
2017,18528,1790943178001,PRODUCTOS DEL MAR Y SABORES NACIONALES PROMARSAN CIA. LTDA.,C1020.04,C1020.04,Industria: elaboración y conservación de pescado,JARAMIJÓ,JARAMIJÓ,ACTIVA,balances_2017_3.txt,casilleros,88,1220199.01,711690.25,508508.76,,156134.77,334743.3,-178608.53,-178608.53,1,0.0
2017,19582,1390073891001,TRANSMARINA CA,A0311.03,A0311.03,Armadores / pesca marítima,MONTECRISTI,MONTECRISTI,ACTIVA,balances_2017_3.txt,casilleros,142,55218853.8,36983960.9,18234892.8,,35385062.0,35122779.2,262282.77,94490.35,1,0.1
2017,205129,1391765770001,EMPACADORA MADEZA S.A.,C1020.02,C1020.02,Industria: elaboración y conservación de pescado,MANTA,MANTA,ACTIVA,balances_2017_3.txt,casilleros,71,264709.79,228057.29,36652.5,,169282.52,158282.52,11000.0,4633.2,1,-0.0
2017,205167,1391766793001,POLARISPESCA S.A.,A0311.01,A0311.01,Armadores / pesca marítima,MANTA,MANTA,ACTIVA,balances_2017_2.txt,casilleros,97,4602325.2,3454188.19,1148137.01,,3518070.8,3404135.19,113935.61,55077.45,1,0.0
2017,205205,1391767943001,ALHO FISH S.A.,A0311.01,A0311.01,Armadores / pesca marítima,MANTA,MANTA,ACTIVA,balances_2017_3.txt,casilleros,8,800.0,0.0,800.0,,0.0,0.0,0.0,0.0,1,0.0
2017,205233,1391768567001,TXOPITUNA ECUADOR CIA. LTDA.,A0311.03,A0311.03,Armadores / pesca marítima,MANTA,MANTA,ACTIVA,balances_2017_2.txt,casilleros,120,11037102.7,9765366.85,1271735.81,,5591728.86,5606919.83,-15190.97,-106091.72,1,0.04
2017,25440,0990555761001,PESDEL S.A.,A0311.01,A0311.01,Armadores / pesca marítima,JARAMIJÓ,JARAMIJÓ,ACTIVA,balances_2017_3.txt,casilleros,169,55347299.7,26286324.4,29060975.3,,16841225.5,16725778.5,115446.98,86585.23,1,0.0
2017,301126,1391824483001,INDUSTRIA NH SIMILA NHSIMIL CIA.LTDA.,C1020.06,C1020.06,Industria: elaboración y conservación de pescado,MANTA,MANTA,ACTIVA,balances_2017_2.txt,casilleros,38,116995.47,3505.34,113490.13,,14581.02,5284.44,9296.58,9296.58,1,0.0
2017,301695,1391827113001,TIANXINGS S.A.,A0311.01,A0311.01,Armadores / pesca marítima,MANTA,MANTA,ACTIVA,balances_2017_3.txt,casilleros,37,1871.83,371.83,1500.0,,877775.7,877570.17,205.53,0.0,1,0.0
2017,302853,1391832230001,PESQUERA MACÍAS & DELGADO PESMACDEL S.A.,A0311.03,A0311.03,Armadores / pesca marítima,MANTA,MANTA,DISOLUCIÓN Y LIQUIDACIÓN DE PLENO DERECHO INSC. RM,balances_2017_3.txt,casilleros,0,0.0,0.0,0.0,,0.0,0.0,0.0,0.0,1,0.0
2017,302954,1391832915001,PESQUERA EDUALPA S.A.,A0311.03,A0311.03,Armadores / pesca marítima,MANTA,MANTA,DISOLUCIÓN Y LIQUIDACIÓN DE PLENO DERECHO INSC. RM,balances_2017_5.txt,casilleros,51,0.0,342168.79,28518.4,0.0,664373.35,636754.95,27618.4,27618.4,1,-370687.19
2017,303395,1391834918001,EXPORTADORA DE PRODUCTOS DEL MAR FRESCO Y CONGELADO EXPROFRESCO S.A.,A0311.03,A0311.03,Armadores / pesca marítima,MANTA,MANTA,DISOLUCIÓN Y LIQUIDACIÓN OFICIO INSCRITA EN RM,balances_2017_2.txt,casilleros,37,20627.75,18844.8,1782.95,,968397.07,965206.9,3190.17,2488.33,1,0.0
2017,303460,1391835043001,INDUSTRIA ATUNERA ARRECIFES-MARINOS S.A.,C1020.04,C1020.04,Industria: elaboración y conservación de pescado,MANTA,MANTA,DISOLUCIÓN Y LIQUIDACIÓN OFICIO INSCRITA EN RM,balances_2017_3.txt,casilleros,55,135069.05,134269.05,800.0,,1544097.4,1777427.74,-233330.34,-233330.34,1,0.0
2017,304164,1391837453001,HAITANXIN S.A.,A0311.01,A0311.01,Armadores / pesca marítima,MANTA,MANTA,DISOLUCIÓN Y LIQUIDACIÓN OFICIO INSCRITA EN RM,balances_2017_3.txt,casilleros,26,4230.0,0.0,4230.0,,1683941.0,1680000.0,3941.0,0.0,1,0.0
2017,304446,1391838689001,PESCA DEL OCÉANO PESCAOCEAN S.A.,A0311.01,A0311.01,Armadores / pesca marítima,MANTA,MANTA,DISOLUCIÓN Y LIQUIDACIÓN OFICIO INSCRITA EN RM,balances_2017_3.txt,casilleros,60,1184825.17,1091250.61,93574.56,,83987.67,284035.71,-200048.04,-200048.04,1,-0.0
2017,305275,1391843976001,XLPESCA S.A.,A0311.01,A0311.01,Armadores / pesca marítima,MANTA,MANTA,INACTIVA,balances_2017_3.txt,casilleros,34,800605.63,797525.86,3079.77,,796071.0,793031.31,3039.69,2279.77,1,0.0
2017,306408,1391850859001,SEA&LAND COMERCIO E INVERSIONES MARINAS S.A.,A0311.01,A0311.01,Armadores / pesca marítima,MANTA,MANTA,ACTIVA,balances_2017_3.txt,casilleros,13,4034.0,0.0,4034.0,,0.0,0.0,0.0,34.0,1,0.0
2017,306409,1391850867001,WORLD FISH AND SEAFOOD PROCESADORA Y COMERCIALIZADORA ''WORLDFISH'' COMPAÑIA ANÓNIMA,A0311.01,A0311.01,Armadores / pesca marítima,MANTA,MANTA,ACTIVA,balances_2017_3.txt,casilleros,7,1000.0,0.0,1000.0,,0.0,0.0,0.0,0.0,1,0.0
2017,306489,1391851138001,LOGISTIC CONTAINER & TRANSPORT ECUADOR IMPORTADORA Y EXPORTADORA LCTE S.A.,A0311.01,A0311.01,Armadores / pesca marítima,MANTA,MANTA,ACTIVA,balances_2017_3.txt,casilleros,56,204317.46,269918.46,-65601.0,,78875.83,145276.83,-66401.0,-66401.0,1,-0.0
2017,306970,1391853394001,FISHCHOEZ&VILLEGAS EXPORTADORA DE PRODUCTOS DE MAR FISH CHOEZ & VILLEGAS S.A.,A0311.01,A0311.01,Armadores / pesca marítima,MANTA,MANTA,DISOLUCIÓN Y LIQUIDACIÓN OFICIO INSCRITA EN RM,balances_2017_3.txt,casilleros,36,69804.28,69004.28,800.0,,149059.5,147274.61,1784.89,0.0,1,0.0
2017,307031,1391853777001,EMPACADORA DE PRODUCTOS DEL MAR ZAMBRANO & MACIAS RODAVICMAR S.A.,C1020.02,C1020.02,Industria: elaboración y conservación de pescado,MANTA,MANTA,ACTIVA,balances_2017_2.txt,casilleros,38,1809.54,0.0,1809.54,,29944.1,28550.04,1394.06,908.59,1,0.0
2017,307043,1391853971001,PESQUERA Y FRIGORIFICOS POSLIGUA PYFP PESFRI CIA.LTDA.,A0311.01,A0311.01,Armadores / pesca marítima,JARAMIJÓ,JARAMIJÓ,ACTIVA,balances_2017_2.txt,casilleros,40,13323.02,5050.19,8272.83,,22222.0,11724.89,10497.11,7479.19,1,0.0
2017,307087,1391854137001,EMPACADORA MKF MARK FISH S.A.,C1020.04,C1020.04,Industria: elaboración y conservación de pescado,MANTA,MANTA,ACTIVA,balances_2017_3.txt,casilleros,29,655.43,4543.89,-3888.46,,0.02,4688.48,-4688.46,-4688.46,1,-0.0
2017,307175,1391854676001,COVE PROMAR COMPRA Y VENTA DE PRODUCTOS DEL MAR COVEPROMAR S.A.,A0311.01,A0311.01,Armadores / pesca marítima,MANTA,MANTA,DISOLUCIÓN Y LIQUIDACIÓN OFICIO INSCRITA EN RM,balances_2017_3.txt,casilleros,50,278909.14,262880.05,16029.09,,381417.33,357528.56,23888.77,15229.09,1,0.0
2017,307815,1391857233001,PESCAPECES S.A.,A0311.01,A0311.01,Armadores / pesca marítima,MANTA,MANTA,DISOLUCIÓN Y LIQUIDACIÓN OFICIO INSCRITA EN RM,balances_2017_3.txt,casilleros,64,15045318.2,13993568.0,1051750.22,,909189.92,1549439.7,-640249.78,-640249.78,1,-0.02
2017,308100,1391858841001,GUANWANG S.A.,A0311.01,A0311.01,Armadores / pesca marítima,MANTA,MANTA,DISOLUCIÓN Y LIQUIDACIÓN OFICIO INSCRITA EN RM,balances_2017_3.txt,casilleros,35,140151.86,120813.35,19338.51,,1262083.2,1244744.69,17338.51,17338.51,1,-0.0
2017,308161,1391859139001,BARAKA SA EMPRESA DE COMERCIALIZACION EXPORTACIONES E IMPORTACIONES DE PESCA BARAKAFISHCORP S.A.,A0311.01,A0311.01,Armadores / pesca marítima,MANTA,MANTA,DISOLUCIÓN Y LIQUIDACIÓN OFICIO INSCRITA EN RM,balances_2017_3.txt,casilleros,6,800.0,0.0,800.0,,0.0,0.0,0.0,0.0,1,0.0
2017,34175,1390141692001,EMPACADORA BILBO S.A. BILBOSA,C1020.01,C1020.01,Industria: elaboración y conservación de pescado,MANTA,MANTA,ACTIVA,balances_2017_1.txt,NIIF_jerarquico,165,27283558.97,13108279.15,14175279.82,30186146.89,30186146.89,29874866.81,311280.08,133756.25,1,-0.0
2017,34292,1390144039001,PESCADO FRESCO DE EXPORTACION PEFREXPORT S.A.,C1020.04,C1020.04,Industria: elaboración y conservación de pescado,MANTA,MANTA,ACTIVA,balances_2017_3.txt,casilleros,55,1656991.5,20659.99,1636331.51,,41800.12,915176.8,-873376.68,-873376.68,1,0.0
2017,34328,1390145493001,FISHCORP S.A.,A0311.01,A0311.01,Armadores / pesca marítima,JARAMIJÓ,JARAMIJÓ,ACTIVA,balances_2017_3.txt,casilleros,123,26895839.1,18419631.6,8476207.48,,27974225.4,27617332.7,356892.67,236619.45,1,0.02
2017,34346,1390145957001,PESQUERA PERALTA SOCIEDAD ANONIMA PESPERALTA,A0311.01,A0311.01,Armadores / pesca marítima,MANTA,MANTA,ACTIVA,balances_2017_3.txt,casilleros,10,32800.0,0.0,32800.0,,0.0,0.0,0.0,0.0,1,0.0
2017,34388,1390147186001,MARBELIZE S.A.,C1020.04,C1020.04,Industria: elaboración y conservación de pescado,JARAMIJÓ,JARAMIJÓ,ACTIVA,balances_2017_3.txt,casilleros,183,68287512.6,56857118.6,11430394.1,,94391113.4,94253000.9,138112.49,1070.5,1,-0.1
2017,34420,1390148212001,MANABITA DE COMERCIO S.A. MANCORSACOM,C1020.04,C1020.04,Industria: elaboración y conservación de pescado,JARAMIJÓ,JARAMIJÓ,ACTIVA,balances_2017_3.txt,casilleros,140,7960953.21,962410.92,6998542.29,,7407230.84,6209033.84,1198197.0,758449.92,1,0.0
2017,34442,1390149154001,SHELLFISH S.A.,A0311.01,A0311.01,Armadores / pesca marítima,MANTA,MANTA,ACTIVA,balances_2017_3.txt,casilleros,95,1190295.19,710231.59,480063.6,,2577809.6,2325137.23,252672.37,90707.13,1,0.0
2017,34449,1390149219001,EUROFISH S.A.,C1020.04,C1020.04,Industria: elaboración y conservación de pescado,MONTECRISTI,MONTECRISTI,ACTIVA,balances_2017_1.txt,NIIF_jerarquico,169,125717380.5,74450919.87,51266460.63,140555618.8,144719662.74,136205580.44,8514082.3,5498739.5,1,-0.0
2017,34453,1390149316001,MADEPACIF S.A.,C1020.02,C1020.02,Industria: elaboración y conservación de pescado,MANTA,MANTA,DISOLUCIÓN Y LIQUIDACIÓN OFICIO INSCRITA EN RM,balances_2017_5.txt,casilleros,58,43077.56,37439.07,5638.49,856007.47,856007.47,855748.63,258.84,194.13,1,-0.0
2017,34521,1391700776001,TECNICA Y COMERCIO DE LA PESCA C.A. TECOPESCA,A0311.01,A0311.01,Armadores / pesca marítima,JARAMIJÓ,JARAMIJÓ,ACTIVA,balances_2017_1.txt,NIIF_jerarquico,175,110741204.81,78482592.71,32258612.1,123023197.19,123023197.19,122569218.75,363978.44,26009.39,1,0.0
2017,34525,1391700830001,"MANACRIPEX CIA. LTDA. MANABITA DE CRIA , PESCA Y EXPORTACION",A0311.03,A0311.03,Armadores / pesca marítima,JARAMIJÓ,JARAMIJÓ,ACTIVA,balances_2017_3.txt,casilleros,128,8897063.16,3528870.07,5368193.09,,3733520.6,3447849.7,285670.9,166410.89,1,0.0
2017,34611,1391709765001,PESQUERA UGAVI S.A.,A0311.03,A0311.03,Armadores / pesca marítima,MANTA,MANTA,ACTIVA,balances_2017_3.txt,casilleros,150,67326781.9,48980629.9,18346152.0,,30301878.0,26836352.1,3465525.92,1828372.07,1,0.0
2017,34614,1391701926001,INDUSTRIA ATUNERA S.A. INDUATUN,A0311.01,A0311.01,Armadores / pesca marítima,MANTA,MANTA,ACTIVA,balances_2017_3.txt,casilleros,106,16951734.5,7553496.7,9398237.78,,7067727.0,6479896.27,587830.73,342846.4,1,0.02
2017,34630,1391702094001,DIAZ VASQUEZ DIVA S.A.,A0311.01,A0311.01,Armadores / pesca marítima,MANTA,MANTA,ACTIVA,balances_2017_3.txt,casilleros,6,1000.0,0.0,1000.0,,0.0,0.0,0.0,0.0,1,0.0
2017,34725,1391726740001,INMOTUNA S.A.,A0311.01,A0311.01,Armadores / pesca marítima,MANTA,MANTA,ACTIVA,balances_2017_2.txt,casilleros,54,497003.61,207062.4,289941.21,,12000.0,7105.23,4894.77,3058.06,1,-0.0
2017,34727,1391716702001,MEGAOCEAN S.A,A0311.01,A0311.01,Armadores / pesca marítima,MANTA,MANTA,ACTIVA,balances_2017_3.txt,casilleros,110,3740399.0,3494168.82,246230.18,,1566568.31,1556685.03,9883.28,3220.22,1,0.0
2017,34759,1391717474001,PROVIPACIF S.A,A0311.01,A0311.01,Armadores / pesca marítima,MANTA,MANTA,ACTIVA,balances_2017_3.txt,casilleros,93,8439458.23,1444413.3,6995044.93,,311375.59,259045.68,52329.91,52329.91,1,0.0
2017,34863,1391722486001,UNIOCEAN S.A.,A0311.03,A0311.03,Armadores / pesca marítima,MANTA,MANTA,ACTIVA,balances_2017_3.txt,casilleros,141,31029106.9,18370257.7,12658849.3,,14961742.9,13798038.1,1163704.81,531393.45,1,-0.1
2017,34903,1391723318001,OCEANFISH S.A.,A0311.01,A0311.01,Armadores / pesca marítima,MANTA,MANTA,ACTIVA,balances_2017_3.txt,casilleros,157,19445829.5,13500056.2,5945773.24,,11754788.4,12329526.5,-574738.09,-574738.09,1,0.06
2017,34919,1391724500001,PESCIMERA S.A,A0311.01,A0311.01,Armadores / pesca marítima,MANTA,MANTA,ACTIVA,balances_2017_3.txt,casilleros,98,7930943.76,2486534.34,5444409.42,,4859630.21,4757127.61,102502.6,20468.68,1,0.0
2017,34948,1391724837001,PRODUCTOS PESQUEROS S.A. PRODUPES,C1020.06,C1020.06,Industria: elaboración y conservación de pescado,MONTECRISTI,MONTECRISTI,ACTIVA,balances_2017_3.txt,casilleros,114,12382675.7,5419828.04,6962847.63,,22326966.2,21404329.4,922636.72,662418.51,1,0.03
2017,34958,1391725426001,CARIBBEAN ATLANTIC CARTLANT S.A.,A0311.01,A0311.01,Armadores / pesca marítima,MANTA,MANTA,ACTIVA,balances_2017_4.txt,NIIF_jerarquico,8,800.0,0.0,800.0,0.0,0.0,0.0,0.0,0.0,1,0.0
2017,35171,1390140319001,"FRIGORIFICO Y LABORATORIO SAN MATEO, FRIGOLAB SAN MATEO CIA. LTDA.",A0311.01,A0311.01,Armadores / pesca marítima,JARAMIJÓ,JARAMIJÓ,ACTIVA,balances_2017_3.txt,casilleros,175,31806612.1,23047727.0,8758885.1,,31429211.0,30779800.5,649410.54,295421.12,1,0.0
2017,35254,1390143024001,PES NUNEZ SANTANA PESNUSAN CIA. LTDA.,C1020.02,C1020.02,Industria: elaboración y conservación de pescado,MONTECRISTI,MONTECRISTI,ACTIVA,balances_2017_3.txt,casilleros,113,1165003.9,908596.47,256407.43,,3047106.33,3027101.07,20005.26,10283.16,1,-0.0
2017,35294,1390144861001,MAREROCE EXPORT IMPORT CIA. LTDA.,C1020.01,C1020.01,Industria: elaboración y conservación de pescado,JARAMIJÓ,JARAMIJÓ,ACTIVA,balances_2017_3.txt,casilleros,78,2345370.05,1885344.82,460025.23,,3180292.87,3177032.26,3260.61,2161.78,1,-0.0
2017,35359,1390148034001,PESQUERA CHOPITEA CIA. LTDA.,A0311.01,A0311.01,Armadores / pesca marítima,MANTA,MANTA,ACTIVA,balances_2017_3.txt,casilleros,81,845300.05,393532.47,451767.58,,206632.18,206171.98,460.2,-1216.05,1,0.0
2017,35364,1390148433001,ALIMENTOS INTEGRADOS ALINTEGRA CIA. LTDA.,C1020.05,C1020.05,Industria: elaboración y conservación de pescado,MANTA,MANTA,ACTIVA,balances_2017_2.txt,casilleros,36,48778.29,6818.38,41959.91,,1000.0,5608.64,-4608.64,-4608.64,1,0.0
2017,35420,1391700938001,MANATUN CIA. LTDA.,A0311.01,A0311.01,Armadores / pesca marítima,MANTA,MANTA,DISOLUCIÓN Y LIQUIDACIÓN OFICIO INSCRITA EN RM,balances_2017_3.txt,casilleros,16,33813.62,328.51,33485.11,,0.0,0.0,0.0,0.0,1,0.0
2017,35688,1391729391001,PESQUERA BETH EEL S.A.,A0311.01,A0311.01,Armadores / pesca marítima,MONTECRISTI,MONTECRISTI,ACTIVA,balances_2017_3.txt,casilleros,29,16720.87,0.0,16720.87,,31246.5,12022.01,19224.49,0.0,1,0.0
2017,35759,1391731388001,ARMAPAC S.A.,C1020.02,C1020.02,Industria: elaboración y conservación de pescado,MANTA,MANTA,DISOLUCIÓN Y LIQUIDACIÓN OFICIO INSCRITA EN RM,balances_2017_3.txt,casilleros,65,125775.39,23359.51,102415.88,,69388.92,67307.86,2081.06,1241.77,1,0.0
2017,35766,1391732872001,FRIGORIFICO Y CONSERVERA DE LA PESCA FRICOPES S.A.,A0311.01,A0311.01,Armadores / pesca marítima,MANTA,MANTA,ACTIVA,balances_2017_3.txt,casilleros,86,1451994.61,110974.08,1341020.53,,1916336.49,2083603.45,-167266.96,-167266.96,1,0.0
2017,35826,1391732813001,FISHMAR S.A.,A0311.01,A0311.01,Armadores / pesca marítima,MANTA,MANTA,ACTIVA,balances_2017_3.txt,casilleros,94,3893944.59,837078.61,3056865.98,,1321033.34,994094.11,326939.23,214469.97,1,0.0
2017,35888,1391734271001,USAFISH S.A.,C1020.02,C1020.02,Industria: elaboración y conservación de pescado,MANTA,MANTA,ACTIVA,balances_2017_3.txt,casilleros,110,9151305.3,5903224.98,3248080.32,,23571117.3,22968865.2,602252.14,511914.32,1,0.0
2017,35973,1391736452001,B&B TUNE_SUPPLIERS S.A.,A0311.01,A0311.01,Armadores / pesca marítima,MANTA,MANTA,ACTIVA,balances_2017_3.txt,casilleros,137,13917164.9,8034595.1,5882569.83,,6151364.44,5108850.02,1042514.42,672163.05,1,-0.03
2017,369,1790034305001,SEAFMAN SOCIEDAD ECUATORIANA DE ALIMENTOS Y FRIGORIFICOS MANTA C.A.,C1020.02,C1020.02,Industria: elaboración y conservación de pescado,MANTA,MANTA,ACTIVA,balances_2017_3.txt,casilleros,179,57082751.6,34490832.3,22591919.3,,119915293.0,118106486.0,1808807.45,1084489.36,1,0.0
2017,39949,1391773439001,PESCAEXITO CIA. LTDA.,A0311.01,A0311.01,Armadores / pesca marítima,MANTA,MANTA,ACTIVA,balances_2017_3.txt,casilleros,19,190234.26,14983.9,175250.36,,0.0,0.0,0.0,0.0,1,0.0
2017,61759,1391775903001,CONSULTORES INDUSTRIALES Y PRODUCTOS DEL MAR S.A. CIPROMAR,A0311.01,A0311.01,Armadores / pesca marítima,MANTA,MANTA,ACTIVA,balances_2017_3.txt,casilleros,52,136998.6,19397.0,117601.6,,880006.39,744592.74,135413.65,115101.6,1,0.0
2017,62123,1391776497001,FIOMAR&SHARK OCEAN S.A.,A0311.01,A0311.01,Armadores / pesca marítima,MONTECRISTI,MONTECRISTI,DISOLUCIÓN Y LIQUIDACIÓN OFICIO NO INSCRITA EN RM,balances_2017_3.txt,casilleros,43,90120.57,86591.8,3528.77,,253350.0,251834.22,1515.78,1004.96,1,0.0
2017,62647,1391776683001,FRANCHI FISH S.A.,A0311.01,A0311.01,Armadores / pesca marítima,MANTA,MANTA,ACTIVA,balances_2017_3.txt,casilleros,80,284304.97,89550.33,194754.64,,2194525.48,2267448.86,-72923.38,-72923.38,1,-0.0
2017,63129,1391777434001,MUNDOTRADE S.A.,A0311.01,A0311.01,Armadores / pesca marítima,MANTA,MANTA,DISOLUCIÓN Y LIQUIDACIÓN OFICIO INSCRITA EN RM,balances_2017_3.txt,casilleros,22,96393.47,85203.21,11190.26,,0.0,0.0,0.0,0.0,1,-0.0
2017,636,1390005713001,INDUSTRIA ECUATORIANA PRODUCTORA DE ALIMENTOS CA INEPACA,C1020.02,C1020.02,Industria: elaboración y conservación de pescado,MANTA,MANTA,ACTIVA,balances_2017_3.txt,casilleros,127,67452992.1,19199993.1,48252999.0,,55292458.8,55630171.5,-337712.62,-361343.89,1,-0.0
2017,63945,1391778732001,INTERNACIONAL SEAFOOD FOODINTER S.A.,C1020.03,C1020.03,Industria: elaboración y conservación de pescado,MANTA,MANTA,DISOLUCIÓN Y LIQUIDACIÓN OFICIO NO INSCRITA EN RM,balances_2017_3.txt,casilleros,1,0.0,0.0,0.0,,0.0,0.0,0.0,0.0,1,0.0
2017,64976,1391779801001,EMPACADORA ALKRISTO DEL MAR S.A. EMPALMAR,A0311.01,A0311.01,Armadores / pesca marítima,MANTA,MANTA,ACTIVA,balances_2017_3.txt,casilleros,3,0.0,0.0,0.0,,0.0,0.0,0.0,0.0,1,0.0
2017,700234,1391824416001,GOODMARCOM S.A.,A0311.03,A0311.03,Armadores / pesca marítima,JARAMIJÓ,JARAMIJÓ,ACTIVA,balances_2017_3.txt,casilleros,33,57648.37,47929.86,9718.51,,57600.0,55000.0,2600.0,2600.0,1,0.0
2017,702387,1391825676001,CORPORACION FRANK REVELO. EXPORTACION - IMPORTACION - PESQUERA AGRICOLA. EXPORMANTA S.A.,A0311.01,A0311.01,Armadores / pesca marítima,MANTA,MANTA,ACTIVA,balances_2017_3.txt,casilleros,78,368861.29,354168.44,14692.85,,476182.96,453977.54,22205.42,14155.96,1,-0.0
2017,7027,1390050352001,CONSERVAS ISABEL ECUATORIANA S.A.,C1020.02,C1020.02,Industria: elaboración y conservación de pescado,MANTA,MANTA,ACTIVA,balances_2017_3.txt,casilleros,174,103905081.0,34660687.8,69244393.5,,145606069.0,129898827.0,15707242.2,10868624.1,1,-0.3
2017,703246,1391827598001,COMERCIALIZADORA DEL MAR PEZ&PEZ S.A.,A0311.01,A0311.01,Armadores / pesca marítima,MANTA,MANTA,ACTIVA,balances_2017_3.txt,casilleros,79,1056443.03,1032984.98,23458.05,,1960987.97,1942325.71,18662.26,7480.57,1,0.0
2017,703855,1391829469001,NAVIERA ECUATORIANA PICHINCHA NAVIP S.A.,A0311.03,A0311.03,Armadores / pesca marítima,MANTA,MANTA,ACTIVA,balances_2017_3.txt,casilleros,21,733035.0,759193.44,-26158.44,,0.0,26958.44,-26958.44,-26958.44,1,0.0
2017,703858,1391829493001,PRODUCTORA NACIONAL ATUNERA ECUATORIANA PROATUNA S.A.,A0311.03,A0311.03,Armadores / pesca marítima,MANTA,MANTA,DISOLUCIÓN Y LIQUIDACIÓN OFICIO NO INSCRITA EN RM,balances_2017_3.txt,casilleros,90,34553170.8,13327095.2,21226075.7,,9952837.84,9458309.95,494527.89,294300.44,1,-0.1
2017,703860,1391829442001,NAVIERA ECUATORIANA AUSTRAL MARITIMA AUSMAR S.A.,A0311.03,A0311.03,Armadores / pesca marítima,MANTA,MANTA,DISOLUCIÓN Y LIQUIDACIÓN OFICIO INSCRITA EN RM,balances_2017_3.txt,casilleros,76,199792.55,226024.68,-26232.13,,192951.0,195614.66,-2663.66,-2663.66,1,-0.0
2017,703862,1391829434001,NAVIERA ECUATORIANA DAULE NAECUDAL S.A.,A0311.03,A0311.03,Armadores / pesca marítima,MANTA,MANTA,DISOLUCIÓN Y LIQUIDACIÓN OFICIO INSCRITA EN RM,balances_2017_3.txt,casilleros,24,715469.76,776369.8,-60900.04,,0.0,61700.04,-61700.04,-61700.04,1,-0.0
2017,704035,1391829426001,INDUSTRIAS CIBIS SANUS INDUCIBIS S.A.,C1020.02,C1020.02,Industria: elaboración y conservación de pescado,MANTA,MANTA,ACTIVA,balances_2017_3.txt,casilleros,28,2045.22,384.0,1661.22,,125.26,271.46,-146.2,-146.2,1,0.0
2017,704360,1391830068001,PESQUERA TUNAQUICK S.A.,A0311.01,A0311.01,Armadores / pesca marítima,MONTECRISTI,MONTECRISTI,ACTIVA,balances_2017_3.txt,casilleros,87,5672517.21,5455172.23,217344.98,,3393255.23,3376910.27,16344.96,16344.98,1,-0.0
2017,704997,1391831846001,COMERCIALIZADORA HERNAN CHICA IMEXTUNACONP S.A.,A0311.01,A0311.01,Armadores / pesca marítima,MANTA,MANTA,ACTIVA,balances_2017_3.txt,casilleros,75,604298.4,572721.05,31577.35,,909442.54,893407.79,16034.75,8824.9,1,-0.0
2017,707762,1391837135001,CONSERVAS DEL MAR MARCONSERVA S.A.,A0311.01,A0311.01,Armadores / pesca marítima,JARAMIJÓ,JARAMIJÓ,DISOLUCIÓN Y LIQUIDACIÓN OFICIO NO INSCRITA EN RM,balances_2017_3.txt,casilleros,29,3180610.31,2388159.69,792450.62,,918033.0,106565.36,811467.64,810527.64,1,0.0
2017,708436,1391840241001,PESQUERA DEL SUR PESQUESURSA S.A.,A0311.03,A0311.03,Armadores / pesca marítima,MONTECRISTI,MONTECRISTI,ACTIVA,balances_2017_3.txt,casilleros,70,831364.82,823001.05,8363.77,,699382.54,698870.25,512.29,-1636.23,1,-0.0
2017,708841,1391841981001,FISHINGDEGFER S.A.,A0311.01,A0311.01,Armadores / pesca marítima,MANTA,MANTA,ACTIVA,balances_2017_3.txt,casilleros,6,1000.0,0.0,1000.0,,0.0,0.0,0.0,0.0,1,0.0
2017,708842,1391841124001,EXPORTADORA PACIFICO EXPORTPACIFIC S.A.,C1020.02,C1020.02,Industria: elaboración y conservación de pescado,MANTA,MANTA,ACTIVA,balances_2017_3.txt,casilleros,56,76307.72,70949.2,5358.52,,1599821.92,1600107.94,-286.02,-286.02,1,0.0
2017,709051,1391841485001,ESPADEROS-PACIFICO S.A.,A0311.01,A0311.01,Armadores / pesca marítima,MANTA,MANTA,ACTIVA,balances_2017_2.txt,casilleros,19,1004193.75,901293.75,102900.0,,0.0,0.0,0.0,0.0,1,0.0
2017,709237,1391849079001,MARITIMO E INDUSTRIAL CAMPO MARINO CAMPOMARINO S.A.,A0311.01,A0311.01,Armadores / pesca marítima,MANTA,MANTA,DISOLUCIÓN Y LIQUIDACIÓN OFICIO INSCRITA EN RM,balances_2017_3.txt,casilleros,25,1524373.57,1515257.57,9116.0,,0.0,884.0,-884.0,-884.0,1,0.0
2017,709326,1391842309001,SULLIVAN BAY PESCA SBP-ECUADOR S.A.,A0311.01,A0311.01,Armadores / pesca marítima,MANTA,MANTA,ACTIVA,balances_2017_6.txt,casilleros,6,800.0,0.0,800.0,0.0,0.0,0.0,0.0,0.0,1,0.0
2017,709774,1391844174001,ATLANTIS EC COMERCIALIZACION DE PESCADO FRESCO Y CONGELADO COMERFRESCON COMPAÑIA DE RESPONSABILIDAD LIMITADA,A0311.01,A0311.01,Armadores / pesca marítima,MANTA,MANTA,ACTIVA,balances_2017_3.txt,casilleros,49,8616.27,4398.47,4217.8,,47651.31,41892.93,5758.38,3817.8,1,0.0
2017,709840,1391846339001,PESQUERA ALZAMFISH S.A.,A0311.01,A0311.01,Armadores / pesca marítima,MANTA,MANTA,DISOLUCIÓN Y LIQUIDACIÓN DE PLENO DERECHO INSC. RM,balances_2017_4.txt,NIIF_jerarquico,7,15000.0,0.0,15000.0,0.0,0.0,0.0,0.0,0.0,1,0.0
2017,709973,1391845960001,FRESCOPES S.A.,A0311.01,A0311.01,Armadores / pesca marítima,MANTA,MANTA,ACTIVA,balances_2017_2.txt,casilleros,7,800.0,0.0,800.0,,0.0,0.0,0.0,0.0,1,0.0
2017,710004,1391846185001,COMERCIALIZADORA SERVICIOS LOGÍSTICOS OPERFRESH S.A.,A0311.01,A0311.01,Armadores / pesca marítima,MANTA,MANTA,DISOLUCIÓN Y LIQUIDACIÓN OFICIO INSCRITA EN RM,balances_2017_3.txt,casilleros,29,6709.9,5939.2,770.7,,157628.46,157657.76,-29.3,-29.3,1,-0.0
2017,711302,1391850336001,PROCONMAN S.A.,A0311.01,A0311.01,Armadores / pesca marítima,MANTA,MANTA,ACTIVA,balances_2017_2.txt,casilleros,41,37055.57,28767.68,8287.89,,109515.25,102227.36,7287.89,6559.1,1,0.0
2017,711527,1391853831001,LA PERLA DEL SUR ECUADOR PERSUECUA S.A.,A0311.01,A0311.01,Armadores / pesca marítima,JARAMIJÓ,JARAMIJÓ,DISOLUCIÓN Y LIQUIDACIÓN OFICIO INSCRITA EN RM,balances_2017_3.txt,casilleros,6,800.0,0.0,800.0,,0.0,0.0,0.0,0.0,1,0.0
2017,713190,1391855850001,BRIOPESCA CIA.LTDA.,A0311.01,A0311.01,Armadores / pesca marítima,MANTA,MANTA,DISOLUCIÓN Y LIQUIDACIÓN OFICIO INSCRITA EN RM,balances_2017_2.txt,casilleros,49,53695.29,51664.56,2030.73,,65815.0,64634.44,1180.56,1180.56,1,0.0
2017,713870,1391858973001,PISCANTUR S.A.,A0311.03,A0311.03,Armadores / pesca marítima,JARAMIJÓ,JARAMIJÓ,ACTIVA,balances_2017_2.txt,casilleros,36,7872206.9,7888978.91,-16772.01,,0.09,17572.1,-17572.01,-17572.01,1,0.0
2017,714154,1391858892001,IMPORT & EXPORT SKYFISH S.A.,A0311.01,A0311.01,Armadores / pesca marítima,MANTA,MANTA,ACTIVA,balances_2017_3.txt,casilleros,6,10000.0,0.0,10000.0,,0.0,0.0,0.0,0.0,1,0.0
2017,714314,1391859589001,ECOPEZ EXPORT SOCIEDAD ANÓNIMA,A0311.01,A0311.01,Armadores / pesca marítima,MONTECRISTI,MONTECRISTI,ACTIVA,balances_2017_3.txt,casilleros,56,102957.22,95703.99,7253.23,,1234500.0,1228046.77,6453.23,6453.23,1,-0.0
2017,714437,1391859937001,CONSERVERA MAR Y PESCA CONMARPES S.A.,C1020.04,C1020.04,Industria: elaboración y conservación de pescado,JARAMIJÓ,JARAMIJÓ,ACTIVA,balances_2017_3.txt,casilleros,6,2000.0,0.0,2000.0,,0.0,0.0,0.0,0.0,1,0.0
2017,714668,1391861052001,QUEENFISH S.A.,A0311.01,A0311.01,Armadores / pesca marítima,MANTA,MANTA,DISOLUCIÓN Y LIQUIDACIÓN OFICIO INSCRITA EN RM,balances_2017_3.txt,casilleros,30,2083.94,2482.41,-398.47,,52171.35,53369.82,-1198.47,-1198.47,1,0.0
2017,714869,1391862075001,COMPAÑIA VILLACIS & ESPINOZA ROSMARFISH S.A.,A0311.01,A0311.01,Armadores / pesca marítima,MANTA,MANTA,ACTIVA,balances_2017_3.txt,casilleros,36,230880.76,203984.33,26896.43,,30000.0,13103.57,16896.43,15206.79,1,0.0
2017,714890,1391861591001,COMERCIALIZADORA FREDDY & MARLON GOSENFISH S.A.,A0311.01,A0311.01,Armadores / pesca marítima,MANTA,MANTA,ACTIVA,balances_2017_3.txt,casilleros,6,10000.0,0.0,10000.0,,0.0,0.0,0.0,0.0,1,0.0
2017,714926,1391861788001,NEGOCIOS INDUSTRIALES DEL MAR NEGOINMAR S.A.,C1020.02,C1020.02,Industria: elaboración y conservación de pescado,MANTA,MANTA,ACTIVA,balances_2017_3.txt,casilleros,6,800.0,0.0,800.0,,0.0,0.0,0.0,0.0,1,0.0
2017,715117,1391862806001,COMERCIALIZADORA SEA FISHERS COMERSEAFISH S.A.,A0311.01,A0311.01,Armadores / pesca marítima,MANTA,MANTA,DISOLUCIÓN Y LIQUIDACIÓN OFICIO INSCRITA EN RM,balances_2017_3.txt,casilleros,27,2900.0,0.0,2900.0,,400.0,0.0,400.0,400.0,1,0.0
2017,715262,1391864477001,PESQUERAKORPEZ S.A.,A0311.01,A0311.01,Armadores / pesca marítima,MANTA,MANTA,ACTIVA,balances_2017_2.txt,casilleros,6,1000.0,0.0,1000.0,,0.0,0.0,0.0,0.0,1,0.0
2017,715711,1391865198001,"FREDDY & JERONIMO CAÑARTE ZAMBRANO VENTA, PROCESO Y COMERCIALIZACIÓN DE PRODUCTOS DE LA PESCA FREJERFISH S.A.",A0311.01,A0311.01,Armadores / pesca marítima,MANTA,MANTA,ACTIVA,balances_2017_3.txt,casilleros,2,0.0,0.0,0.0,,0.0,0.0,0.0,0.0,1,0.0
2017,717158,1391870884001,ALCERTUNA S.A.,A0311.01,A0311.01,Armadores / pesca marítima,MANTA,MANTA,DISOLUCIÓN Y LIQUIDACIÓN DE PLENO DERECHO INSC. RM,balances_2017_6.txt,casilleros,4,0.0,0.0,0.0,0.0,1930.0,0.0,0.0,0.0,1,0.0
2017,72073,0991313788001,ASISERVY S.A.,C1020.02,C1020.02,Industria: elaboración y conservación de pescado,JARAMIJÓ,JARAMIJÓ,ACTIVA,balances_2017_1.txt,NIIF_jerarquico,165,60089742.7,37267957.39,22821785.31,79630023.29,79630023.29,77971751.94,2527439.69,1513874.93,1,0.0
2017,72096,0991316531001,AGROL S.A.,A0311.01,A0311.01,Armadores / pesca marítima,MANTA,MANTA,ACTIVA,balances_2017_3.txt,casilleros,78,7021954.52,4417584.68,2604369.84,,180000.0,526850.62,-346850.62,-346850.62,1,0.0
2017,79132,0991417117001,MARMONTESAN S.A.,A0311.01,A0311.01,Armadores / pesca marítima,MONTECRISTI,MONTECRISTI,ACTIVA,balances_2017_2.txt,casilleros,11,7808.51,0.0,7808.51,,0.0,0.0,0.0,0.0,1,0.0
2017,83238,0991469095001,TADEL S.A.,C1020.05,C1020.05,Industria: elaboración y conservación de pescado,JARAMIJÓ,JARAMIJÓ,ACTIVA,balances_2017_2.txt,casilleros,149,28309879.9,4801632.62,23508247.3,,40874357.1,37373876.1,3500480.96,1807595.94,1,-0.02
2017,95584,1391738803001,EYCO S.A.,A0311.01,A0311.01,Armadores / pesca marítima,MANTA,MANTA,ACTIVA,balances_2017_3.txt,casilleros,76,263574.56,206196.47,57378.09,,1019768.28,993726.78,26041.5,12837.33,1,0.0
2017,95604,1391739524001,PROHAPEZ MANTA S.A.,A0311.01,A0311.01,Armadores / pesca marítima,MONTECRISTI,MONTECRISTI,ACTIVA,balances_2017_6.txt,casilleros,10,2100.0,0.0,2100.0,0.0,0.0,0.0,0.0,0.0,1,0.0
2017,95611,0992471557001,EMPROPESCA S.A.,A0311.01,A0311.01,Armadores / pesca marítima,MANTA,MANTA,ACTIVA,balances_2017_5.txt,casilleros,33,379973.56,372570.36,7403.2,0.0,0.0,0.0,0.0,0.0,1,0.0
2017,95657,1391740433001,COMERCIALIZADORA DE PRODUCTOS DEL MAR SINAI S. A.,A0311.01,A0311.01,Armadores / pesca marítima,MONTECRISTI,MONTECRISTI,ACTIVA,balances_2017_3.txt,casilleros,38,187872.39,8420.0,179452.39,,260490.0,257537.61,2952.39,2952.39,1,0.0
2017,95714,1391742053001,DISTRIBUIDORA FLIPPER S.A.,A0311.01,A0311.01,Armadores / pesca marítima,MANTA,MANTA,DISOLUCIÓN Y LIQUIDACIÓN OFICIO INSCRITA EN RM,balances_2017_2.txt,casilleros,111,3453244.94,2462346.0,990898.94,,9617838.37,9516902.27,100936.1,65203.89,1,0.0
2017,95725,1391742320001,TUNIDOS DEL PACIFICO S.A.,C1020.02,C1020.02,Industria: elaboración y conservación de pescado,MANTA,MANTA,DISOLUCIÓN Y LIQUIDACIÓN OFICIO INSCRITA EN RM,balances_2017_2.txt,casilleros,32,133400.14,102434.3,30965.84,,0.0,1.0,-1.0,0.0,1,0.0
2017,95806,1391744064001,PESPESCA S.A.,C1020.07,C1020.07,Industria: elaboración y conservación de pescado,MONTECRISTI,MONTECRISTI,ACTIVA,balances_2017_3.txt,casilleros,162,68390500.0,55590818.5,12799681.5,,62460864.0,60036278.4,2424585.58,1443083.36,1,0.0
2017,95871,1391744943001,AMATXU MARIA LUISA CIA. LTDA.,A0311.01,A0311.01,Armadores / pesca marítima,MANTA,MANTA,ACTIVA,balances_2017_2.txt,casilleros,0,0.0,0.0,0.0,,0.0,0.0,0.0,0.0,1,0.0
2017,95900,1391745656001,OCEAN FARM S.A.,A0311.01,A0311.01,Armadores / pesca marítima,MANTA,MANTA,ACTIVA,balances_2017_2.txt,casilleros,94,3048122.32,2701140.68,346981.64,,1375858.44,1370917.59,4940.85,4199.72,1,-0.0
2017,95926,1391746830001,FRESH FISH DEL ECUADOR CIA. LTDA.,A0311.01,A0311.01,Armadores / pesca marítima,MANTA,MANTA,ACTIVA,balances_2017_2.txt,casilleros,142,8816008.29,7845026.46,970981.83,,6686775.97,6223811.85,462964.12,479767.59,1,-0.0
2017,95993,1391747314001,INDUSTRIAS DE PRODUCTOS DEL MAR S.A. IDELMAR,A0311.01,A0311.01,Armadores / pesca marítima,MANTA,MANTA,ACTIVA,balances_2017_3.txt,casilleros,107,5505687.17,4007221.39,1498465.78,,2348343.22,2233722.38,114620.84,114620.84,1,-0.0
2017,96020,1391748027001,DELIPESCA S.A.,A0311.01,A0311.01,Armadores / pesca marítima,MANTA,MANTA,ACTIVA,balances_2017_3.txt,casilleros,101,29473571.8,21060083.6,8413488.23,,15615223.5,14217986.7,1397236.83,963171.94,1,-0.03
2017,96128,1391750811001,ISIMARE S.A.,A0311.01,A0311.01,Armadores / pesca marítima,JARAMIJÓ,JARAMIJÓ,ACTIVA,balances_2017_3.txt,casilleros,65,1116983.93,864179.54,252804.39,,203722.85,196876.63,6846.22,0.0,1,-0.0
2017,96213,1391753071001,EUROTUNA S.A.,A0311.01,A0311.01,Armadores / pesca marítima,MANTA,MANTA,ACTIVA,balances_2017_2.txt,casilleros,73,352744.66,283658.18,69086.48,,1333022.5,1249604.38,83418.12,54821.47,1,-0.0
2017,96216,1391752377001,MARINE PROTEIN MARPROT S.A.,A0311.01,A0311.01,Armadores / pesca marítima,MONTECRISTI,MONTECRISTI,ACTIVA,balances_2017_3.txt,casilleros,151,2775546.31,1780766.35,994779.96,,3115226.57,2744336.94,370889.63,231794.44,1,0.0
2017,96218,1391752822001,MARCARIBE S.A.,A0311.01,A0311.01,Armadores / pesca marítima,MANTA,MANTA,ACTIVA,balances_2017_2.txt,casilleros,8,824.26,0.0,824.26,,0.0,0.0,0.0,0.0,1,0.0
2017,96265,1391753233001,TECNIMAR CIA. LTDA.,A0311.01,A0311.01,Armadores / pesca marítima,MANTA,MANTA,ACTIVA,balances_2017_5.txt,casilleros,19,2000.0,0.0,2000.0,0.0,0.0,0.0,0.0,0.0,1,0.0
2017,99022,0991520767001,GALDECUN S.A.,C1020.06,C1020.06,Industria: elaboración y conservación de pescado,JARAMIJÓ,JARAMIJÓ,ACTIVA,balances_2017_3.txt,casilleros,117,14733090.6,12613578.9,2119511.68,,4799015.39,4805708.01,-6692.62,-6692.62,1,0.02
2018,100223,1391782926001,ALIMENTOS DEL MAR MARFOODSA S.A.,A0311.01,A0311.01,Armadores / pesca marítima,JARAMIJÓ,JARAMIJÓ,ACTIVA,balances_2018_2.txt,casilleros,60,77359.39,2715.56,74643.83,,18000.0,11948.16,6051.84,3337.24,1,0.0
2018,10060,1390021646001,PESPACA PESQUERA DEL PACIFICO CA,C1020.02,C1020.02,Industria: elaboración y conservación de pescado,MANTA,MANTA,ACTIVA,balances_2018_2.txt,casilleros,39,1967971.77,1756784.22,211187.55,,118693.41,118693.41,0.0,0.0,1,0.0
2018,109262,0992262427001,GEOPAXI S.A.,A0311.01,A0311.01,Armadores / pesca marítima,MANTA,MANTA,DISOLUCIÓN Y LIQUIDACIÓN OFICIO INSCRITA EN RM,balances_2018_2.txt,casilleros,111,19426177.5,5811797.54,13614379.9,,15054116.3,14665267.4,388848.91,235511.58,1,0.06
2018,111848,0992299231001,ELVAYKA KYOEI S.A.,A0311.01,A0311.01,Armadores / pesca marítima,MANTA,MANTA,ACTIVA,balances_2018_2.txt,casilleros,119,27425713.6,16803509.3,10622204.4,,19215971.8,18673685.1,542286.66,240469.14,1,-0.1
2018,114130,0992331283001,XUK S.A.,A0311.01,A0311.01,Armadores / pesca marítima,JARAMIJÓ,JARAMIJÓ,ACTIVA,balances_2018_2.txt,casilleros,121,3780979.63,2377070.99,1403908.64,,3727875.78,3592772.22,135103.56,45753.15,1,-0.0
2018,115653,0992354186001,TUNAEXPORT S.A.S.,A0311.01,A0311.01,Armadores / pesca marítima,MANTA,MANTA,ACTIVA,balances_2018_2.txt,casilleros,99,8085331.27,2676730.71,5408600.56,,3860781.46,3533807.98,326973.48,204907.8,1,0.0
2018,11733,1390013643001,INDUSTRIA DE ENLATADOS ALIMENTICIOS CIA LTDA IDEAL,C1020.02,C1020.02,Industria: elaboración y conservación de pescado,MONTECRISTI,MONTECRISTI,DISOLUCIÓN Y LIQUIDACIÓN OFICIO INSCRITA EN RM,balances_2018_2.txt,casilleros,144,44674597.8,29668991.5,15005606.3,,21730543.0,21720253.4,10289.6,10289.6,1,-0.0
2018,12582,1390034063001,EMPRESA DEL MAR CIA LTDA,A0311.01,A0311.01,Armadores / pesca marítima,MANTA,MANTA,ACTIVA,balances_2018_2.txt,casilleros,75,391049.8,347304.95,43744.85,,180962.85,250473.57,-69510.72,-69510.72,1,-0.0
2018,126601,0992505621001,SUNSTAR S.A.,A0311.01,A0311.01,Armadores / pesca marítima,MANTA,MANTA,ACTIVA,balances_2018_2.txt,casilleros,84,234053.74,177688.83,56364.91,,554585.43,476797.12,77788.31,46412.94,1,0.0
2018,128384,0992530332001,ASTILLERO ESPERANZA DEL MAR C.A. ASTIESMAR,A0311.01,A0311.01,Armadores / pesca marítima,JARAMIJÓ,JARAMIJÓ,ACTIVA,balances_2018_2.txt,casilleros,110,16630076.8,11227143.1,5402933.72,,1749644.36,1668043.3,81601.06,58123.4,1,-0.02
2018,134444,0992623284001,POKINCI S.A.,C1020.02,C1020.02,Industria: elaboración y conservación de pescado,JARAMIJÓ,JARAMIJÓ,ACTIVA,balances_2018_2.txt,casilleros,10,190450.3,0.0,190450.3,,0.0,0.0,0.0,0.0,1,0.0
2018,137966,1391785003001,COMERCIALIZADORA TONINO SEA FOOD S.A. COMTOSEAFOOD,A0311.01,A0311.01,Armadores / pesca marítima,MANTA,MANTA,ACTIVA,balances_2018_2.txt,casilleros,56,221285.48,195125.54,26159.94,,11937.08,10449.98,1487.1,1159.94,1,0.0
2018,139001,1391785402001,PESQUERA MONTECRISTI S.A. PESQUEMONSA,A0311.01,A0311.01,Armadores / pesca marítima,MANTA,MANTA,ACTIVA,balances_2018_2.txt,casilleros,101,5586625.05,3454452.78,2132172.27,,2716930.73,2596217.82,120712.91,27750.09,1,0.0
2018,139004,1391799101001,PUERTOMAR S.A.,A0311.03,A0311.03,Armadores / pesca marítima,JARAMIJÓ,JARAMIJÓ,ACTIVA,balances_2018_2.txt,casilleros,120,9922490.64,6656720.52,3265770.12,,27234842.4,25881583.4,1353258.97,1150270.12,1,0.0
2018,141044,1391790619001,FULL MOON ECUADOR FULMEC S.A.,A0311.01,A0311.01,Armadores / pesca marítima,MANTA,MANTA,ACTIVA,balances_2018_2.txt,casilleros,13,1012.72,15219.57,-14206.85,,0.0,0.0,0.0,0.0,1,0.0
2018,141596,1391788185001,COVEROSA S.A.,A0311.01,A0311.01,Armadores / pesca marítima,MANTA,MANTA,ACTIVA,balances_2018_2.txt,casilleros,80,376732.37,276255.5,100476.87,,1508018.56,1496507.1,11511.46,9784.74,1,0.0
2018,143146,1391789629001,ACUIRÍA S.A.,C1020.01,C1020.01,Industria: elaboración y conservación de pescado,MANTA,MANTA,DISOLUCIÓN Y LIQUIDACIÓN OFICIO INSCRITA EN RM,balances_2018_2.txt,casilleros,67,469226.24,16149.14,453077.1,,779356.26,77099.54,702256.72,451283.24,1,0.0
2018,143165,1391790589001,ACUICOLA Y PISCICOLA LA ISLA S.A. ACUISLA,A0311.01,A0311.01,Armadores / pesca marítima,MANTA,MANTA,ACTIVA,balances_2018_2.txt,casilleros,56,194114.67,92748.08,101366.59,,280550.52,264959.47,15591.05,10336.86,1,0.0
2018,143486,1391790104001,ATUN ESTRIBELA S.A.,A0311.03,A0311.03,Armadores / pesca marítima,MANTA,MANTA,DISOLUCIÓN Y LIQUIDACIÓN OFICIO NO INSCRITA EN RM,balances_2018_2.txt,casilleros,84,12962393.8,14070982.8,-1108589.1,,6539355.91,8695565.37,-2156209.46,-2156209.46,1,0.1
2018,143580,1391790260001,OSAKAFISH S.A.,A0311.01,A0311.01,Armadores / pesca marítima,MANTA,MANTA,DISOLUCIÓN Y LIQUIDACIÓN OFICIO INSCRITA EN RM,balances_2018_4.txt,casilleros,64,240715.21,218845.03,21870.18,141785.71,141785.71,127332.91,14452.8,14452.8,1,-0.0
2018,143702,1391790279001,AGRICOLA Y PISCICOLA SUSSMANN DELGADO AGROSUSSDEL S.A.,A0311.01,A0311.01,Armadores / pesca marítima,MANTA,MANTA,ACTIVA,balances_2018_2.txt,casilleros,9,1200.0,0.0,1200.0,,0.0,0.0,0.0,0.0,1,0.0
2018,143706,1391790287001,PESQUERA ATUNES DEL PACIFICO S.A. ''ATUNPACIFICOSA'',A0311.03,A0311.03,Armadores / pesca marítima,MANTA,MANTA,ACTIVA,balances_2018_2.txt,casilleros,108,11924627.3,5423984.63,6500642.67,,13105285.1,12805085.7,300199.43,155594.65,1,0.0
2018,144167,1391791488001,GRUPO DEGFER CIA. LTDA.,A0311.01,A0311.01,Armadores / pesca marítima,JARAMIJÓ,JARAMIJÓ,ACTIVA,balances_2018_2.txt,casilleros,192,80638503.8,30881570.0,49756933.9,,28626935.4,28171199.8,455735.67,-317113.83,1,-0.1
2018,144336,1391791097001,PESCADOS Y MARISCOS DEL PACIFICO S.A. PESMARPAC,A0311.01,A0311.01,Armadores / pesca marítima,JARAMIJÓ,JARAMIJÓ,ACTIVA,balances_2018_2.txt,casilleros,96,1282323.29,857848.8,424474.49,,5908447.03,5886164.48,22282.55,14773.33,1,0.0
2018,144480,1391791178001,ALETAMARILLA S.A.,A0311.01,A0311.01,Armadores / pesca marítima,MANTA,MANTA,ACTIVA,balances_2018_2.txt,casilleros,79,2978402.39,140577.31,2837825.08,,2689660.76,2678954.03,10706.73,374.7,1,0.0
2018,144740,1391799624001,LOGISTICA INTERNACIONAL LOGISINSA S.A.,A0311.01,A0311.01,Armadores / pesca marítima,MANTA,MANTA,ACTIVA,balances_2018_2.txt,casilleros,17,11880.41,10972.31,908.1,,0.0,0.0,0.0,0.0,1,0.0
2018,145016,1391791895001,INDUSTRIAL PESQUERA DEL PACIFICO S.A. INPESPA,A0311.01,A0311.01,Armadores / pesca marítima,MANTA,MANTA,ACTIVA,balances_2018_2.txt,casilleros,18,0.0,0.0,0.0,,42689.16,36000.0,6689.16,0.0,1,0.0
2018,145888,1391793308001,PESFRESCO S.A.,A0311.01,A0311.01,Armadores / pesca marítima,MANTA,MANTA,ACTIVA,balances_2018_2.txt,casilleros,78,181158.19,98366.83,82791.36,,511887.47,508522.99,3364.48,143.45,1,0.0
2018,145894,1391793065001,EMPACADORA DE MARISCOS ECUAMARISC CIA. LTDA.,A0311.01,A0311.01,Armadores / pesca marítima,MANTA,MANTA,ACTIVA,balances_2018_4.txt,casilleros,61,363065.51,350801.44,12264.07,794799.0,794799.0,792233.7,2565.3,2565.3,1,0.0
2018,146215,1391792999001,SARDINAS DEL PACIFICO S.A. SARDIPAC,A0311.01,A0311.01,Armadores / pesca marítima,JARAMIJÓ,JARAMIJÓ,ACTIVA,balances_2018_2.txt,casilleros,137,5744243.13,5763194.55,-18951.42,,7301079.23,7221980.23,79099.0,35893.24,1,0.0
2018,146541,1391793405001,ASOCIACION DE PESCA EXPORTABLE ASOPESEX C.A.,A0311.01,A0311.01,Armadores / pesca marítima,MANTA,MANTA,ACTIVA,balances_2018_2.txt,casilleros,26,60682.34,56261.78,4420.56,,0.0,0.0,0.0,0.0,1,-0.0
2018,146715,1391793731001,VIDA MARINA VIMARINA CIA. LTDA.,C1020.04,C1020.04,Industria: elaboración y conservación de pescado,MANTA,MANTA,ACTIVA,balances_2018_4.txt,casilleros,88,373179.99,26598.93,346581.06,969173.18,969173.18,872100.55,97072.63,64359.16,1,0.0
2018,146994,1391793960001,PD-PESCA S.A.,A0311.01,A0311.01,Armadores / pesca marítima,JARAMIJÓ,JARAMIJÓ,ACTIVA,balances_2018_2.txt,casilleros,49,273845.41,267507.43,6337.98,,1.91,27974.65,-27972.74,-27972.74,1,-0.0
2018,148632,1391796056001,INTERATLANTIC S.A.,A0311.01,A0311.01,Armadores / pesca marítima,MANTA,MANTA,ACTIVA,balances_2018_2.txt,casilleros,46,33944.35,20834.97,13109.38,,85864.08,89816.6,-3952.52,-3952.53,1,-0.0
2018,149717,1391797672001,FERPIL'S S.A.,A0311.01,A0311.01,Armadores / pesca marítima,MANTA,MANTA,ACTIVA,balances_2018_2.txt,casilleros,44,2366.87,122.96,2243.91,,15418.35,14859.45,558.9,558.9,1,0.0
2018,164355,1391797958001,PRODUMAN ECUADOR CIA. LTDA.,A0311.01,A0311.01,Armadores / pesca marítima,MANTA,MANTA,ACTIVA,balances_2018_2.txt,casilleros,7,743.66,0.0,743.66,,0.0,0.0,0.0,0.0,1,0.0
2018,166157,1391800290001,COMERCIALIZADORA DE PRODUCTOS PESQUEROS S.A. COMPROPEZ,A0311.01,A0311.01,Armadores / pesca marítima,JARAMIJÓ,JARAMIJÓ,ACTIVA,balances_2018_2.txt,casilleros,74,497411.92,362958.29,134453.63,,1342528.9,1271699.45,70829.45,45153.77,1,0.0
2018,166188,1391799713001,FRIGORIFICO Y LABORATORIO DE PESCA FRILABPESCA S.A.,A0311.01,A0311.01,Armadores / pesca marítima,MANTA,MANTA,ACTIVA,balances_2018_2.txt,casilleros,44,874.75,0.0,874.75,,561991.82,559232.09,2759.73,0.0,1,0.0
2018,166190,1391799748001,TECNICA DE LA MARICULTURA S.A. TECNIMARSA,A0311.01,A0311.01,Armadores / pesca marítima,MANTA,MANTA,ACTIVA,balances_2018_2.txt,casilleros,19,43709.75,24251.56,19458.19,,0.0,0.0,0.0,0.0,1,0.0
2018,166486,1391800568001,ECUAOCEAN S.A.,A0311.01,A0311.01,Armadores / pesca marítima,MANTA,MANTA,ACTIVA,balances_2018_2.txt,casilleros,48,91768.08,46894.51,44873.57,,853859.34,839697.17,14162.17,12037.84,1,0.0
2018,166831,1391800517001,PRODUCTOS DEL REY S.A. PRODUCTREY,A0311.01,A0311.01,Armadores / pesca marítima,MANTA,MANTA,DISOLUCIÓN Y LIQUIDACIÓN OFICIO INSCRITA EN RM,balances_2018_2.txt,casilleros,30,2886097.62,2260142.7,625954.92,,0.0,0.0,0.0,0.0,1,-0.0
2018,169235,1391803850001,MARPESCA ECUADOR S.A.,A0311.01,A0311.01,Armadores / pesca marítima,MONTECRISTI,MONTECRISTI,ACTIVA,balances_2018_2.txt,casilleros,50,388149.11,385102.55,3046.56,,23764.7,22264.7,1500.0,907.72,1,-0.0
2018,169323,1391804083001,PESDEMAR S.A.,A0311.01,A0311.01,Armadores / pesca marítima,MANTA,MANTA,ACTIVA,balances_2018_2.txt,casilleros,63,58236.53,4595.18,53641.35,,361931.5,353964.17,7967.33,2848.93,1,0.0
2018,170154,1391805691001,MARITMA ECUATORIAL S.A. ECUAMARITIMA,A0311.01,A0311.01,Armadores / pesca marítima,MANTA,MANTA,DISOLUCIÓN Y LIQUIDACIÓN OFICIO NO INSCRITA EN RM,balances_2018_2.txt,casilleros,42,25240065.8,13690184.6,11549881.1,,0.0,0.0,0.0,-368979.53,1,0.1
2018,170293,1391805381001,BRISATUN S.A.,A0311.01,A0311.01,Armadores / pesca marítima,MANTA,MANTA,DISOLUCIÓN Y LIQUIDACIÓN OFICIO INSCRITA EN RM,balances_2018_2.txt,casilleros,90,7662402.07,3792711.32,3869690.75,,6152196.18,6082516.5,69679.68,34296.45,1,0.0
2018,170806,1391806000001,FLOSERPESCA S.A.,C1020.02,C1020.02,Industria: elaboración y conservación de pescado,MANTA,MANTA,ACTIVA,balances_2018_2.txt,casilleros,54,95231.26,53594.67,41636.59,,366961.96,362419.64,4542.32,3011.56,1,0.0
2018,171950,1391807651001,MONMIFISH S.A.,A0311.01,A0311.01,Armadores / pesca marítima,MANTA,MANTA,ACTIVA,balances_2018_2.txt,casilleros,72,314751.61,165597.11,149154.5,,2335170.5,2281795.69,53374.81,53374.81,1,0.0
2018,172315,1391807627001,COMPAÑÍA AL MAR PESCA ALMARPEZ S.A.,A0311.01,A0311.01,Armadores / pesca marítima,MANTA,MANTA,ACTIVA,balances_2018_2.txt,casilleros,66,242209.89,230593.53,11616.36,,126657.7,126110.97,546.73,326.23,1,0.0
2018,172449,1391807902001,PROCOPROMAR CIA. LTDA.,A0311.01,A0311.01,Armadores / pesca marítima,MANTA,MANTA,DISOLUCIÓN Y LIQUIDACIÓN OFICIO INSCRITA EN RM,balances_2018_4.txt,casilleros,107,460194.46,436314.1,23880.36,1700550.36,1714120.39,1713600.63,519.76,467.78,1,0.0
2018,172770,1391808143001,PRODUCTOS DEL MAR PROMARIT S.A.,C1020.07,C1020.07,Industria: elaboración y conservación de pescado,MANTA,MANTA,ACTIVA,balances_2018_2.txt,casilleros,24,11545.27,10745.27,800.0,,817656.93,819833.71,-2176.78,0.0,1,0.0
2018,173162,1391808690001,CULTIVO DE PECES S.A. CULTIPESCA,C1020.07,C1020.07,Industria: elaboración y conservación de pescado,MANTA,MANTA,ACTIVA,balances_2018_2.txt,casilleros,17,94.1,0.0,94.1,,0.0,2405.9,-2405.9,-2405.9,1,0.0
2018,173324,1391809522001,V&BFISH S.A.,A0311.01,A0311.01,Armadores / pesca marítima,MANTA,MANTA,ACTIVA,balances_2018_2.txt,casilleros,55,471692.29,399103.5,72588.79,,3567734.28,3557570.01,10164.27,10164.27,1,-0.0
2018,173680,1391809336001,VERTIPEZ S.A.,A0311.01,A0311.01,Armadores / pesca marítima,MANTA,MANTA,DISOLUCIÓN Y LIQUIDACIÓN DE PLENO DERECHO INSC. RM,balances_2018_5.txt,casilleros,22,172029.39,0.0,172029.39,0.0,0.0,0.0,0.0,0.0,1,0.0
2018,17663,1390097677001,MARDEX MARISCOS DE EXPORTACION S.A.,A0311.01,A0311.01,Armadores / pesca marítima,MANTA,MANTA,DISOLUCIÓN Y LIQUIDACIÓN OFICIO INSCRITA EN RM,balances_2018_2.txt,casilleros,124,12063882.4,7990204.66,4073677.76,,4603054.85,5235387.81,-632332.96,-632332.96,1,-0.02
2018,176832,1391814968001,BLAUFISH CIA. LTDA.,A0311.01,A0311.01,Armadores / pesca marítima,MANTA,MANTA,ACTIVA,balances_2018_2.txt,casilleros,27,2000.0,0.0,2000.0,,715264.86,733623.67,-18358.81,0.0,1,0.0
2018,176961,1391814992001,"NAMAFRU NATURAL, MARISCO Y FRUTAS S.A.S.",A0311.01,A0311.01,Armadores / pesca marítima,JARAMIJÓ,JARAMIJÓ,ACTIVA,balances_2018_2.txt,casilleros,9,12500.0,0.0,12500.0,,0.0,0.0,0.0,0.0,1,0.0
2018,177304,1391815239001,EMPACADORA FRIPEZ S.A.,A0311.01,A0311.01,Armadores / pesca marítima,MANTA,MANTA,ACTIVA,balances_2018_3.txt,NIIF_jerarquico,77,168598.67,120990.33,47608.34,651628.5,651628.5,634833.24,16795.26,11135.26,1,0.0
2018,178208,1391817371001,OCEAN KEY S.A. OCEANMANTA,A0311.01,A0311.01,Armadores / pesca marítima,MANTA,MANTA,ACTIVA,balances_2018_4.txt,casilleros,27,62257.3,64612.6,2355.3,0.0,355432.9,362658.25,-7225.35,-7225.35,1,-4710.6
2018,179101,1391817320001,BOTE MIMORENITA4 S.A.,A0311.01,A0311.01,Armadores / pesca marítima,MANTA,MANTA,ACTIVA,balances_2018_2.txt,casilleros,10,2003.9,0.0,2003.9,,0.0,0.0,0.0,0.0,1,0.0
2018,179519,1391817789001,CAMARONERA DEL PACIFICO S.A. PACIFCAM,A0311.01,A0311.01,Armadores / pesca marítima,MANTA,MANTA,ACTIVA,balances_2018_2.txt,casilleros,87,501475.32,388635.65,112839.67,,746264.1,718557.24,27706.86,8654.73,1,-0.0
2018,180003,1391818343001,TUNA FISHING COMPANY ECUADOR TUFICOM C. LTDA.,A0311.01,A0311.01,Armadores / pesca marítima,MANTA,MANTA,DISOLUCIÓN Y LIQUIDACIÓN OFICIO INSCRITA EN RM,balances_2018_2.txt,casilleros,10,412.02,0.0,412.02,,0.0,0.0,0.0,0.0,1,0.0
2018,180892,1391819129001,CONSERVERATROPICAL CIA. LTDA.,C1020.02,C1020.02,Industria: elaboración y conservación de pescado,MANTA,MANTA,ACTIVA,balances_2018_2.txt,casilleros,16,54087.37,30701.17,23386.2,,0.0,0.0,0.0,0.0,1,0.0
2018,182073,1391821174001,ECUFISH S.A.,A0311.03,A0311.03,Armadores / pesca marítima,MONTECRISTI,MONTECRISTI,DISOLUCIÓN Y LIQUIDACIÓN OFICIO NO INSCRITA EN RM,balances_2018_2.txt,casilleros,84,7838409.27,6299847.46,1538561.81,,2763172.35,2745532.35,17640.0,13494.6,1,-0.0
2018,18528,1790943178001,PRODUCTOS DEL MAR Y SABORES NACIONALES PROMARSAN CIA. LTDA.,C1020.04,C1020.04,Industria: elaboración y conservación de pescado,JARAMIJÓ,JARAMIJÓ,ACTIVA,balances_2018_2.txt,casilleros,112,1416838.18,906989.72,509848.46,,541314.75,539738.63,1576.12,1182.08,1,-0.0
2018,19582,1390073891001,TRANSMARINA CA,A0311.03,A0311.03,Armadores / pesca marítima,MONTECRISTI,MONTECRISTI,ACTIVA,balances_2018_2.txt,casilleros,145,60151954.9,40855584.9,19296370.0,,35084287.8,34720676.4,363611.38,363610.39,1,0.0
2018,205129,1391765770001,EMPACADORA MADEZA S.A.,C1020.02,C1020.02,Industria: elaboración y conservación de pescado,MANTA,MANTA,ACTIVA,balances_2018_2.txt,casilleros,61,343375.86,272103.57,71272.29,,295433.6,296398.66,-965.06,-965.06,1,-0.0
2018,205167,1391766793001,POLARISPESCA S.A.,A0311.01,A0311.01,Armadores / pesca marítima,MANTA,MANTA,ACTIVA,balances_2018_2.txt,casilleros,99,4091080.09,2878164.03,1212916.06,,4658697.35,4528059.42,130637.93,0.0,1,0.0
2018,205205,1391767943001,ALHO FISH S.A.,A0311.01,A0311.01,Armadores / pesca marítima,MANTA,MANTA,ACTIVA,balances_2018_4.txt,casilleros,13,800.0,0.0,800.0,0.0,0.0,0.0,0.0,0.0,1,0.0
2018,205233,1391768567001,TXOPITUNA ECUADOR CIA. LTDA.,A0311.03,A0311.03,Armadores / pesca marítima,MANTA,MANTA,ACTIVA,balances_2018_2.txt,casilleros,128,4683099.08,2809289.22,1873809.86,,7685071.38,6743880.1,941191.28,571970.35,1,-0.0
2018,25440,0990555761001,PESDEL S.A.,A0311.01,A0311.01,Armadores / pesca marítima,JARAMIJÓ,JARAMIJÓ,ACTIVA,balances_2018_2.txt,casilleros,166,52153201.0,23406470.2,28746730.8,,14425043.4,13920034.0,505009.39,70152.02,1,0.0
2018,301126,1391824483001,INDUSTRIA NH SIMILA NHSIMIL CIA.LTDA.,C1020.06,C1020.06,Industria: elaboración y conservación de pescado,MANTA,MANTA,ACTIVA,balances_2018_2.txt,casilleros,46,117623.99,3375.34,114248.65,,6198.13,3115.46,3082.67,3082.67,1,0.0
2018,301695,1391827113001,TIANXINGS S.A.,A0311.01,A0311.01,Armadores / pesca marítima,MANTA,MANTA,ACTIVA,balances_2018_2.txt,casilleros,29,344090.0,202100.0,141990.0,,0.0,230900.0,-230900.0,0.0,1,0.0
2018,302853,1391832230001,PESQUERA MACÍAS & DELGADO PESMACDEL S.A.,A0311.03,A0311.03,Armadores / pesca marítima,MANTA,MANTA,DISOLUCIÓN Y LIQUIDACIÓN DE PLENO DERECHO INSC. RM,balances_2018_2.txt,casilleros,0,0.0,0.0,0.0,,0.0,0.0,0.0,0.0,1,0.0
2018,302954,1391832915001,PESQUERA EDUALPA S.A.,A0311.03,A0311.03,Armadores / pesca marítima,MANTA,MANTA,DISOLUCIÓN Y LIQUIDACIÓN DE PLENO DERECHO INSC. RM,balances_2018_4.txt,casilleros,54,0.0,638369.62,29853.35,0.0,879941.75,868595.33,11346.42,11346.42,1,-668222.97
2018,303395,1391834918001,EXPORTADORA DE PRODUCTOS DEL MAR FRESCO Y CONGELADO EXPROFRESCO S.A.,A0311.03,A0311.03,Armadores / pesca marítima,MANTA,MANTA,DISOLUCIÓN Y LIQUIDACIÓN OFICIO INSCRITA EN RM,balances_2018_2.txt,casilleros,42,14214.41,5955.49,8258.92,,1776974.88,1766816.5,10158.38,6475.97,1,0.0
2018,303460,1391835043001,INDUSTRIA ATUNERA ARRECIFES-MARINOS S.A.,C1020.04,C1020.04,Industria: elaboración y conservación de pescado,MANTA,MANTA,DISOLUCIÓN Y LIQUIDACIÓN OFICIO INSCRITA EN RM,balances_2018_2.txt,casilleros,70,162740.73,116121.37,46619.36,,2167624.44,2107481.97,60142.47,45819.36,1,0.0
2018,304446,1391838689001,PESCA DEL OCÉANO PESCAOCEAN S.A.,A0311.01,A0311.01,Armadores / pesca marítima,MANTA,MANTA,DISOLUCIÓN Y LIQUIDACIÓN OFICIO INSCRITA EN RM,balances_2018_2.txt,casilleros,75,771251.73,677177.17,94074.56,,48031.9,403462.86,-355430.96,-355430.96,1,-0.0
2018,305275,1391843976001,XLPESCA S.A.,A0311.01,A0311.01,Armadores / pesca marítima,MANTA,MANTA,INACTIVA,balances_2018_4.txt,casilleros,41,800766.31,796765.94,4000.37,48600.0,48600.0,47679.4,920.6,920.6,1,0.0
2018,306408,1391850859001,SEA&LAND COMERCIO E INVERSIONES MARINAS S.A.,A0311.01,A0311.01,Armadores / pesca marítima,MANTA,MANTA,ACTIVA,balances_2018_2.txt,casilleros,12,4034.0,0.0,4034.0,,0.0,0.0,0.0,34.0,1,0.0
2018,306409,1391850867001,WORLD FISH AND SEAFOOD PROCESADORA Y COMERCIALIZADORA ''WORLDFISH'' COMPAÑIA ANÓNIMA,A0311.01,A0311.01,Armadores / pesca marítima,MANTA,MANTA,ACTIVA,balances_2018_2.txt,casilleros,44,1602798.91,14155.0,1588643.91,,308209.13,298548.67,9660.46,6404.88,1,0.0
2018,306489,1391851138001,LOGISTIC CONTAINER & TRANSPORT ECUADOR IMPORTADORA Y EXPORTADORA LCTE S.A.,A0311.01,A0311.01,Armadores / pesca marítima,MANTA,MANTA,ACTIVA,balances_2018_2.txt,casilleros,54,391440.81,432981.37,-41540.56,,632402.63,605062.41,27340.22,23239.19,1,0.0
2018,306970,1391853394001,FISHCHOEZ&VILLEGAS EXPORTADORA DE PRODUCTOS DE MAR FISH CHOEZ & VILLEGAS S.A.,A0311.01,A0311.01,Armadores / pesca marítima,MANTA,MANTA,DISOLUCIÓN Y LIQUIDACIÓN OFICIO INSCRITA EN RM,balances_2018_2.txt,casilleros,34,1093.87,293.87,800.0,,500084.4,191207.85,308876.55,0.0,1,-0.0
2018,307031,1391853777001,EMPACADORA DE PRODUCTOS DEL MAR ZAMBRANO & MACIAS RODAVICMAR S.A.,C1020.02,C1020.02,Industria: elaboración y conservación de pescado,MANTA,MANTA,ACTIVA,balances_2018_2.txt,casilleros,48,4947.85,29530.13,-24582.28,,10607.45,37034.82,-26427.37,-26427.37,1,0.0
2018,307043,1391853971001,PESQUERA Y FRIGORIFICOS POSLIGUA PYFP PESFRI CIA.LTDA.,A0311.01,A0311.01,Armadores / pesca marítima,JARAMIJÓ,JARAMIJÓ,ACTIVA,balances_2018_2.txt,casilleros,25,8501.45,27091.07,-18589.62,,97511.5,116501.12,-18989.62,-18989.62,1,0.0
2018,307087,1391854137001,EMPACADORA MKF MARK FISH S.A.,C1020.04,C1020.04,Industria: elaboración y conservación de pescado,MANTA,MANTA,ACTIVA,balances_2018_2.txt,casilleros,0,0.0,0.0,0.0,,0.0,0.0,0.0,0.0,1,0.0
2018,307175,1391854676001,COVE PROMAR COMPRA Y VENTA DE PRODUCTOS DEL MAR COVEPROMAR S.A.,A0311.01,A0311.01,Armadores / pesca marítima,MANTA,MANTA,DISOLUCIÓN Y LIQUIDACIÓN OFICIO INSCRITA EN RM,balances_2018_2.txt,casilleros,67,481300.28,466482.71,14817.57,,6196345.25,6227556.77,-31211.52,-31211.52,1,0.0
2018,307815,1391857233001,PESCAPECES S.A.,A0311.01,A0311.01,Armadores / pesca marítima,MANTA,MANTA,DISOLUCIÓN Y LIQUIDACIÓN OFICIO INSCRITA EN RM,balances_2018_2.txt,casilleros,84,15603547.3,12394079.0,3209468.3,,9869110.74,7333087.59,2536023.15,1941946.27,1,0.0
2018,308100,1391858841001,GUANWANG S.A.,A0311.01,A0311.01,Armadores / pesca marítima,MANTA,MANTA,DISOLUCIÓN Y LIQUIDACIÓN OFICIO INSCRITA EN RM,balances_2018_4.txt,casilleros,70,454424.45,421259.68,33164.77,935790.3,936490.3,915636.2,20854.1,12443.63,1,0.0
2018,308161,1391859139001,BARAKA SA EMPRESA DE COMERCIALIZACION EXPORTACIONES E IMPORTACIONES DE PESCA BARAKAFISHCORP S.A.,A0311.01,A0311.01,Armadores / pesca marítima,MANTA,MANTA,DISOLUCIÓN Y LIQUIDACIÓN OFICIO INSCRITA EN RM,balances_2018_2.txt,casilleros,9,800.0,0.0,800.0,,0.0,0.0,0.0,0.0,1,0.0
2018,308992,1391865147001,COMERCIALIZADORA Y TRANSPORTE RASAMFISH COM&TRANS RASAMFISH RASAMFISH COMPAÑIA DE RESPONSABILIDAD LIMITADA,C1020.02,C1020.02,Industria: elaboración y conservación de pescado,MANTA,MANTA,ACTIVA,balances_2018_2.txt,casilleros,19,800.0,0.0,800.0,,0.0,55127.07,-55127.07,0.0,1,0.0
2018,309035,1391865376001,DISTRIBUIDORA PROCESADORA DE PESCA DISPROPESCA S.A.,A0311.01,A0311.01,Armadores / pesca marítima,MANTA,MANTA,ACTIVA,balances_2018_2.txt,casilleros,79,218725.29,171429.28,47296.01,,1977599.52,1904431.95,73167.57,46496.01,1,0.0
2018,309585,1391868618001,SOLORZANO & AVILA EXPORTADORA DEL MAR EVVERFISH S.A.,A0311.01,A0311.01,Armadores / pesca marítima,MANTA,MANTA,ACTIVA,balances_2018_2.txt,casilleros,32,48535.1,30000.0,18535.1,,371794.0,371997.42,-203.42,0.0,1,0.0
2018,310962,1391875177001,MARFISHING CÍA. LTDA. COMPAÑIA DE RESPONSABILIDAD LIMITADA,A0311.01,A0311.01,Armadores / pesca marítima,MANTA,MANTA,DISOLUCIÓN Y LIQUIDACIÓN OFICIO INSCRITA EN RM,balances_2018_4.txt,casilleros,6,0.0,0.0,0.0,0.0,0.0,0.0,0.0,0.0,1,0.0
2018,311172,1391876327001,CORPORACION VJX S.A.,C1020.02,C1020.02,Industria: elaboración y conservación de pescado,MANTA,MANTA,ACTIVA,balances_2018_2.txt,casilleros,12,805.0,5.0,800.0,,0.0,0.0,0.0,0.0,1,0.0
2018,311358,1391877293001,TUNA QUEEN TUQUEEN S.A.,A0311.03,A0311.03,Armadores / pesca marítima,MANTA,MANTA,ACTIVA,balances_2018_3.txt,NIIF_jerarquico,7,800.0,0.0,800.0,0.0,0.0,0.0,0.0,0.0,1,0.0
2018,311606,1391878605001,YESMAR S.A.,A0311.01,A0311.01,Armadores / pesca marítima,JARAMIJÓ,JARAMIJÓ,ACTIVA,balances_2018_2.txt,casilleros,9,900.0,0.0,900.0,,0.0,0.0,0.0,0.0,1,0.0
2018,34175,1390141692001,EMPACADORA BILBO S.A. BILBOSA,C1020.01,C1020.01,Industria: elaboración y conservación de pescado,MANTA,MANTA,ACTIVA,balances_2018_1.txt,NIIF_jerarquico,163,24231129.51,15336228.84,8894900.67,29308913.73,29308913.73,28704099.39,604814.34,337989.49,1,0.0
2018,34292,1390144039001,PESCADO FRESCO DE EXPORTACION PEFREXPORT S.A.,C1020.04,C1020.04,Industria: elaboración y conservación de pescado,MANTA,MANTA,ACTIVA,balances_2018_2.txt,casilleros,60,1724177.32,86858.1,1637319.22,,394122.31,393134.6,987.71,0.0,1,0.0
2018,34328,1390145493001,FISHCORP S.A.,A0311.01,A0311.01,Armadores / pesca marítima,JARAMIJÓ,JARAMIJÓ,ACTIVA,balances_2018_2.txt,casilleros,118,25416488.6,17472158.4,7944330.27,,36535932.2,36110153.9,425778.35,243047.09,1,-0.07
2018,34346,1390145957001,PESQUERA PERALTA SOCIEDAD ANONIMA PESPERALTA,A0311.01,A0311.01,Armadores / pesca marítima,MANTA,MANTA,ACTIVA,balances_2018_2.txt,casilleros,13,32800.0,0.0,32800.0,,0.0,0.0,0.0,0.0,1,0.0
2018,34388,1390147186001,MARBELIZE S.A.,C1020.04,C1020.04,Industria: elaboración y conservación de pescado,JARAMIJÓ,JARAMIJÓ,ACTIVA,balances_2018_2.txt,casilleros,185,73774054.5,62340373.0,11433681.6,,89019551.1,88795111.4,224439.62,-2835.74,1,-0.1
2018,34420,1390148212001,MANABITA DE COMERCIO S.A. MANCORSACOM,C1020.04,C1020.04,Industria: elaboración y conservación de pescado,JARAMIJÓ,JARAMIJÓ,ACTIVA,balances_2018_2.txt,casilleros,152,8399377.76,1745937.57,6653440.19,,9290115.46,6631307.19,2658808.27,1690876.45,1,-0.0
2018,34442,1390149154001,SHELLFISH S.A.,A0311.01,A0311.01,Armadores / pesca marítima,MANTA,MANTA,ACTIVA,balances_2018_2.txt,casilleros,85,1084178.51,567255.5,516923.01,,1908581.78,1844400.19,64181.59,123880.6,1,0.0
2018,34449,1390149219001,EUROFISH S.A.,C1020.04,C1020.04,Industria: elaboración y conservación de pescado,MONTECRISTI,MONTECRISTI,ACTIVA,balances_2018_1.txt,NIIF_jerarquico,172,128781749.07,75379226.98,53402522.09,150296988.46,156926332.94,151113495.42999998,4897336.61,2982909.67,1,-0.0
2018,34453,1390149316001,MADEPACIF S.A.,C1020.02,C1020.02,Industria: elaboración y conservación de pescado,MANTA,MANTA,DISOLUCIÓN Y LIQUIDACIÓN OFICIO INSCRITA EN RM,balances_2018_4.txt,casilleros,60,48139.73,41921.71,6218.02,1704826.65,1704826.65,1703621.59,1205.06,903.79,1,0.0
2018,34521,1391700776001,TECNICA Y COMERCIO DE LA PESCA C.A. TECOPESCA,A0311.01,A0311.01,Armadores / pesca marítima,JARAMIJÓ,JARAMIJÓ,ACTIVA,balances_2018_2.txt,casilleros,181,108682794.33,72187853.96,36494940.37,,142250204.64,141591873.41,658331.23,167307.68,1,0.0
2018,34525,1391700830001,"MANACRIPEX CIA. LTDA. MANABITA DE CRIA , PESCA Y EXPORTACION",A0311.03,A0311.03,Armadores / pesca marítima,JARAMIJÓ,JARAMIJÓ,ACTIVA,balances_2018_2.txt,casilleros,141,7712186.06,2384833.36,5327352.7,,4334945.84,4068145.19,266800.65,95739.92,1,-0.0
2018,34611,1391709765001,PESQUERA UGAVI S.A.,A0311.03,A0311.03,Armadores / pesca marítima,MANTA,MANTA,ACTIVA,balances_2018_2.txt,casilleros,165,70270303.0,50842578.4,19427724.6,,21839356.4,20298418.0,1540938.44,764734.64,1,0.0
2018,34614,1391701926001,INDUSTRIA ATUNERA S.A. INDUATUN,A0311.01,A0311.01,Armadores / pesca marítima,MANTA,MANTA,ACTIVA,balances_2018_2.txt,casilleros,116,17900117.0,7970464.33,9929652.62,,7103002.75,6265343.83,837658.92,531414.85,1,0.05
2018,34630,1391702094001,DIAZ VASQUEZ DIVA S.A.,A0311.01,A0311.01,Armadores / pesca marítima,MANTA,MANTA,ACTIVA,balances_2018_2.txt,casilleros,29,3483565.97,1765416.8,1718149.17,,0.0,9521.76,-9521.76,-9521.76,1,0.0
2018,34725,1391726740001,INMOTUNA S.A.,A0311.01,A0311.01,Armadores / pesca marítima,MANTA,MANTA,ACTIVA,balances_2018_2.txt,casilleros,36,494537.05,205457.28,289079.77,,0.0,1148.59,-1148.59,-861.44,1,0.0
2018,34727,1391716702001,MEGAOCEAN S.A,A0311.01,A0311.01,Armadores / pesca marítima,MANTA,MANTA,ACTIVA,balances_2018_2.txt,casilleros,96,4382796.98,4185940.5,196856.48,,573027.45,972401.15,-399373.7,-399373.7,1,0.0
2018,34759,1391717474001,PROVIPACIF S.A,A0311.01,A0311.01,Armadores / pesca marítima,MANTA,MANTA,ACTIVA,balances_2018_2.txt,casilleros,94,9072261.99,1567128.04,7505133.95,,1102111.8,623403.68,478708.12,510089.02,1,0.0
2018,34863,1391722486001,UNIOCEAN S.A.,A0311.03,A0311.03,Armadores / pesca marítima,MANTA,MANTA,ACTIVA,balances_2018_2.txt,casilleros,143,33095959.9,19956756.1,13139203.8,,10543919.1,9953656.97,590262.12,209270.55,1,-0.0
2018,34903,1391723318001,OCEANFISH S.A.,A0311.01,A0311.01,Armadores / pesca marítima,MANTA,MANTA,ACTIVA,balances_2018_2.txt,casilleros,126,17807453.4,13682938.5,4124514.92,,16009366.1,16427124.4,-417758.32,-417758.32,1,-0.02
2018,34919,1391724500001,PESCIMERA S.A,A0311.01,A0311.01,Armadores / pesca marítima,MANTA,MANTA,ACTIVA,balances_2018_2.txt,casilleros,103,6400604.88,1323204.76,5077400.12,,4351436.99,4296967.89,54469.1,27817.55,1,0.0
2018,34948,1391724837001,PRODUCTOS PESQUEROS S.A. PRODUPES,C1020.06,C1020.06,Industria: elaboración y conservación de pescado,MONTECRISTI,MONTECRISTI,ACTIVA,balances_2018_2.txt,casilleros,119,12035951.3,4497127.77,7538823.53,,24601663.1,23626434.9,975228.19,575975.9,1,0.0
2018,34958,1391725426001,CARIBBEAN ATLANTIC CARTLANT S.A.,A0311.01,A0311.01,Armadores / pesca marítima,MANTA,MANTA,ACTIVA,balances_2018_3.txt,NIIF_jerarquico,8,800.0,0.0,800.0,0.0,0.0,0.0,0.0,0.0,1,0.0
2018,35171,1390140319001,"FRIGORIFICO Y LABORATORIO SAN MATEO, FRIGOLAB SAN MATEO CIA. LTDA.",A0311.01,A0311.01,Armadores / pesca marítima,JARAMIJÓ,JARAMIJÓ,ACTIVA,balances_2018_2.txt,casilleros,178,25337947.4,16502593.1,8835354.26,,25643257.7,25118472.1,524785.54,217821.72,1,0.04
2018,35254,1390143024001,PES NUNEZ SANTANA PESNUSAN CIA. LTDA.,C1020.02,C1020.02,Industria: elaboración y conservación de pescado,MONTECRISTI,MONTECRISTI,ACTIVA,balances_2018_2.txt,casilleros,98,1068133.9,823594.76,244539.14,,4939593.85,4944594.91,-5001.06,-5001.06,1,-0.0
2018,35294,1390144861001,MAREROCE EXPORT IMPORT CIA. LTDA.,C1020.01,C1020.01,Industria: elaboración y conservación de pescado,JARAMIJÓ,JARAMIJÓ,ACTIVA,balances_2018_2.txt,casilleros,60,2685740.31,1982347.26,703393.05,,3353503.16,3387974.34,-34471.18,-34471.18,1,0.0
2018,35359,1390148034001,PESQUERA CHOPITEA CIA. LTDA.,A0311.01,A0311.01,Armadores / pesca marítima,MANTA,MANTA,ACTIVA,balances_2018_2.txt,casilleros,81,838746.24,389409.71,449336.53,,124852.29,125787.99,-935.7,0.0,1,-0.0
2018,35364,1390148433001,ALIMENTOS INTEGRADOS ALINTEGRA CIA. LTDA.,C1020.05,C1020.05,Industria: elaboración y conservación de pescado,MANTA,MANTA,ACTIVA,balances_2018_2.txt,casilleros,31,58808.66,12138.98,46669.68,,0.0,5290.23,-5290.23,-5290.23,1,0.0
2018,35420,1391700938001,MANATUN CIA. LTDA.,A0311.01,A0311.01,Armadores / pesca marítima,MANTA,MANTA,DISOLUCIÓN Y LIQUIDACIÓN OFICIO INSCRITA EN RM,balances_2018_2.txt,casilleros,19,33813.62,328.51,33485.11,,0.0,0.0,0.0,0.0,1,0.0
2018,35688,1391729391001,PESQUERA BETH EEL S.A.,A0311.01,A0311.01,Armadores / pesca marítima,MONTECRISTI,MONTECRISTI,ACTIVA,balances_2018_2.txt,casilleros,24,8972.71,0.0,8972.71,,0.0,6245.66,-6245.66,-6245.66,1,0.0
2018,35759,1391731388001,ARMAPAC S.A.,C1020.02,C1020.02,Industria: elaboración y conservación de pescado,MANTA,MANTA,DISOLUCIÓN Y LIQUIDACIÓN OFICIO INSCRITA EN RM,balances_2018_4.txt,casilleros,33,109962.68,9162.68,100800.0,0.0,0.0,0.0,0.0,0.0,1,0.0
2018,35766,1391732872001,FRIGORIFICO Y CONSERVERA DE LA PESCA FRICOPES S.A.,A0311.01,A0311.01,Armadores / pesca marítima,MANTA,MANTA,ACTIVA,balances_2018_2.txt,casilleros,93,1541871.08,182180.44,1359690.64,,3145588.28,3007513.6,138074.68,66616.3,1,0.0
2018,35826,1391732813001,FISHMAR S.A.,A0311.01,A0311.01,Armadores / pesca marítima,MANTA,MANTA,ACTIVA,balances_2018_2.txt,casilleros,100,3521284.33,186245.36,3335038.97,,1443391.7,1006540.85,436850.85,275318.71,1,0.0
2018,35888,1391734271001,USAFISH S.A.,C1020.02,C1020.02,Industria: elaboración y conservación de pescado,MANTA,MANTA,ACTIVA,balances_2018_2.txt,casilleros,107,6653487.85,3036802.49,3616685.36,,21680869.2,21096305.0,584564.24,496879.6,1,-0.0
2018,35973,1391736452001,B&B TUNE_SUPPLIERS S.A.,A0311.01,A0311.01,Armadores / pesca marítima,MANTA,MANTA,ACTIVA,balances_2018_2.txt,casilleros,138,15228965.7,8279797.2,6949168.48,,11192676.0,9553611.71,1639064.33,1058781.65,1,0.02
2018,369,1790034305001,SEAFMAN SOCIEDAD ECUATORIANA DE ALIMENTOS Y FRIGORIFICOS MANTA C.A.,C1020.02,C1020.02,Industria: elaboración y conservación de pescado,MANTA,MANTA,ACTIVA,balances_2018_2.txt,casilleros,191,60310793.7,36027109.7,24283684.1,,140606624.0,138022481.0,2584143.28,1839317.95,1,-0.1
2018,39949,1391773439001,PESCAEXITO CIA. LTDA.,A0311.01,A0311.01,Armadores / pesca marítima,MANTA,MANTA,ACTIVA,balances_2018_5.txt,casilleros,32,190234.26,14983.9,175250.36,0.0,0.0,0.0,0.0,0.0,1,0.0
2018,61759,1391775903001,CONSULTORES INDUSTRIALES Y PRODUCTOS DEL MAR S.A. CIPROMAR,A0311.01,A0311.01,Armadores / pesca marítima,MANTA,MANTA,ACTIVA,balances_2018_2.txt,casilleros,58,305355.65,135297.22,170058.43,,1917927.35,1824820.18,93107.17,59355.79,1,0.0
2018,62123,1391776497001,FIOMAR&SHARK OCEAN S.A.,A0311.01,A0311.01,Armadores / pesca marítima,MONTECRISTI,MONTECRISTI,DISOLUCIÓN Y LIQUIDACIÓN OFICIO NO INSCRITA EN RM,balances_2018_2.txt,casilleros,51,8829.29,4123.33,4705.96,,120959.9,117822.32,3137.58,2000.21,1,0.0
2018,62647,1391776683001,FRANCHI FISH S.A.,A0311.01,A0311.01,Armadores / pesca marítima,MANTA,MANTA,ACTIVA,balances_2018_2.txt,casilleros,92,299532.1,93400.51,206131.59,,2425591.02,2405890.62,19700.4,10239.25,1,-0.0
2018,63129,1391777434001,MUNDOTRADE S.A.,A0311.01,A0311.01,Armadores / pesca marítima,MANTA,MANTA,DISOLUCIÓN Y LIQUIDACIÓN OFICIO INSCRITA EN RM,balances_2018_2.txt,casilleros,23,93365.76,82175.5,11190.26,,0.0,0.0,0.0,0.0,1,-0.0
2018,636,1390005713001,INDUSTRIA ECUATORIANA PRODUCTORA DE ALIMENTOS CA INEPACA,C1020.02,C1020.02,Industria: elaboración y conservación de pescado,MANTA,MANTA,ACTIVA,balances_2018_2.txt,casilleros,134,64894130.1,16664326.4,48229803.7,,68560057.1,59858489.1,8701568.09,5288774.22,1,0.0
2018,63945,1391778732001,INTERNACIONAL SEAFOOD FOODINTER S.A.,C1020.03,C1020.03,Industria: elaboración y conservación de pescado,MANTA,MANTA,DISOLUCIÓN Y LIQUIDACIÓN OFICIO NO INSCRITA EN RM,balances_2018_2.txt,casilleros,0,0.0,0.0,0.0,,0.0,0.0,0.0,0.0,1,0.0
2018,64976,1391779801001,EMPACADORA ALKRISTO DEL MAR S.A. EMPALMAR,A0311.01,A0311.01,Armadores / pesca marítima,MANTA,MANTA,ACTIVA,balances_2018_2.txt,casilleros,9,28154.0,0.0,28154.0,,0.0,0.0,0.0,0.0,1,0.0
2018,700234,1391824416001,GOODMARCOM S.A.,A0311.03,A0311.03,Armadores / pesca marítima,JARAMIJÓ,JARAMIJÓ,ACTIVA,balances_2018_4.txt,casilleros,77,844989.93,807605.05,37384.88,1057845.84,1057845.84,1029607.47,28238.37,28238.37,1,0.0
2018,702387,1391825676001,CORPORACION FRANK REVELO. EXPORTACION - IMPORTACION - PESQUERA AGRICOLA. EXPORMANTA S.A.,A0311.01,A0311.01,Armadores / pesca marítima,MANTA,MANTA,ACTIVA,balances_2018_2.txt,casilleros,6,800.0,0.0,800.0,,0.0,0.0,0.0,0.0,1,0.0
2018,7027,1390050352001,CONSERVAS ISABEL ECUATORIANA S.A.,C1020.02,C1020.02,Industria: elaboración y conservación de pescado,MANTA,MANTA,ACTIVA,balances_2018_2.txt,casilleros,187,108821252.0,29026933.3,79794319.1,,174011575.0,159417658.0,14593916.9,10024648.9,1,-0.4
2018,703246,1391827598001,COMERCIALIZADORA DEL MAR PEZ&PEZ S.A.,A0311.01,A0311.01,Armadores / pesca marítima,MANTA,MANTA,ACTIVA,balances_2018_2.txt,casilleros,90,1215672.23,1164753.22,50919.01,,2113704.85,2069396.73,44308.12,24714.86,1,0.0
2018,703855,1391829469001,NAVIERA ECUATORIANA PICHINCHA NAVIP S.A.,A0311.03,A0311.03,Armadores / pesca marítima,MANTA,MANTA,ACTIVA,balances_2018_2.txt,casilleros,36,701663.2,803485.64,-101822.44,,0.0,68456.32,-68456.32,-68456.32,1,-0.0
2018,703858,1391829493001,PRODUCTORA NACIONAL ATUNERA ECUATORIANA PROATUNA S.A.,A0311.03,A0311.03,Armadores / pesca marítima,MANTA,MANTA,DISOLUCIÓN Y LIQUIDACIÓN OFICIO NO INSCRITA EN RM,balances_2018_2.txt,casilleros,13,13139.49,12339.49,800.0,,0.0,0.0,0.0,0.0,1,0.0
2018,703860,1391829442001,NAVIERA ECUATORIANA AUSTRAL MARITIMA AUSMAR S.A.,A0311.03,A0311.03,Armadores / pesca marítima,MANTA,MANTA,DISOLUCIÓN Y LIQUIDACIÓN OFICIO INSCRITA EN RM,balances_2018_2.txt,casilleros,72,592259.28,654482.68,-62223.4,,1644942.68,1665889.75,-20947.07,-20947.07,1,-0.0
2018,703862,1391829434001,NAVIERA ECUATORIANA DAULE NAECUDAL S.A.,A0311.03,A0311.03,Armadores / pesca marítima,MANTA,MANTA,DISOLUCIÓN Y LIQUIDACIÓN OFICIO INSCRITA EN RM,balances_2018_2.txt,casilleros,33,677307.98,802049.59,-124741.61,,0.0,52092.03,-52092.03,-52092.03,1,0.0
2018,704035,1391829426001,INDUSTRIAS CIBIS SANUS INDUCIBIS S.A.,C1020.02,C1020.02,Industria: elaboración y conservación de pescado,MANTA,MANTA,ACTIVA,balances_2018_2.txt,casilleros,26,2045.22,675.2,1370.02,,0.0,291.2,-291.2,-291.2,1,0.0
2018,704360,1391830068001,PESQUERA TUNAQUICK S.A.,A0311.01,A0311.01,Armadores / pesca marítima,MONTECRISTI,MONTECRISTI,ACTIVA,balances_2018_2.txt,casilleros,100,5449787.15,5234173.5,215613.65,,4750891.36,4739670.96,11220.4,11220.43,1,0.0
2018,704997,1391831846001,COMERCIALIZADORA HERNAN CHICA IMEXTUNACONP S.A.,A0311.01,A0311.01,Armadores / pesca marítima,MANTA,MANTA,ACTIVA,balances_2018_2.txt,casilleros,85,1288665.31,1200704.2,87961.11,,6442203.74,6331098.15,111105.59,50745.38,1,0.0
2018,707762,1391837135001,CONSERVAS DEL MAR MARCONSERVA S.A.,A0311.01,A0311.01,Armadores / pesca marítima,JARAMIJÓ,JARAMIJÓ,DISOLUCIÓN Y LIQUIDACIÓN OFICIO NO INSCRITA EN RM,balances_2018_2.txt,casilleros,27,1892684.86,1150000.0,742684.86,,0.0,48765.76,-48765.76,-48765.76,1,0.0
2018,708436,1391840241001,PESQUERA DEL SUR PESQUESURSA S.A.,A0311.03,A0311.03,Armadores / pesca marítima,MONTECRISTI,MONTECRISTI,ACTIVA,balances_2018_2.txt,casilleros,79,1110697.54,1069590.5,41107.04,,1772318.96,1710823.4,61495.56,29468.94,1,0.0
2018,708841,1391841981001,FISHINGDEGFER S.A.,A0311.01,A0311.01,Armadores / pesca marítima,MANTA,MANTA,ACTIVA,balances_2018_2.txt,casilleros,30,4593.7,4040.84,552.86,,0.0,447.14,-447.14,-447.14,1,-0.0
2018,708842,1391841124001,EXPORTADORA PACIFICO EXPORTPACIFIC S.A.,C1020.02,C1020.02,Industria: elaboración y conservación de pescado,MANTA,MANTA,ACTIVA,balances_2018_2.txt,casilleros,23,1000.0,0.0,1000.0,,14573.85,43065.37,-28491.52,0.0,1,0.0
2018,709051,1391841485001,ESPADEROS-PACIFICO S.A.,A0311.01,A0311.01,Armadores / pesca marítima,MANTA,MANTA,ACTIVA,balances_2018_2.txt,casilleros,33,1005152.02,911444.1,93707.92,,0.0,6799.63,-6799.63,-6799.63,1,0.0
2018,709237,1391849079001,MARITIMO E INDUSTRIAL CAMPO MARINO CAMPOMARINO S.A.,A0311.01,A0311.01,Armadores / pesca marítima,MANTA,MANTA,DISOLUCIÓN Y LIQUIDACIÓN OFICIO INSCRITA EN RM,balances_2018_2.txt,casilleros,34,12350902.6,12345767.9,5134.65,,0.0,3981.35,-3981.35,-3981.35,1,0.05
2018,709326,1391842309001,SULLIVAN BAY PESCA SBP-ECUADOR S.A.,A0311.01,A0311.01,Armadores / pesca marítima,MANTA,MANTA,ACTIVA,balances_2018_5.txt,casilleros,19,800.0,0.0,800.0,0.0,0.0,0.0,0.0,0.0,1,0.0
2018,709774,1391844174001,ATLANTIS EC COMERCIALIZACION DE PESCADO FRESCO Y CONGELADO COMERFRESCON COMPAÑIA DE RESPONSABILIDAD LIMITADA,A0311.01,A0311.01,Armadores / pesca marítima,MANTA,MANTA,ACTIVA,balances_2018_2.txt,casilleros,56,4664.7,4098.52,566.18,,61423.29,63513.03,-2089.74,-2151.62,1,-0.0
2018,709840,1391846339001,PESQUERA ALZAMFISH S.A.,A0311.01,A0311.01,Armadores / pesca marítima,MANTA,MANTA,DISOLUCIÓN Y LIQUIDACIÓN DE PLENO DERECHO INSC. RM,balances_2018_3.txt,NIIF_jerarquico,7,15000.0,0.0,15000.0,0.0,0.0,0.0,0.0,0.0,1,0.0
2018,709973,1391845960001,FRESCOPES S.A.,A0311.01,A0311.01,Armadores / pesca marítima,MANTA,MANTA,ACTIVA,balances_2018_2.txt,casilleros,6,800.0,0.0,800.0,,0.0,0.0,0.0,0.0,1,0.0
2018,710004,1391846185001,COMERCIALIZADORA SERVICIOS LOGÍSTICOS OPERFRESH S.A.,A0311.01,A0311.01,Armadores / pesca marítima,MANTA,MANTA,DISOLUCIÓN Y LIQUIDACIÓN OFICIO INSCRITA EN RM,balances_2018_4.txt,casilleros,61,4347.63,3126.07,1221.56,126102.88,126102.88,125501.73,601.15,450.86,1,0.0
2018,711302,1391850336001,PROCONMAN S.A.,A0311.01,A0311.01,Armadores / pesca marítima,MANTA,MANTA,ACTIVA,balances_2018_2.txt,casilleros,51,45929.35,15482.76,30446.59,,107313.83,85155.13,22158.7,0.0,1,-0.0
2018,711527,1391853831001,LA PERLA DEL SUR ECUADOR PERSUECUA S.A.,A0311.01,A0311.01,Armadores / pesca marítima,JARAMIJÓ,JARAMIJÓ,DISOLUCIÓN Y LIQUIDACIÓN OFICIO INSCRITA EN RM,balances_2018_2.txt,casilleros,18,816.0,16.0,800.0,,300.0,300.0,0.0,0.0,1,0.0
2018,713190,1391855850001,BRIOPESCA CIA.LTDA.,A0311.01,A0311.01,Armadores / pesca marítima,MANTA,MANTA,DISOLUCIÓN Y LIQUIDACIÓN OFICIO INSCRITA EN RM,balances_2018_2.txt,casilleros,58,53660.56,51629.83,2030.73,,4345645.3,4344024.86,1620.44,0.0,1,-0.0
2018,713870,1391858973001,PISCANTUR S.A.,A0311.03,A0311.03,Armadores / pesca marítima,JARAMIJÓ,JARAMIJÓ,ACTIVA,balances_2018_2.txt,casilleros,95,10358296.8,7769763.16,2588533.63,,4000682.77,3267637.22,733045.55,623088.72,1,0.01
2018,714154,1391858892001,IMPORT & EXPORT SKYFISH S.A.,A0311.01,A0311.01,Armadores / pesca marítima,MANTA,MANTA,ACTIVA,balances_2018_2.txt,casilleros,9,10000.0,0.0,10000.0,,0.0,0.0,0.0,0.0,1,0.0
2018,714314,1391859589001,ECOPEZ EXPORT SOCIEDAD ANÓNIMA,A0311.01,A0311.01,Armadores / pesca marítima,MONTECRISTI,MONTECRISTI,ACTIVA,balances_2018_2.txt,casilleros,64,85018.47,70703.99,14314.48,,539106.92,532045.67,7061.25,7061.25,1,-0.0
2018,714437,1391859937001,CONSERVERA MAR Y PESCA CONMARPES S.A.,C1020.04,C1020.04,Industria: elaboración y conservación de pescado,JARAMIJÓ,JARAMIJÓ,ACTIVA,balances_2018_4.txt,casilleros,13,2000.0,0.0,2000.0,0.0,5.0,455.01,-450.01,0.0,1,0.0
2018,714668,1391861052001,QUEENFISH S.A.,A0311.01,A0311.01,Armadores / pesca marítima,MANTA,MANTA,DISOLUCIÓN Y LIQUIDACIÓN OFICIO INSCRITA EN RM,balances_2018_2.txt,casilleros,50,3619.91,9892.98,-6273.07,,168392.5,174467.1,-6074.6,-6074.6,1,0.0
2018,714869,1391862075001,COMPAÑIA VILLACIS & ESPINOZA ROSMARFISH S.A.,A0311.01,A0311.01,Armadores / pesca marítima,MANTA,MANTA,ACTIVA,balances_2018_2.txt,casilleros,50,172203.64,125222.9,46980.74,,1089122.92,1069038.61,20084.31,18075.88,1,0.0
2018,714890,1391861591001,COMERCIALIZADORA FREDDY & MARLON GOSENFISH S.A.,A0311.01,A0311.01,Armadores / pesca marítima,MANTA,MANTA,ACTIVA,balances_2018_4.txt,casilleros,13,1000.0,0.0,1000.0,0.0,0.0,0.0,0.0,0.0,1,0.0
2018,714926,1391861788001,NEGOCIOS INDUSTRIALES DEL MAR NEGOINMAR S.A.,C1020.02,C1020.02,Industria: elaboración y conservación de pescado,MANTA,MANTA,ACTIVA,balances_2018_2.txt,casilleros,9,800.0,0.0,800.0,,0.0,0.0,0.0,0.0,1,0.0
2018,715117,1391862806001,COMERCIALIZADORA SEA FISHERS COMERSEAFISH S.A.,A0311.01,A0311.01,Armadores / pesca marítima,MANTA,MANTA,DISOLUCIÓN Y LIQUIDACIÓN OFICIO INSCRITA EN RM,balances_2018_2.txt,casilleros,51,182875.93,146997.12,35878.81,,477320.42,451841.61,25478.81,25478.81,1,0.0
2018,715262,1391864477001,PESQUERAKORPEZ S.A.,A0311.01,A0311.01,Armadores / pesca marítima,MANTA,MANTA,ACTIVA,balances_2018_2.txt,casilleros,48,1486893.23,1343694.0,143199.23,,6369559.81,6146502.19,223057.62,142199.23,1,-0.0
2018,715711,1391865198001,"FREDDY & JERONIMO CAÑARTE ZAMBRANO VENTA, PROCESO Y COMERCIALIZACIÓN DE PRODUCTOS DE LA PESCA FREJERFISH S.A.",A0311.01,A0311.01,Armadores / pesca marítima,MANTA,MANTA,ACTIVA,balances_2018_2.txt,casilleros,6,1000.0,0.0,1000.0,,0.0,0.0,0.0,0.0,1,0.0
2018,716330,1391867603001,YESFISH S.A.,C1020.02,C1020.02,Industria: elaboración y conservación de pescado,JARAMIJÓ,JARAMIJÓ,ACTIVA,balances_2018_2.txt,casilleros,50,110957.04,127099.31,-16142.27,,79865.57,96807.84,-16942.27,-16942.27,1,-0.0
2018,716882,1391869215001,CHONILLO FISH CHONIFISH S.A.,A0311.01,A0311.01,Armadores / pesca marítima,JARAMIJÓ,JARAMIJÓ,ACTIVA,balances_2018_2.txt,casilleros,8,1000.0,0.0,1000.0,,0.0,0.0,0.0,0.0,1,0.0
2018,717158,1391870884001,ALCERTUNA S.A.,A0311.01,A0311.01,Armadores / pesca marítima,MANTA,MANTA,DISOLUCIÓN Y LIQUIDACIÓN DE PLENO DERECHO INSC. RM,balances_2018_5.txt,casilleros,1,0.0,0.0,0.0,0.0,0.0,0.0,0.0,0.0,1,0.0
2018,717406,1391882440001,B.K. MAR EXPORTADORA E IMPORTADORA BKMAREI S.A.,A0311.01,A0311.01,Armadores / pesca marítima,MANTA,MANTA,ACTIVA,balances_2018_2.txt,casilleros,9,1000.0,0.0,1000.0,,0.0,0.0,0.0,0.0,1,0.0
2018,717746,1391876483001,PESQUERA SALVAFISH S.A.,A0311.01,A0311.01,Armadores / pesca marítima,MANTA,MANTA,DISOLUCIÓN Y LIQUIDACIÓN OFICIO INSCRITA EN RM,balances_2018_2.txt,casilleros,9,1000.0,0.0,1000.0,,0.0,0.0,0.0,0.0,1,0.0
2018,717750,1391875940001,SERVIBUQUES S.A.,A0311.01,A0311.01,Armadores / pesca marítima,MANTA,MANTA,ACTIVA,balances_2018_2.txt,casilleros,36,1015.0,3.3,1011.7,,30.0,15.0,15.0,11.7,1,0.0
2018,718126,1391873190001,ATUNERA VERMONT ATUNVERMONT S.A.,A0311.03,A0311.03,Armadores / pesca marítima,MANTA,MANTA,ACTIVA,balances_2018_2.txt,casilleros,64,1042520.61,958004.33,84516.28,,284957.53,250271.85,34685.68,34516.28,1,0.0
2018,718613,1391875061001,SEAFOODPREMIUMEXPORT CIA.LTDA.,A0311.03,A0311.03,Armadores / pesca marítima,MANTA,MANTA,ACTIVA,balances_2018_2.txt,casilleros,43,99362.66,92308.34,7054.32,,160316.21,154261.89,6054.32,6054.32,1,0.0
2018,718977,1391877633001,INVERSIONES CURIMAGUA S.A.,A0311.01,A0311.01,Armadores / pesca marítima,MANTA,MANTA,DISOLUCIÓN Y LIQUIDACIÓN OFICIO INSCRITA EN RM,balances_2018_2.txt,casilleros,23,0.0,0.0,0.0,,5.0,0.0,5.0,0.0,1,0.0
2018,719241,1391877447001,EFECIOS S.A.,A0311.03,A0311.03,Armadores / pesca marítima,MANTA,MANTA,DISOLUCIÓN Y LIQUIDACIÓN OFICIO INSCRITA EN RM,balances_2018_2.txt,casilleros,41,96109.3,95309.3,800.0,,153863.95,142783.75,11080.2,0.0,1,0.0
2018,719385,1391877765001,PESQUERA DOÑAROGE S.A.,A0311.03,A0311.03,Armadores / pesca marítima,MANTA,MANTA,ACTIVA,balances_2018_2.txt,casilleros,81,3273670.93,2015980.2,1257690.73,,839638.02,822783.11,16854.91,10420.81,1,0.0
2018,719388,1391877811001,PESQUERAROCIO S.A.,A0311.03,A0311.03,Armadores / pesca marítima,MANTA,MANTA,ACTIVA,balances_2018_2.txt,casilleros,79,6754286.2,3769729.24,2984556.96,,1422844.47,1422332.15,512.32,326.6,1,0.0
2018,719390,1391877838001,PESQUERA DOÑAMARUJA S.A.,A0311.03,A0311.03,Armadores / pesca marítima,MANTA,MANTA,ACTIVA,balances_2018_2.txt,casilleros,48,1251038.06,59535.51,1191502.55,,0.0,13334.69,-13334.69,-13334.69,1,0.0
2018,719391,1391877803001,PESQUERA DONBARTOLO S.A.,A0311.03,A0311.03,Armadores / pesca marítima,MANTA,MANTA,ACTIVA,balances_2018_2.txt,casilleros,78,4411927.94,1580896.82,2831031.12,,1352906.01,1348740.6,4165.41,1974.98,1,0.0
2018,719589,1391878508001,GEMIMARKSA S.A.,C1020.06,C1020.06,Industria: elaboración y conservación de pescado,MONTECRISTI,MONTECRISTI,ACTIVA,balances_2018_2.txt,casilleros,9,800.0,0.0,800.0,,0.0,0.0,0.0,0.0,1,0.0
2018,720249,0993151556001,OCEANMANABI S.A.,A0311.01,A0311.01,Armadores / pesca marítima,MANTA,MANTA,ACTIVA,balances_2018_4.txt,casilleros,6,1000.0,0.0,1000.0,0.0,0.0,0.0,0.0,0.0,1,0.0
2018,720604,1391881525001,EXPORTADORA JUAN FISH JUANFISH S.A.,A0311.01,A0311.01,Armadores / pesca marítima,MANTA,MANTA,ACTIVA,balances_2018_2.txt,casilleros,9,800.0,0.0,800.0,,0.0,0.0,0.0,0.0,1,0.0
2018,72073,0991313788001,ASISERVY S.A.,C1020.02,C1020.02,Industria: elaboración y conservación de pescado,JARAMIJÓ,JARAMIJÓ,ACTIVA,balances_2018_1.txt,NIIF_jerarquico,175,63933250.34,38676768.68,25256481.66,83336310.31,85698186.28,82165038.3,3533147.98,2434696.35,1,0.0
2018,72096,0991316531001,AGROL S.A.,A0311.01,A0311.01,Armadores / pesca marítima,MANTA,MANTA,ACTIVA,balances_2018_4.txt,casilleros,86,4331252.65,3646570.0,684682.65,380000.0,380000.0,1476171.0,-1096171.0,-1104903.35,1,0.0
2018,79132,0991417117001,MARMONTESAN S.A.,A0311.01,A0311.01,Armadores / pesca marítima,MONTECRISTI,MONTECRISTI,ACTIVA,balances_2018_2.txt,casilleros,37,125805.47,105793.29,20012.18,,0.0,37796.33,-37796.33,-37796.33,1,0.0
2018,83238,0991469095001,TADEL S.A.,C1020.05,C1020.05,Industria: elaboración y conservación de pescado,JARAMIJÓ,JARAMIJÓ,ACTIVA,balances_2018_2.txt,casilleros,158,32543294.4,5588050.09,26955244.3,,44535332.6,39173902.0,5361430.63,2901322.98,1,0.01
2018,95584,1391738803001,EYCO S.A.,A0311.01,A0311.01,Armadores / pesca marítima,MANTA,MANTA,ACTIVA,balances_2018_2.txt,casilleros,77,294116.29,216823.44,77292.85,,1308830.57,1277838.31,30992.26,19914.76,1,-0.0
2018,95604,1391739524001,PROHAPEZ MANTA S.A.,A0311.01,A0311.01,Armadores / pesca marítima,MONTECRISTI,MONTECRISTI,ACTIVA,balances_2018_5.txt,casilleros,10,2100.0,0.0,2100.0,0.0,0.0,0.0,0.0,0.0,1,0.0
2018,95611,0992471557001,EMPROPESCA S.A.,A0311.01,A0311.01,Armadores / pesca marítima,MANTA,MANTA,ACTIVA,balances_2018_4.txt,casilleros,34,379973.56,372570.36,7403.2,0.0,0.0,0.0,0.0,0.0,1,0.0
2018,95657,1391740433001,COMERCIALIZADORA DE PRODUCTOS DEL MAR SINAI S. A.,A0311.01,A0311.01,Armadores / pesca marítima,MONTECRISTI,MONTECRISTI,ACTIVA,balances_2018_2.txt,casilleros,41,157424.26,11634.37,145789.89,,170366.1,168540.68,1825.42,1825.42,1,0.0
2018,95714,1391742053001,DISTRIBUIDORA FLIPPER S.A.,A0311.01,A0311.01,Armadores / pesca marítima,MANTA,MANTA,DISOLUCIÓN Y LIQUIDACIÓN OFICIO INSCRITA EN RM,balances_2018_2.txt,casilleros,117,2721689.34,2108067.15,613622.19,,11081814.0,10977631.3,104182.72,0.0,1,0.0
2018,95725,1391742320001,TUNIDOS DEL PACIFICO S.A.,C1020.02,C1020.02,Industria: elaboración y conservación de pescado,MANTA,MANTA,DISOLUCIÓN Y LIQUIDACIÓN OFICIO INSCRITA EN RM,balances_2018_2.txt,casilleros,27,0.0,0.0,0.0,,515914.44,459091.07,56823.37,0.0,1,0.0
2018,95806,1391744064001,PESPESCA S.A.,C1020.07,C1020.07,Industria: elaboración y conservación de pescado,MONTECRISTI,MONTECRISTI,ACTIVA,balances_2018_2.txt,casilleros,163,79200560.6,64631570.2,14568990.4,,68643445.4,67393150.1,1250295.33,601365.72,1,-0.0
2018,95871,1391744943001,AMATXU MARIA LUISA CIA. LTDA.,A0311.01,A0311.01,Armadores / pesca marítima,MANTA,MANTA,ACTIVA,balances_2018_2.txt,casilleros,79,726137.39,592026.79,134110.6,,655799.26,630693.06,25106.2,15813.14,1,-0.0
2018,95900,1391745656001,OCEAN FARM S.A.,A0311.01,A0311.01,Armadores / pesca marítima,MANTA,MANTA,ACTIVA,balances_2018_2.txt,casilleros,85,2979391.38,2681763.37,297628.01,,299000.35,348353.98,-49353.63,-49353.63,1,-0.0
2018,95926,1391746830001,FRESH FISH DEL ECUADOR CIA. LTDA.,A0311.01,A0311.01,Armadores / pesca marítima,MANTA,MANTA,ACTIVA,balances_2018_2.txt,casilleros,136,7619492.87,6690858.15,928634.72,,7750945.52,7833399.34,-82453.82,-75333.86,1,-0.0
2018,95993,1391747314001,INDUSTRIAS DE PRODUCTOS DEL MAR S.A. IDELMAR,A0311.01,A0311.01,Armadores / pesca marítima,MANTA,MANTA,ACTIVA,balances_2018_2.txt,casilleros,116,5576685.01,4041442.99,1535242.02,,3424935.97,3376658.1,48277.87,41036.18,1,-0.0
2018,96020,1391748027001,DELIPESCA S.A.,A0311.01,A0311.01,Armadores / pesca marítima,MANTA,MANTA,ACTIVA,balances_2018_2.txt,casilleros,117,27421892.0,18077174.9,9344717.11,,15831014.2,14310712.5,1520301.69,931228.84,1,-0.01
2018,96128,1391750811001,ISIMARE S.A.,A0311.01,A0311.01,Armadores / pesca marítima,JARAMIJÓ,JARAMIJÓ,ACTIVA,balances_2018_2.txt,casilleros,78,1623113.41,944041.04,679072.37,,970952.24,568310.76,402641.48,402641.48,1,-0.0
2018,96213,1391753071001,EUROTUNA S.A.,A0311.01,A0311.01,Armadores / pesca marítima,MANTA,MANTA,ACTIVA,balances_2018_2.txt,casilleros,85,650187.2,520408.09,129779.11,,1817878.38,1717669.2,100209.18,62885.9,1,-0.0
2018,96216,1391752377001,MARINE PROTEIN MARPROT S.A.,A0311.01,A0311.01,Armadores / pesca marítima,MONTECRISTI,MONTECRISTI,ACTIVA,balances_2018_2.txt,casilleros,158,5236597.1,4037373.89,1199223.21,,3535821.52,3199456.21,336365.31,205306.4,1,-0.0
2018,96218,1391752822001,MARCARIBE S.A.,A0311.01,A0311.01,Armadores / pesca marítima,MANTA,MANTA,ACTIVA,balances_2018_2.txt,casilleros,11,824.26,0.0,824.26,,0.0,0.0,0.0,0.0,1,0.0
2018,96265,1391753233001,TECNIMAR CIA. LTDA.,A0311.01,A0311.01,Armadores / pesca marítima,MANTA,MANTA,ACTIVA,balances_2018_4.txt,casilleros,20,2000.0,0.0,2000.0,0.0,0.0,0.0,0.0,0.0,1,0.0
2018,99022,0991520767001,GALDECUN S.A.,C1020.06,C1020.06,Industria: elaboración y conservación de pescado,JARAMIJÓ,JARAMIJÓ,ACTIVA,balances_2018_2.txt,casilleros,114,8424958.64,7214169.86,1210788.78,,5678324.73,5672601.0,5723.73,5723.73,1,0.0
2019,100223,1391782926001,ALIMENTOS DEL MAR MARFOODSA S.A.,A0311.01,A0311.01,Armadores / pesca marítima,JARAMIJÓ,JARAMIJÓ,ACTIVA,balances_2019_4.txt,casilleros,76,87779.14,4042.47,83736.67,21000.0,21000.0,7159.23,13840.77,8876.02,1,0.0
2019,10060,1390021646001,PESPACA PESQUERA DEL PACIFICO CA,C1020.02,C1020.02,Industria: elaboración y conservación de pescado,MANTA,MANTA,ACTIVA,balances_2019_4.txt,casilleros,57,1947741.56,1436554.01,511187.55,0.0,126958.03,126958.03,0.0,0.0,1,0.0
2019,109262,0992262427001,GEOPAXI S.A.,A0311.01,A0311.01,Armadores / pesca marítima,MANTA,MANTA,DISOLUCIÓN Y LIQUIDACIÓN OFICIO INSCRITA EN RM,balances_2019_4.txt,casilleros,116,17119460.7,5732227.25,11387233.4,11313999.1,11427315.1,13651010.9,-2223695.72,-2223695.72,1,0.05
2019,111848,0992299231001,ELVAYKA KYOEI S.A.,A0311.01,A0311.01,Armadores / pesca marítima,MANTA,MANTA,ACTIVA,balances_2019_4.txt,casilleros,141,28065946.8,18949634.2,9116312.59,17381237.2,18990796.6,20361969.0,-1371172.46,-1371172.46,1,0.01
2019,114130,0992331283001,XUK S.A.,A0311.01,A0311.01,Armadores / pesca marítima,JARAMIJÓ,JARAMIJÓ,ACTIVA,balances_2019_4.txt,casilleros,132,4625167.08,3200103.63,1425063.45,3441814.88,3443749.78,3385858.36,57891.42,6438.74,1,0.0
2019,115653,0992354186001,TUNAEXPORT S.A.S.,A0311.01,A0311.01,Armadores / pesca marítima,MANTA,MANTA,ACTIVA,balances_2019_4.txt,casilleros,113,8672021.15,3170191.59,5501829.56,3985636.0,3985636.0,3834026.24,151609.76,93229.0,1,0.0
2019,11733,1390013643001,INDUSTRIA DE ENLATADOS ALIMENTICIOS CIA LTDA IDEAL,C1020.02,C1020.02,Industria: elaboración y conservación de pescado,MONTECRISTI,MONTECRISTI,DISOLUCIÓN Y LIQUIDACIÓN OFICIO INSCRITA EN RM,balances_2019_4.txt,casilleros,152,46165496.9,32119222.8,14046274.1,8854963.05,9027371.88,9936708.78,-909336.9,-909336.9,1,-0.0
2019,12582,1390034063001,EMPRESA DEL MAR CIA LTDA,A0311.01,A0311.01,Armadores / pesca marítima,MANTA,MANTA,ACTIVA,balances_2019_4.txt,casilleros,96,497458.46,452728.91,44729.55,207841.59,207849.72,206865.04,984.68,984.68,1,0.0
2019,126601,0992505621001,SUNSTAR S.A.,A0311.01,A0311.01,Armadores / pesca marítima,MANTA,MANTA,ACTIVA,balances_2019_4.txt,casilleros,103,157576.93,110567.84,47009.09,324133.78,324133.78,268238.81,55894.97,33351.41,1,0.0
2019,128384,0992530332001,ASTILLERO ESPERANZA DEL MAR C.A. ASTIESMAR,A0311.01,A0311.01,Armadores / pesca marítima,JARAMIJÓ,JARAMIJÓ,ACTIVA,balances_2019_4.txt,casilleros,130,15617135.5,10254463.2,5362672.29,1569721.69,2318544.16,2246665.9,71878.26,31367.95,1,0.01
2019,134444,0992623284001,POKINCI S.A.,C1020.02,C1020.02,Industria: elaboración y conservación de pescado,JARAMIJÓ,JARAMIJÓ,ACTIVA,balances_2019_4.txt,casilleros,18,800.0,0.0,800.0,0.0,0.0,0.0,0.0,0.0,1,0.0
2019,137966,1391785003001,COMERCIALIZADORA TONINO SEA FOOD S.A. COMTOSEAFOOD,A0311.01,A0311.01,Armadores / pesca marítima,MANTA,MANTA,ACTIVA,balances_2019_4.txt,casilleros,85,215284.77,187214.99,28069.78,298165.46,298165.46,295284.85,2880.61,1909.84,1,0.0
2019,139001,1391785402001,PESQUERA MONTECRISTI S.A. PESQUEMONSA,A0311.01,A0311.01,Armadores / pesca marítima,MANTA,MANTA,ACTIVA,balances_2019_4.txt,casilleros,117,8171458.01,5188216.91,2983241.1,3679235.97,3807344.51,3711486.86,95857.65,18961.94,1,-0.0
2019,139004,1391799101001,PUERTOMAR S.A.,A0311.03,A0311.03,Armadores / pesca marítima,JARAMIJÓ,JARAMIJÓ,ACTIVA,balances_2019_4.txt,casilleros,142,17328786.2,12748725.7,4580060.52,42225408.9,42229570.7,40379570.1,1850000.54,1572500.46,1,-0.02
2019,141044,1391790619001,FULL MOON ECUADOR FULMEC S.A.,A0311.01,A0311.01,Armadores / pesca marítima,MANTA,MANTA,ACTIVA,balances_2019_4.txt,casilleros,26,10756.0,19571.6,-8815.6,30000.0,30000.0,47167.46,-17167.46,-17167.46,1,0.0
2019,141596,1391788185001,COVEROSA S.A.,A0311.01,A0311.01,Armadores / pesca marítima,MANTA,MANTA,ACTIVA,balances_2019_4.txt,casilleros,95,444767.16,330018.48,114748.68,3695867.26,3695867.26,3679076.9,16790.36,14271.81,1,0.0
2019,143146,1391789629001,ACUIRÍA S.A.,C1020.01,C1020.01,Industria: elaboración y conservación de pescado,MANTA,MANTA,DISOLUCIÓN Y LIQUIDACIÓN OFICIO INSCRITA EN RM,balances_2019_4.txt,casilleros,64,472659.34,394125.95,78533.39,2763487.62,2763487.62,2662030.78,101456.84,76739.53,1,0.0
2019,143165,1391790589001,ACUICOLA Y PISCICOLA LA ISLA S.A. ACUISLA,A0311.01,A0311.01,Armadores / pesca marítima,MANTA,MANTA,ACTIVA,balances_2019_4.txt,casilleros,78,179086.57,61194.79,117891.78,207387.22,207387.22,182462.35,24924.87,16025.19,1,0.0
2019,143580,1391790260001,OSAKAFISH S.A.,A0311.01,A0311.01,Armadores / pesca marítima,MANTA,MANTA,DISOLUCIÓN Y LIQUIDACIÓN OFICIO INSCRITA EN RM,balances_2019_4.txt,casilleros,70,301115.7,273164.54,27951.16,88873.6,88874.03,82793.05,6080.98,6080.98,1,0.0
2019,143702,1391790279001,AGRICOLA Y PISCICOLA SUSSMANN DELGADO AGROSUSSDEL S.A.,A0311.01,A0311.01,Armadores / pesca marítima,MANTA,MANTA,ACTIVA,balances_2019_4.txt,casilleros,35,18388.61,0.0,18388.61,82351.01,82351.01,84662.71,-2311.7,-25307.57,1,0.0
2019,143706,1391790287001,PESQUERA ATUNES DEL PACIFICO S.A. ''ATUNPACIFICOSA'',A0311.03,A0311.03,Armadores / pesca marítima,MANTA,MANTA,ACTIVA,balances_2019_4.txt,casilleros,119,8825240.43,2342799.93,6482440.5,1684036.4,1758860.78,1782859.09,-23998.31,-47173.44,1,0.0
2019,144167,1391791488001,GRUPO DEGFER CIA. LTDA.,A0311.01,A0311.01,Armadores / pesca marítima,JARAMIJÓ,JARAMIJÓ,ACTIVA,balances_2019_4.txt,casilleros,183,73770230.05,35051778.25,38718451.8,24303681.12,25895840.56,29655551.71,-3759711.15,-3680291.33,1,0.0
2019,144336,1391791097001,PESCADOS Y MARISCOS DEL PACIFICO S.A. PESMARPAC,A0311.01,A0311.01,Armadores / pesca marítima,JARAMIJÓ,JARAMIJÓ,ACTIVA,balances_2019_4.txt,casilleros,115,1096671.23,655992.69,440678.54,8374413.97,8374413.97,8349973.48,24440.49,16204.05,1,0.0
2019,144480,1391791178001,ALETAMARILLA S.A.,A0311.01,A0311.01,Armadores / pesca marítima,MANTA,MANTA,ACTIVA,balances_2019_4.txt,casilleros,115,3021318.4,176421.87,2844896.53,2092766.96,2097871.14,2078865.81,19005.33,123.12,1,0.0
2019,144740,1391799624001,LOGISTICA INTERNACIONAL LOGISINSA S.A.,A0311.01,A0311.01,Armadores / pesca marítima,MANTA,MANTA,ACTIVA,balances_2019_4.txt,casilleros,20,11880.41,10972.31,908.1,0.0,0.0,0.0,0.0,0.0,1,0.0
2019,145016,1391791895001,INDUSTRIAL PESQUERA DEL PACIFICO S.A. INPESPA,A0311.01,A0311.01,Armadores / pesca marítima,MANTA,MANTA,ACTIVA,balances_2019_3.txt,NIIF_jerarquico,5,800.0,0.0,800.0,0.0,0.0,0.0,0.0,0.0,1,0.0
2019,145888,1391793308001,PESFRESCO S.A.,A0311.01,A0311.01,Armadores / pesca marítima,MANTA,MANTA,ACTIVA,balances_2019_4.txt,casilleros,104,200999.36,118396.4,82602.96,594783.71,596658.28,593135.82,3522.46,-188.4,1,-0.0
2019,145894,1391793065001,EMPACADORA DE MARISCOS ECUAMARISC CIA. LTDA.,A0311.01,A0311.01,Armadores / pesca marítima,MANTA,MANTA,ACTIVA,balances_2019_4.txt,casilleros,60,389117.24,372938.69,16178.55,362735.0,362735.0,358820.52,3914.48,3914.48,1,-0.0
2019,146215,1391792999001,SARDINAS DEL PACIFICO S.A. SARDIPAC,A0311.01,A0311.01,Armadores / pesca marítima,JARAMIJÓ,JARAMIJÓ,ACTIVA,balances_2019_4.txt,casilleros,150,5983301.56,5822086.25,161215.31,8343984.3,8464865.6,8129603.28,335262.32,170210.72,1,-0.0
2019,146541,1391793405001,ASOCIACION DE PESCA EXPORTABLE ASOPESEX C.A.,A0311.01,A0311.01,Armadores / pesca marítima,MANTA,MANTA,ACTIVA,balances_2019_2.txt,casilleros,23,57338.07,52917.51,4420.56,,0.0,0.0,0.0,0.0,1,-0.0
2019,146715,1391793731001,VIDA MARINA VIMARINA CIA. LTDA.,C1020.04,C1020.04,Industria: elaboración y conservación de pescado,MANTA,MANTA,ACTIVA,balances_2019_4.txt,casilleros,80,405298.23,30672.79,374625.44,570021.56,570021.56,526030.41,43991.15,28044.36,1,0.0
2019,146994,1391793960001,PD-PESCA S.A.,A0311.01,A0311.01,Armadores / pesca marítima,JARAMIJÓ,JARAMIJÓ,ACTIVA,balances_2019_4.txt,casilleros,53,115695.39,123214.19,-7518.8,0.0,0.0,13856.78,-13856.78,-13856.78,1,-0.0
2019,148632,1391796056001,INTERATLANTIC S.A.,A0311.01,A0311.01,Armadores / pesca marítima,MANTA,MANTA,ACTIVA,balances_2019_4.txt,casilleros,62,22315.8,9264.01,13051.79,89500.78,89500.78,89582.47,-81.69,-57.59,1,-0.0
2019,149717,1391797672001,FERPIL'S S.A.,A0311.01,A0311.01,Armadores / pesca marítima,MANTA,MANTA,ACTIVA,balances_2019_4.txt,casilleros,53,8496.15,6500.5,1995.65,72187.48,72187.48,71856.46,331.02,-248.26,1,-0.0
2019,164355,1391797958001,PRODUMAN ECUADOR CIA. LTDA.,A0311.01,A0311.01,Armadores / pesca marítima,MANTA,MANTA,ACTIVA,balances_2019_4.txt,casilleros,27,405539.6,404795.94,743.66,0.0,0.0,0.0,0.0,0.0,1,-0.0
2019,166157,1391800290001,COMERCIALIZADORA DE PRODUCTOS PESQUEROS S.A. COMPROPEZ,A0311.01,A0311.01,Armadores / pesca marítima,JARAMIJÓ,JARAMIJÓ,ACTIVA,balances_2019_4.txt,casilleros,82,461344.83,296946.79,164398.04,1472187.74,1472187.74,1427022.72,45165.02,29944.41,1,0.0
2019,166188,1391799713001,FRIGORIFICO Y LABORATORIO DE PESCA FRILABPESCA S.A.,A0311.01,A0311.01,Armadores / pesca marítima,MANTA,MANTA,ACTIVA,balances_2019_4.txt,casilleros,59,8653.59,1656.36,6997.23,1139126.95,1139126.95,1134557.68,4569.27,3883.88,1,0.0
2019,166190,1391799748001,TECNICA DE LA MARICULTURA S.A. TECNIMARSA,A0311.01,A0311.01,Armadores / pesca marítima,MANTA,MANTA,ACTIVA,balances_2019_4.txt,casilleros,22,43709.75,24251.56,19458.19,0.0,0.0,0.0,0.0,0.0,1,0.0
2019,166486,1391800568001,ECUAOCEAN S.A.,A0311.01,A0311.01,Armadores / pesca marítima,MANTA,MANTA,ACTIVA,balances_2019_4.txt,casilleros,63,76782.16,23936.71,52845.45,93110.4,93110.4,91544.49,1565.91,1331.02,1,0.0
2019,166831,1391800517001,PRODUCTOS DEL REY S.A. PRODUCTREY,A0311.01,A0311.01,Armadores / pesca marítima,MANTA,MANTA,DISOLUCIÓN Y LIQUIDACIÓN OFICIO INSCRITA EN RM,balances_2019_5.txt,casilleros,40,3107485.69,2481530.77,625954.92,0.0,0.0,0.0,0.0,0.0,1,-0.0
2019,169235,1391803850001,MARPESCA ECUADOR S.A.,A0311.01,A0311.01,Armadores / pesca marítima,MONTECRISTI,MONTECRISTI,ACTIVA,balances_2019_4.txt,casilleros,54,365962.08,185872.19,180089.89,0.0,0.0,32246.96,-32246.96,-31702.98,1,0.0
2019,169323,1391804083001,PESDEMAR S.A.,A0311.01,A0311.01,Armadores / pesca marítima,MANTA,MANTA,ACTIVA,balances_2019_4.txt,casilleros,73,142782.86,82956.87,59825.99,542612.47,542612.47,533012.11,9600.36,5875.41,1,-0.0
2019,170293,1391805381001,BRISATUN S.A.,A0311.01,A0311.01,Armadores / pesca marítima,MANTA,MANTA,DISOLUCIÓN Y LIQUIDACIÓN OFICIO INSCRITA EN RM,balances_2019_4.txt,casilleros,122,8825410.27,4480882.55,4344527.72,8404115.02,8472609.87,7388152.98,1084456.89,408344.77,1,0.0
2019,170806,1391806000001,FLOSERPESCA S.A.,C1020.02,C1020.02,Industria: elaboración y conservación de pescado,MANTA,MANTA,ACTIVA,balances_2019_4.txt,casilleros,69,89338.25,46892.39,42445.86,780180.8,780181.38,779143.85,1037.53,809.27,1,0.0
2019,171950,1391807651001,MONMIFISH S.A.,A0311.01,A0311.01,Armadores / pesca marítima,MANTA,MANTA,ACTIVA,balances_2019_4.txt,casilleros,88,375298.94,214025.67,161273.27,8978538.37,8979380.16,8961101.47,18278.69,0.0,1,0.0
2019,172315,1391807627001,COMPAÑÍA AL MAR PESCA ALMARPEZ S.A.,A0311.01,A0311.01,Armadores / pesca marítima,MANTA,MANTA,ACTIVA,balances_2019_4.txt,casilleros,76,207991.95,193455.01,14536.94,117322.88,117322.88,112917.79,4405.09,2628.52,1,0.0
2019,172449,1391807902001,PROCOPROMAR CIA. LTDA.,A0311.01,A0311.01,Armadores / pesca marítima,MANTA,MANTA,DISOLUCIÓN Y LIQUIDACIÓN OFICIO INSCRITA EN RM,balances_2019_4.txt,casilleros,116,495917.05,455904.69,40012.36,1435377.22,1436205.13,1420073.13,16132.0,14518.8,1,-0.0
2019,172770,1391808143001,PRODUCTOS DEL MAR PROMARIT S.A.,C1020.07,C1020.07,Industria: elaboración y conservación de pescado,MANTA,MANTA,ACTIVA,balances_2019_4.txt,casilleros,18,800.0,0.0,800.0,0.0,0.0,0.0,0.0,0.0,1,0.0
2019,173162,1391808690001,CULTIVO DE PECES S.A. CULTIPESCA,C1020.07,C1020.07,Industria: elaboración y conservación de pescado,MANTA,MANTA,ACTIVA,balances_2019_4.txt,casilleros,28,490764.08,490669.98,94.1,0.0,0.0,0.0,0.0,0.0,1,0.0
2019,173324,1391809522001,V&BFISH S.A.,A0311.01,A0311.01,Armadores / pesca marítima,MANTA,MANTA,ACTIVA,balances_2019_4.txt,casilleros,75,474562.26,370144.15,104418.11,2986830.31,2986830.31,2944391.21,42439.1,31829.32,1,-0.0
2019,173680,1391809336001,VERTIPEZ S.A.,A0311.01,A0311.01,Armadores / pesca marítima,MANTA,MANTA,DISOLUCIÓN Y LIQUIDACIÓN DE PLENO DERECHO INSC. RM,balances_2019_5.txt,casilleros,21,172029.39,0.0,172029.39,0.0,0.0,0.0,0.0,0.0,1,0.0
2019,17663,1390097677001,MARDEX MARISCOS DE EXPORTACION S.A.,A0311.01,A0311.01,Armadores / pesca marítima,MANTA,MANTA,DISOLUCIÓN Y LIQUIDACIÓN OFICIO INSCRITA EN RM,balances_2019_4.txt,casilleros,138,11937507.8,9229943.44,2707564.4,1448384.84,1486641.27,2852754.63,-1366113.36,-1366113.36,1,-0.04
2019,176832,1391814968001,BLAUFISH CIA. LTDA.,A0311.01,A0311.01,Armadores / pesca marítima,MANTA,MANTA,ACTIVA,balances_2019_4.txt,casilleros,68,508072.3,231737.45,276334.85,1539368.67,1539368.67,1452512.7,86855.97,86855.97,1,0.0
2019,176961,1391814992001,"NAMAFRU NATURAL, MARISCO Y FRUTAS S.A.S.",A0311.01,A0311.01,Armadores / pesca marítima,JARAMIJÓ,JARAMIJÓ,ACTIVA,balances_2019_4.txt,casilleros,18,12500.0,0.0,12500.0,0.0,0.0,0.0,0.0,0.0,1,0.0
2019,177304,1391815239001,EMPACADORA FRIPEZ S.A.,A0311.01,A0311.01,Armadores / pesca marítima,MANTA,MANTA,ACTIVA,balances_2019_3.txt,NIIF_jerarquico,82,255200.24,187801.73,67398.51,549977.5,549977.5,520128.06999999995,29849.43,19790.17,1,-0.0
2019,178208,1391817371001,OCEAN KEY S.A. OCEANMANTA,A0311.01,A0311.01,Armadores / pesca marítima,MANTA,MANTA,ACTIVA,balances_2019_4.txt,casilleros,20,64257.3,62374.23,1883.07,0.0,304086.29,298435.14,5651.15,3814.53,1,-0.0
2019,179101,1391817320001,BOTE MIMORENITA4 S.A.,A0311.01,A0311.01,Armadores / pesca marítima,MANTA,MANTA,ACTIVA,balances_2019_4.txt,casilleros,13,2003.9,0.0,2003.9,0.0,0.0,0.0,0.0,0.0,1,0.0
2019,179519,1391817789001,CAMARONERA DEL PACIFICO S.A. PACIFCAM,A0311.01,A0311.01,Armadores / pesca marítima,MANTA,MANTA,ACTIVA,balances_2019_4.txt,casilleros,92,1050943.63,926315.1,124628.53,0.0,389715.01,364457.31,25257.7,11788.86,1,-0.0
2019,180003,1391818343001,TUNA FISHING COMPANY ECUADOR TUFICOM C. LTDA.,A0311.01,A0311.01,Armadores / pesca marítima,MANTA,MANTA,DISOLUCIÓN Y LIQUIDACIÓN OFICIO INSCRITA EN RM,balances_2019_4.txt,casilleros,18,400.0,0.0,400.0,0.0,0.0,0.0,0.0,0.0,1,0.0
2019,180892,1391819129001,CONSERVERATROPICAL CIA. LTDA.,C1020.02,C1020.02,Industria: elaboración y conservación de pescado,MANTA,MANTA,ACTIVA,balances_2019_4.txt,casilleros,54,48004.51,37852.62,10151.89,37500.0,70191.5,71059.78,-868.28,-868.28,1,0.0
2019,18528,1790943178001,PRODUCTOS DEL MAR Y SABORES NACIONALES PROMARSAN CIA. LTDA.,C1020.04,C1020.04,Industria: elaboración y conservación de pescado,JARAMIJÓ,JARAMIJÓ,ACTIVA,balances_2019_4.txt,casilleros,119,1547549.38,1064023.44,483525.94,2106682.39,2106682.39,2102355.94,4326.45,3579.73,1,-0.0
2019,19582,1390073891001,TRANSMARINA CA,A0311.03,A0311.03,Armadores / pesca marítima,MONTECRISTI,MONTECRISTI,ACTIVA,balances_2019_4.txt,casilleros,155,63488017.53,43353980.9,20134036.63,33544139.83,36799378.97,37859170.3,-1059791.33,-1059791.33,1,0.0
2019,205129,1391765770001,EMPACADORA MADEZA S.A.,C1020.02,C1020.02,Industria: elaboración y conservación de pescado,MANTA,MANTA,ACTIVA,balances_2019_4.txt,casilleros,81,351479.84,235173.63,116306.21,2176409.64,2176409.64,2127579.16,48830.48,31191.69,1,0.0
2019,205167,1391766793001,POLARISPESCA S.A.,A0311.01,A0311.01,Armadores / pesca marítima,MANTA,MANTA,ACTIVA,balances_2019_4.txt,casilleros,111,3874023.09,2681833.33,1192189.76,3924931.28,3926145.48,3917663.73,8481.75,-20726.3,1,-0.0
2019,205205,1391767943001,ALHO FISH S.A.,A0311.01,A0311.01,Armadores / pesca marítima,MANTA,MANTA,ACTIVA,balances_2019_4.txt,casilleros,12,800.0,0.0,800.0,0.0,0.0,0.0,0.0,0.0,1,0.0
2019,205233,1391768567001,TXOPITUNA ECUADOR CIA. LTDA.,A0311.03,A0311.03,Armadores / pesca marítima,MANTA,MANTA,ACTIVA,balances_2019_4.txt,casilleros,133,3699448.18,2106289.11,1593159.07,674317.5,713843.74,1088041.47,-374197.73,-374197.73,1,0.0
2019,25440,0990555761001,PESDEL S.A.,A0311.01,A0311.01,Armadores / pesca marítima,JARAMIJÓ,JARAMIJÓ,ACTIVA,balances_2019_4.txt,casilleros,178,54825409.8,25140130.2,29685279.5,12109556.9,12207014.2,12151229.7,55784.53,-45035.09,1,0.1
2019,301126,1391824483001,INDUSTRIA NH SIMILA NHSIMIL CIA.LTDA.,C1020.06,C1020.06,Industria: elaboración y conservación de pescado,MANTA,MANTA,ACTIVA,balances_2019_4.txt,casilleros,46,117282.86,9141.13,108141.73,0.0,0.0,5424.66,-5424.66,-5424.66,1,0.0
2019,301695,1391827113001,TIANXINGS S.A.,A0311.01,A0311.01,Armadores / pesca marítima,MANTA,MANTA,ACTIVA,balances_2019_3.txt,NIIF_jerarquico,58,785998.92,641668.36,144330.56,151824.0,303648.0,149984.62,1839.38,1340.56,1,0.0
2019,302954,1391832915001,PESQUERA EDUALPA S.A.,A0311.03,A0311.03,Armadores / pesca marítima,MANTA,MANTA,DISOLUCIÓN Y LIQUIDACIÓN DE PLENO DERECHO INSC. RM,balances_2019_4.txt,casilleros,39,312656.6,590535.82,-277879.22,0.0,789850.82,1096248.44,-306397.62,-306217.62,1,0.0
2019,303395,1391834918001,EXPORTADORA DE PRODUCTOS DEL MAR FRESCO Y CONGELADO EXPROFRESCO S.A.,A0311.03,A0311.03,Armadores / pesca marítima,MANTA,MANTA,DISOLUCIÓN Y LIQUIDACIÓN OFICIO INSCRITA EN RM,balances_2019_4.txt,casilleros,35,3021.23,1099.95,1921.28,0.0,1385908.28,1383386.11,2522.17,522.94,1,0.0
2019,303460,1391835043001,INDUSTRIA ATUNERA ARRECIFES-MARINOS S.A.,C1020.04,C1020.04,Industria: elaboración y conservación de pescado,MANTA,MANTA,DISOLUCIÓN Y LIQUIDACIÓN OFICIO INSCRITA EN RM,balances_2019_4.txt,casilleros,66,273175.5,264853.62,8321.88,2905321.96,2905321.96,2896472.69,8849.27,7521.88,1,0.0
2019,304446,1391838689001,PESCA DEL OCÉANO PESCAOCEAN S.A.,A0311.01,A0311.01,Armadores / pesca marítima,MANTA,MANTA,DISOLUCIÓN Y LIQUIDACIÓN OFICIO INSCRITA EN RM,balances_2019_4.txt,casilleros,56,771301.73,677316.29,93985.44,0.0,50.0,139.12,-89.12,-89.12,1,-0.0
2019,305275,1391843976001,XLPESCA S.A.,A0311.01,A0311.01,Armadores / pesca marítima,MANTA,MANTA,INACTIVA,balances_2019_4.txt,casilleros,23,800.0,0.0,800.0,0.0,0.0,0.0,0.0,0.0,1,0.0
2019,306408,1391850859001,SEA&LAND COMERCIO E INVERSIONES MARINAS S.A.,A0311.01,A0311.01,Armadores / pesca marítima,MANTA,MANTA,ACTIVA,balances_2019_4.txt,casilleros,12,400.0,0.0,400.0,0.0,0.0,0.0,0.0,0.0,1,0.0
2019,306409,1391850867001,WORLD FISH AND SEAFOOD PROCESADORA Y COMERCIALIZADORA ''WORLDFISH'' COMPAÑIA ANÓNIMA,A0311.01,A0311.01,Armadores / pesca marítima,MANTA,MANTA,ACTIVA,balances_2019_4.txt,casilleros,61,1671604.48,79496.15,1592108.33,265785.89,297375.21,293910.79,3464.42,3464.42,1,0.0
2019,306489,1391851138001,LOGISTIC CONTAINER & TRANSPORT ECUADOR IMPORTADORA Y EXPORTADORA LCTE S.A.,A0311.01,A0311.01,Armadores / pesca marítima,MANTA,MANTA,ACTIVA,balances_2019_4.txt,casilleros,69,492258.3,362275.13,129983.17,3107402.05,3124911.16,2925009.93,199901.23,169916.05,1,-0.0
2019,306970,1391853394001,FISHCHOEZ&VILLEGAS EXPORTADORA DE PRODUCTOS DE MAR FISH CHOEZ & VILLEGAS S.A.,A0311.01,A0311.01,Armadores / pesca marítima,MANTA,MANTA,DISOLUCIÓN Y LIQUIDACIÓN OFICIO INSCRITA EN RM,balances_2019_4.txt,casilleros,50,643653.51,3883.37,639770.14,1768710.0,1768710.0,1438616.41,330093.59,330093.59,1,0.0
2019,307031,1391853777001,EMPACADORA DE PRODUCTOS DEL MAR ZAMBRANO & MACIAS RODAVICMAR S.A.,C1020.02,C1020.02,Industria: elaboración y conservación de pescado,MANTA,MANTA,ACTIVA,balances_2019_5.txt,casilleros,59,3967.91,37232.09,-33264.18,20000.57,20000.57,30739.83,-10739.26,-10739.26,1,0.0
2019,307043,1391853971001,PESQUERA Y FRIGORIFICOS POSLIGUA PYFP PESFRI CIA.LTDA.,A0311.01,A0311.01,Armadores / pesca marítima,JARAMIJÓ,JARAMIJÓ,ACTIVA,balances_2019_2.txt,casilleros,32,9675.11,0.0,9675.11,,105267.63,95992.52,9275.11,9275.11,1,0.0
2019,307087,1391854137001,EMPACADORA MKF MARK FISH S.A.,C1020.04,C1020.04,Industria: elaboración y conservación de pescado,MANTA,MANTA,ACTIVA,balances_2019_2.txt,casilleros,1,0.0,0.0,0.0,,0.0,0.0,0.0,0.0,1,0.0
2019,307175,1391854676001,COVE PROMAR COMPRA Y VENTA DE PRODUCTOS DEL MAR COVEPROMAR S.A.,A0311.01,A0311.01,Armadores / pesca marítima,MANTA,MANTA,DISOLUCIÓN Y LIQUIDACIÓN OFICIO INSCRITA EN RM,balances_2019_4.txt,casilleros,90,255376.19,127465.71,127910.48,1456133.26,1457769.59,1400116.68,57652.91,36753.73,1,0.0
2019,307815,1391857233001,PESCAPECES S.A.,A0311.01,A0311.01,Armadores / pesca marítima,MANTA,MANTA,DISOLUCIÓN Y LIQUIDACIÓN OFICIO INSCRITA EN RM,balances_2019_4.txt,casilleros,93,15575744.1,12663127.2,2912616.93,9545535.11,9592591.09,9889442.46,-296851.37,-296851.37,1,-0.03
2019,308100,1391858841001,GUANWANG S.A.,A0311.01,A0311.01,Armadores / pesca marítima,MANTA,MANTA,DISOLUCIÓN Y LIQUIDACIÓN OFICIO INSCRITA EN RM,balances_2019_3.txt,NIIF_jerarquico,36,174206.0,346741.84,-172535.84,637494.2,637494.2,843194.81,-205700.61,-205700.61,1,-0.0
2019,308161,1391859139001,BARAKA SA EMPRESA DE COMERCIALIZACION EXPORTACIONES E IMPORTACIONES DE PESCA BARAKAFISHCORP S.A.,A0311.01,A0311.01,Armadores / pesca marítima,MANTA,MANTA,DISOLUCIÓN Y LIQUIDACIÓN OFICIO INSCRITA EN RM,balances_2019_4.txt,casilleros,18,800.0,0.0,800.0,0.0,0.0,0.0,0.0,0.0,1,0.0
2019,308992,1391865147001,COMERCIALIZADORA Y TRANSPORTE RASAMFISH COM&TRANS RASAMFISH RASAMFISH COMPAÑIA DE RESPONSABILIDAD LIMITADA,C1020.02,C1020.02,Industria: elaboración y conservación de pescado,MANTA,MANTA,ACTIVA,balances_2019_4.txt,casilleros,18,1000.0,0.0,1000.0,0.0,0.0,0.0,0.0,0.0,1,0.0
2019,309035,1391865376001,DISTRIBUIDORA PROCESADORA DE PESCA DISPROPESCA S.A.,A0311.01,A0311.01,Armadores / pesca marítima,MANTA,MANTA,ACTIVA,balances_2019_4.txt,casilleros,90,223906.92,153527.15,70379.77,1237860.57,1237860.57,1201650.75,36209.82,23083.76,1,0.0
2019,309585,1391868618001,SOLORZANO & AVILA EXPORTADORA DEL MAR EVVERFISH S.A.,A0311.01,A0311.01,Armadores / pesca marítima,MANTA,MANTA,ACTIVA,balances_2019_4.txt,casilleros,11,0.0,0.0,0.0,0.0,0.0,0.0,0.0,0.0,1,0.0
2019,310962,1391875177001,MARFISHING CÍA. LTDA. COMPAÑIA DE RESPONSABILIDAD LIMITADA,A0311.01,A0311.01,Armadores / pesca marítima,MANTA,MANTA,DISOLUCIÓN Y LIQUIDACIÓN OFICIO INSCRITA EN RM,balances_2019_4.txt,casilleros,46,800.0,0.0,800.0,100.0,100.0,90.0,10.0,0.0,1,0.0
2019,311172,1391876327001,CORPORACION VJX S.A.,C1020.02,C1020.02,Industria: elaboración y conservación de pescado,MANTA,MANTA,ACTIVA,balances_2019_4.txt,casilleros,47,1030.36,200.15,830.21,24001.0,24001.0,23530.64,470.36,30.21,1,-0.0
2019,311358,1391877293001,TUNA QUEEN TUQUEEN S.A.,A0311.03,A0311.03,Armadores / pesca marítima,MANTA,MANTA,ACTIVA,balances_2019_3.txt,NIIF_jerarquico,7,800.0,0.0,800.0,0.0,0.0,0.0,0.0,0.0,1,0.0
2019,311606,1391878605001,YESMAR S.A.,A0311.01,A0311.01,Armadores / pesca marítima,JARAMIJÓ,JARAMIJÓ,ACTIVA,balances_2019_4.txt,casilleros,1,0.0,0.0,0.0,0.0,0.0,0.0,0.0,0.0,1,0.0
2019,312950,1391897529001,BLUE-TRADING S.A.,A0311.01,A0311.01,Armadores / pesca marítima,MANTA,MANTA,ACTIVA,balances_2019_2.txt,casilleros,19,800.0,400.0,400.0,,0.0,400.0,-400.0,-400.0,1,0.0
2019,313585,1391900767001,GIGAPESCA CIA.LTDA.,A0311.01,A0311.01,Armadores / pesca marítima,MANTA,MANTA,ACTIVA,balances_2019_4.txt,casilleros,1,0.0,0.0,0.0,0.0,0.0,0.0,0.0,0.0,1,0.0
2019,314426,1391904029001,SUR TUNA SURTUNA S.A.,A0311.01,A0311.01,Armadores / pesca marítima,MANTA,MANTA,ACTIVA,balances_2019_4.txt,casilleros,88,9365600.14,8500933.82,864666.32,797570.8,797570.8,793022.19,4548.61,3479.69,1,0.0
2019,315116,1391906439001,SANPRODUCMAR S.A.,A0311.01,A0311.01,Armadores / pesca marítima,MANTA,MANTA,DISOLUCIÓN Y LIQUIDACIÓN OFICIO INSCRITA EN RM,balances_2019_4.txt,casilleros,15,1000.0,200.0,800.0,0.0,0.0,0.0,0.0,0.0,1,0.0
2019,315542,1391907893001,PESCA INDUSTRIALIZACION Y EXPORTACION PESINEX S.A.,A0311.01,A0311.01,Armadores / pesca marítima,MANTA,MANTA,ACTIVA,balances_2019_4.txt,casilleros,12,800.0,0.0,800.0,0.0,0.0,0.0,0.0,0.0,1,0.0
2019,315660,1391908326001,INDUSTRIA BIOACUATICA DEL PACIFICO SA IBP S.A.,C1020.06,C1020.06,Industria: elaboración y conservación de pescado,MANTA,MANTA,ACTIVA,balances_2019_4.txt,casilleros,81,267899.34,260789.37,7109.97,107945.56,107945.61,98405.58,9540.03,5909.97,1,0.0
2019,34175,1390141692001,EMPACADORA BILBO S.A. BILBOSA,C1020.01,C1020.01,Industria: elaboración y conservación de pescado,MANTA,MANTA,ACTIVA,balances_2019_4.txt,casilleros,197,28344551.8,17064508.1,11280043.7,28426398.6,28943950.1,28351682.3,592267.81,318142.18,1,0.0
2019,34292,1390144039001,PESCADO FRESCO DE EXPORTACION PEFREXPORT S.A.,C1020.04,C1020.04,Industria: elaboración y conservación de pescado,MANTA,MANTA,ACTIVA,balances_2019_4.txt,casilleros,67,2856187.97,2697344.51,158843.46,0.0,0.0,138784.25,-138784.25,-138784.25,1,0.0
2019,34328,1390145493001,FISHCORP S.A.,A0311.01,A0311.01,Armadores / pesca marítima,JARAMIJÓ,JARAMIJÓ,ACTIVA,balances_2019_4.txt,casilleros,141,23926409.7,15876898.1,8049511.6,30205198.9,30735009.6,30390504.3,344505.31,105181.33,1,0.0
2019,34346,1390145957001,PESQUERA PERALTA SOCIEDAD ANONIMA PESPERALTA,A0311.01,A0311.01,Armadores / pesca marítima,MANTA,MANTA,ACTIVA,balances_2019_4.txt,casilleros,50,31742.5,0.0,31742.5,63532.6,63532.6,32590.1,30942.5,30942.5,1,0.0
2019,34388,1390147186001,MARBELIZE S.A.,C1020.04,C1020.04,Industria: elaboración y conservación de pescado,JARAMIJÓ,JARAMIJÓ,ACTIVA,balances_2019_4.txt,casilleros,216,75969630.0,63517990.8,12451639.2,96438606.3,96685603.1,94768718.5,1916884.62,1065422.02,1,0.0
2019,34420,1390148212001,MANABITA DE COMERCIO S.A. MANCORSACOM,C1020.04,C1020.04,Industria: elaboración y conservación de pescado,JARAMIJÓ,JARAMIJÓ,ACTIVA,balances_2019_4.txt,casilleros,166,7369780.48,1495920.49,5873859.99,9885087.55,10022656.2,8421324.47,1601331.77,1036583.96,1,0.0
2019,34442,1390149154001,SHELLFISH S.A.,A0311.01,A0311.01,Armadores / pesca marítima,MANTA,MANTA,ACTIVA,balances_2019_4.txt,casilleros,99,1248445.8,731362.5,517083.3,1974422.99,2044820.95,2044632.37,188.58,144.26,1,0.0
2019,34449,1390149219001,EUROFISH S.A.,C1020.04,C1020.04,Industria: elaboración y conservación de pescado,MONTECRISTI,MONTECRISTI,ACTIVA,balances_2019_3.txt,NIIF_jerarquico,178,123439981.71,68777660.58,54662321.13,128329473.49,128329473.49,130481646.34,3474802.9,2239733.51,1,-0.0
2019,34453,1390149316001,MADEPACIF S.A.,C1020.02,C1020.02,Industria: elaboración y conservación de pescado,MANTA,MANTA,DISOLUCIÓN Y LIQUIDACIÓN OFICIO INSCRITA EN RM,balances_2019_4.txt,casilleros,66,30740.35,23416.07,7324.28,983716.31,983716.31,982241.3,1475.01,1106.26,1,-0.0
2019,34521,1391700776001,TECNICA Y COMERCIO DE LA PESCA C.A. TECOPESCA,A0311.01,A0311.01,Armadores / pesca marítima,JARAMIJÓ,JARAMIJÓ,ACTIVA,balances_2019_4.txt,casilleros,218,119457083.0,76184874.0,43272209.3,131206114.0,132728491.0,130202563.0,2525927.84,1300064.57,1,-0.3
2019,34525,1391700830001,"MANACRIPEX CIA. LTDA. MANABITA DE CRIA , PESCA Y EXPORTACION",A0311.03,A0311.03,Armadores / pesca marítima,JARAMIJÓ,JARAMIJÓ,ACTIVA,balances_2019_2.txt,casilleros,134,8422410.07,2862984.74,5559425.33,,4956852.51,4421008.29,535844.22,321991.88,1,0.0
2019,34611,1391709765001,PESQUERA UGAVI S.A.,A0311.03,A0311.03,Armadores / pesca marítima,MANTA,MANTA,ACTIVA,balances_2019_4.txt,casilleros,167,58038921.6,38670509.9,19368411.7,18769848.4,18852573.3,18567972.0,284601.25,-82807.32,1,0.0
2019,34614,1391701926001,INDUSTRIA ATUNERA S.A. INDUATUN,A0311.01,A0311.01,Armadores / pesca marítima,MANTA,MANTA,ACTIVA,balances_2019_4.txt,casilleros,115,17481562.4,7951049.93,9530512.43,5069264.3,5069264.3,5468404.49,-399140.19,-399140.19,1,0.04
2019,34630,1391702094001,DIAZ VASQUEZ DIVA S.A.,A0311.01,A0311.01,Armadores / pesca marítima,MANTA,MANTA,ACTIVA,balances_2019_4.txt,casilleros,50,3497569.33,1805358.74,1692210.59,0.0,0.0,13013.54,-13013.54,-13013.54,1,0.0
2019,34725,1391726740001,INMOTUNA S.A.,A0311.01,A0311.01,Armadores / pesca marítima,MANTA,MANTA,ACTIVA,balances_2019_2.txt,casilleros,39,494093.94,206427.68,287666.26,,0.0,1669.81,-1669.81,-1413.51,1,0.0
2019,34727,1391716702001,MEGAOCEAN S.A,A0311.01,A0311.01,Armadores / pesca marítima,MANTA,MANTA,ACTIVA,balances_2019_4.txt,casilleros,127,5814439.56,3960724.8,1853714.76,1725783.04,1728385.45,1657793.46,70591.99,38899.93,1,-0.0
2019,34759,1391717474001,PROVIPACIF S.A,A0311.01,A0311.01,Armadores / pesca marítima,MANTA,MANTA,ACTIVA,balances_2019_4.txt,casilleros,103,8267410.56,675016.75,7592393.81,300000.0,300000.0,183143.68,116856.32,78533.87,1,0.0
2019,34863,1391722486001,UNIOCEAN S.A.,A0311.03,A0311.03,Armadores / pesca marítima,MANTA,MANTA,ACTIVA,balances_2019_4.txt,casilleros,159,32594478.5,19423982.2,13170496.3,6937907.24,7626946.29,7381628.65,245317.64,-43454.84,1,0.0
2019,34903,1391723318001,OCEANFISH S.A.,A0311.01,A0311.01,Armadores / pesca marítima,MANTA,MANTA,ACTIVA,balances_2019_4.txt,casilleros,130,17724917.3,14331499.9,3393417.4,14387808.3,14467684.9,15303322.5,-835637.6,-835637.6,1,0.0
2019,34919,1391724500001,PESCIMERA S.A,A0311.01,A0311.01,Armadores / pesca marítima,MANTA,MANTA,ACTIVA,balances_2019_4.txt,casilleros,108,6692554.32,2089132.8,4603421.52,2095261.75,2099746.44,2839548.03,-739801.59,-735051.59,1,0.0
2019,34948,1391724837001,PRODUCTOS PESQUEROS S.A. PRODUPES,C1020.06,C1020.06,Industria: elaboración y conservación de pescado,MONTECRISTI,MONTECRISTI,ACTIVA,balances_2019_4.txt,casilleros,132,12158398.0,4340199.31,7818198.72,22728124.2,22728444.7,22136018.6,592426.12,251437.69,1,-0.03
2019,34958,1391725426001,CARIBBEAN ATLANTIC CARTLANT S.A.,A0311.01,A0311.01,Armadores / pesca marítima,MANTA,MANTA,ACTIVA,balances_2019_3.txt,NIIF_jerarquico,8,800.0,0.0,800.0,0.0,0.0,0.0,0.0,0.0,1,0.0
2019,35171,1390140319001,"FRIGORIFICO Y LABORATORIO SAN MATEO, FRIGOLAB SAN MATEO CIA. LTDA.",A0311.01,A0311.01,Armadores / pesca marítima,JARAMIJÓ,JARAMIJÓ,ACTIVA,balances_2019_4.txt,casilleros,171,19815549.8,10720136.3,9095413.44,25635917.8,25843234.2,25443778.3,399455.91,165209.09,1,0.06
2019,35254,1390143024001,PES NUNEZ SANTANA PESNUSAN CIA. LTDA.,C1020.02,C1020.02,Industria: elaboración y conservación de pescado,MONTECRISTI,MONTECRISTI,ACTIVA,balances_2019_4.txt,casilleros,113,1087236.43,865115.18,222121.25,4320471.17,4321958.34,4330796.0,-8837.66,-8837.66,1,-0.0
2019,35294,1390144861001,MAREROCE EXPORT IMPORT CIA. LTDA.,C1020.01,C1020.01,Industria: elaboración y conservación de pescado,JARAMIJÓ,JARAMIJÓ,ACTIVA,balances_2019_4.txt,casilleros,108,4037697.51,2589639.02,1448058.49,5161159.92,5161159.92,4859903.12,301256.8,192051.21,1,-0.0
2019,35359,1390148034001,PESQUERA CHOPITEA CIA. LTDA.,A0311.01,A0311.01,Armadores / pesca marítima,MANTA,MANTA,ACTIVA,balances_2019_4.txt,casilleros,92,785132.3,389049.74,396082.56,29230.0,29230.16,82484.13,-53253.97,0.0,1,0.0
2019,35364,1390148433001,ALIMENTOS INTEGRADOS ALINTEGRA CIA. LTDA.,C1020.05,C1020.05,Industria: elaboración y conservación de pescado,MANTA,MANTA,ACTIVA,balances_2019_4.txt,casilleros,39,58839.07,17716.04,41123.03,0.0,0.0,5546.95,-5546.95,-5546.95,1,0.0
2019,35420,1391700938001,MANATUN CIA. LTDA.,A0311.01,A0311.01,Armadores / pesca marítima,MANTA,MANTA,DISOLUCIÓN Y LIQUIDACIÓN OFICIO INSCRITA EN RM,balances_2019_4.txt,casilleros,22,33813.62,328.51,33485.11,0.0,0.0,0.0,0.0,0.0,1,0.0
2019,35688,1391729391001,PESQUERA BETH EEL S.A.,A0311.01,A0311.01,Armadores / pesca marítima,MONTECRISTI,MONTECRISTI,ACTIVA,balances_2019_4.txt,casilleros,74,410807.98,301327.17,109480.81,2306208.73,2306208.73,2275685.05,30523.68,21308.1,1,0.0
2019,35759,1391731388001,ARMAPAC S.A.,C1020.02,C1020.02,Industria: elaboración y conservación de pescado,MANTA,MANTA,DISOLUCIÓN Y LIQUIDACIÓN OFICIO INSCRITA EN RM,balances_2019_4.txt,casilleros,94,287225.1,100925.28,186299.82,708753.87,708754.9,625662.57,83092.33,74783.1,1,-0.0
2019,35766,1391732872001,FRIGORIFICO Y CONSERVERA DE LA PESCA FRICOPES S.A.,A0311.01,A0311.01,Armadores / pesca marítima,MANTA,MANTA,ACTIVA,balances_2019_4.txt,casilleros,110,1769936.43,232061.51,1537874.92,3796865.65,3804763.91,3499909.37,304854.54,178184.28,1,0.0
2019,35826,1391732813001,FISHMAR S.A.,A0311.01,A0311.01,Armadores / pesca marítima,MANTA,MANTA,ACTIVA,balances_2019_4.txt,casilleros,109,3890205.79,329508.33,3560697.46,1719204.25,1811210.11,988615.83,822594.28,520835.12,1,0.0
2019,35888,1391734271001,USAFISH S.A.,C1020.02,C1020.02,Industria: elaboración y conservación de pescado,MANTA,MANTA,ACTIVA,balances_2019_4.txt,casilleros,129,7793437.14,3771465.18,4021971.96,7695688.07,7695688.5,7028963.81,666724.69,566715.99,1,-0.0
2019,35973,1391736452001,B&B TUNE_SUPPLIERS S.A.,A0311.01,A0311.01,Armadores / pesca marítima,MANTA,MANTA,ACTIVA,balances_2019_4.txt,casilleros,154,15489118.9,7957734.46,7531384.43,12757883.5,12995223.6,10928977.1,2066246.5,1247529.95,1,0.01
2019,369,1790034305001,SEAFMAN SOCIEDAD ECUATORIANA DE ALIMENTOS Y FRIGORIFICOS MANTA C.A.,C1020.02,C1020.02,Industria: elaboración y conservación de pescado,MANTA,MANTA,ACTIVA,balances_2019_4.txt,casilleros,186,59720962.6,39055523.1,20665439.5,122071860.0,122346032.0,126242069.0,-3896037.08,-3952115.52,1,0.0
2019,39949,1391773439001,PESCAEXITO CIA. LTDA.,A0311.01,A0311.01,Armadores / pesca marítima,MANTA,MANTA,ACTIVA,balances_2019_5.txt,casilleros,19,0.01,0.01,0.0,0.0,0.0,0.0,0.0,0.0,1,0.0
2019,61759,1391775903001,CONSULTORES INDUSTRIALES Y PRODUCTOS DEL MAR S.A. CIPROMAR,A0311.01,A0311.01,Armadores / pesca marítima,MANTA,MANTA,ACTIVA,balances_2019_4.txt,casilleros,72,416933.95,249843.17,167090.78,839498.79,839498.79,842466.44,-2967.65,-2967.65,1,0.0
2019,62647,1391776683001,FRANCHI FISH S.A.,A0311.01,A0311.01,Armadores / pesca marítima,MANTA,MANTA,ACTIVA,balances_2019_4.txt,casilleros,94,255496.94,85637.68,169859.26,1873595.45,1873627.28,1909899.61,-36272.33,-36272.33,1,0.0
2019,63129,1391777434001,MUNDOTRADE S.A.,A0311.01,A0311.01,Armadores / pesca marítima,MANTA,MANTA,DISOLUCIÓN Y LIQUIDACIÓN OFICIO INSCRITA EN RM,balances_2019_2.txt,casilleros,19,90272.88,79082.62,11190.26,,0.0,0.0,0.0,0.0,1,0.0
2019,636,1390005713001,INDUSTRIA ECUATORIANA PRODUCTORA DE ALIMENTOS CA INEPACA,C1020.02,C1020.02,Industria: elaboración y conservación de pescado,MANTA,MANTA,ACTIVA,balances_2019_4.txt,casilleros,145,63265075.8,17650077.7,45614998.1,63852883.8,66275857.7,58405260.7,7870597.04,4762320.4,1,-0.0
2019,63945,1391778732001,INTERNACIONAL SEAFOOD FOODINTER S.A.,C1020.03,C1020.03,Industria: elaboración y conservación de pescado,MANTA,MANTA,DISOLUCIÓN Y LIQUIDACIÓN OFICIO NO INSCRITA EN RM,balances_2019_3.txt,NIIF_jerarquico,19,752.44,21332.93,-20580.49,0.0,0.0,0.0,0.0,0.0,1,0.0
2019,64976,1391779801001,EMPACADORA ALKRISTO DEL MAR S.A. EMPALMAR,A0311.01,A0311.01,Armadores / pesca marítima,MANTA,MANTA,ACTIVA,balances_2019_4.txt,casilleros,18,800.0,0.0,800.0,0.0,0.0,0.0,0.0,0.0,1,0.0
2019,700234,1391824416001,GOODMARCOM S.A.,A0311.03,A0311.03,Armadores / pesca marítima,JARAMIJÓ,JARAMIJÓ,ACTIVA,balances_2019_4.txt,casilleros,100,1502255.23,1194739.46,307515.77,3189302.13,3202373.03,2921279.28,281093.75,281093.75,1,0.0
2019,702387,1391825676001,CORPORACION FRANK REVELO. EXPORTACION - IMPORTACION - PESQUERA AGRICOLA. EXPORMANTA S.A.,A0311.01,A0311.01,Armadores / pesca marítima,MANTA,MANTA,ACTIVA,balances_2019_2.txt,casilleros,51,76068.64,69731.77,6336.87,,39696.3,39518.39,177.91,117.94,1,-0.0
2019,7027,1390050352001,CONSERVAS ISABEL ECUATORIANA S.A.,C1020.02,C1020.02,Industria: elaboración y conservación de pescado,MANTA,MANTA,ACTIVA,balances_2019_4.txt,casilleros,210,96317576.0,49055464.4,47262111.6,156011016.0,157434743.0,142924053.0,14510689.6,9559608.53,1,0.0
2019,703246,1391827598001,COMERCIALIZADORA DEL MAR PEZ&PEZ S.A.,A0311.01,A0311.01,Armadores / pesca marítima,MANTA,MANTA,ACTIVA,balances_2019_4.txt,casilleros,18,800.0,0.0,800.0,0.0,0.0,0.0,0.0,0.0,1,0.0
2019,703855,1391829469001,NAVIERA ECUATORIANA PICHINCHA NAVIP S.A.,A0311.03,A0311.03,Armadores / pesca marítima,MANTA,MANTA,ACTIVA,balances_2019_5.txt,casilleros,48,656450.0,818557.64,-162107.64,0.0,0.0,60285.2,-60285.2,-60285.2,1,0.0
2019,703858,1391829493001,PRODUCTORA NACIONAL ATUNERA ECUATORIANA PROATUNA S.A.,A0311.03,A0311.03,Armadores / pesca marítima,MANTA,MANTA,DISOLUCIÓN Y LIQUIDACIÓN OFICIO NO INSCRITA EN RM,balances_2019_5.txt,casilleros,25,100.0,100.0,0.0,0.0,0.0,0.0,0.0,0.0,1,0.0
2019,703862,1391829434001,NAVIERA ECUATORIANA DAULE NAECUDAL S.A.,A0311.03,A0311.03,Armadores / pesca marítima,MANTA,MANTA,DISOLUCIÓN Y LIQUIDACIÓN OFICIO INSCRITA EN RM,balances_2019_5.txt,casilleros,43,637441.2,817951.38,-180510.18,0.0,0.0,55768.57,-55768.57,-55768.57,1,-0.0
2019,704035,1391829426001,INDUSTRIAS CIBIS SANUS INDUCIBIS S.A.,C1020.02,C1020.02,Industria: elaboración y conservación de pescado,MANTA,MANTA,ACTIVA,balances_2019_4.txt,casilleros,12,800.0,0.0,800.0,0.0,0.0,0.0,0.0,0.0,1,0.0
2019,704360,1391830068001,PESQUERA TUNAQUICK S.A.,A0311.01,A0311.01,Armadores / pesca marítima,MONTECRISTI,MONTECRISTI,ACTIVA,balances_2019_4.txt,casilleros,90,5509922.45,5270273.25,239649.2,4042489.8,4384376.73,4365884.33,18492.4,18492.4,1,0.0
2019,704997,1391831846001,COMERCIALIZADORA HERNAN CHICA IMEXTUNACONP S.A.,A0311.01,A0311.01,Armadores / pesca marítima,MANTA,MANTA,ACTIVA,balances_2019_4.txt,casilleros,107,1439328.99,1342876.73,96452.26,8062133.81,8063154.89,8016321.87,46833.02,8519.18,1,0.0
2019,707762,1391837135001,CONSERVAS DEL MAR MARCONSERVA S.A.,A0311.01,A0311.01,Armadores / pesca marítima,JARAMIJÓ,JARAMIJÓ,DISOLUCIÓN Y LIQUIDACIÓN OFICIO NO INSCRITA EN RM,balances_2019_4.txt,casilleros,43,1718774.83,992360.66,726414.17,0.0,0.0,5297.65,-5297.65,-5297.65,1,0.0
2019,708436,1391840241001,PESQUERA DEL SUR PESQUESURSA S.A.,A0311.03,A0311.03,Armadores / pesca marítima,MONTECRISTI,MONTECRISTI,ACTIVA,balances_2019_4.txt,casilleros,91,1306568.96,1257216.17,49352.79,1662750.01,1720750.98,1700782.96,19968.02,7421.18,1,0.0
2019,708841,1391841981001,FISHINGDEGFER S.A.,A0311.01,A0311.01,Armadores / pesca marítima,MANTA,MANTA,ACTIVA,balances_2019_4.txt,casilleros,57,4462.86,3829.99,632.87,0.0,250.6,170.59,80.01,80.01,1,-0.0
2019,708842,1391841124001,EXPORTADORA PACIFICO EXPORTPACIFIC S.A.,C1020.02,C1020.02,Industria: elaboración y conservación de pescado,MANTA,MANTA,ACTIVA,balances_2019_4.txt,casilleros,17,1000.0,0.0,1000.0,0.0,0.0,0.0,0.0,0.0,1,0.0
2019,709051,1391841485001,ESPADEROS-PACIFICO S.A.,A0311.01,A0311.01,Armadores / pesca marítima,MANTA,MANTA,ACTIVA,balances_2019_4.txt,casilleros,41,1002561.79,911128.13,91433.66,0.0,0.0,2274.21,-2274.21,-2274.26,1,0.0
2019,709326,1391842309001,SULLIVAN BAY PESCA SBP-ECUADOR S.A.,A0311.01,A0311.01,Armadores / pesca marítima,MANTA,MANTA,ACTIVA,balances_2019_5.txt,casilleros,18,800.0,0.0,800.0,0.0,0.0,0.0,0.0,0.0,1,0.0
2019,709774,1391844174001,ATLANTIS EC COMERCIALIZACION DE PESCADO FRESCO Y CONGELADO COMERFRESCON COMPAÑIA DE RESPONSABILIDAD LIMITADA,A0311.01,A0311.01,Armadores / pesca marítima,MANTA,MANTA,ACTIVA,balances_2019_4.txt,casilleros,77,3113.81,2180.98,932.83,62006.3,62388.92,61595.66,793.26,304.77,1,-0.0
2019,709840,1391846339001,PESQUERA ALZAMFISH S.A.,A0311.01,A0311.01,Armadores / pesca marítima,MANTA,MANTA,DISOLUCIÓN Y LIQUIDACIÓN DE PLENO DERECHO INSC. RM,balances_2019_3.txt,NIIF_jerarquico,7,15000.0,0.0,15000.0,0.0,0.0,0.0,0.0,0.0,1,0.0
2019,709973,1391845960001,FRESCOPES S.A.,A0311.01,A0311.01,Armadores / pesca marítima,MANTA,MANTA,ACTIVA,balances_2019_2.txt,casilleros,9,800.0,0.0,800.0,,0.0,0.0,0.0,0.0,1,0.0
2019,710004,1391846185001,COMERCIALIZADORA SERVICIOS LOGÍSTICOS OPERFRESH S.A.,A0311.01,A0311.01,Armadores / pesca marítima,MANTA,MANTA,DISOLUCIÓN Y LIQUIDACIÓN OFICIO INSCRITA EN RM,balances_2019_4.txt,casilleros,24,4347.63,3126.07,1221.56,0.0,0.0,0.0,0.0,0.0,1,0.0
2019,711302,1391850336001,PROCONMAN S.A.,A0311.01,A0311.01,Armadores / pesca marítima,MANTA,MANTA,ACTIVA,balances_2019_4.txt,casilleros,31,98026.61,2506.34,95520.27,0.0,0.0,0.0,0.0,58566.31,1,0.0
2019,711527,1391853831001,LA PERLA DEL SUR ECUADOR PERSUECUA S.A.,A0311.01,A0311.01,Armadores / pesca marítima,JARAMIJÓ,JARAMIJÓ,DISOLUCIÓN Y LIQUIDACIÓN OFICIO INSCRITA EN RM,balances_2019_4.txt,casilleros,19,800.0,0.0,800.0,0.0,0.0,0.0,0.0,0.0,1,0.0
2019,713870,1391858973001,PISCANTUR S.A.,A0311.03,A0311.03,Armadores / pesca marítima,JARAMIJÓ,JARAMIJÓ,ACTIVA,balances_2019_4.txt,casilleros,102,11463164.5,9985619.85,1477544.67,3644468.05,3660814.4,4465789.62,-804975.22,-804975.22,1,-0.02
2019,714154,1391858892001,IMPORT & EXPORT SKYFISH S.A.,A0311.01,A0311.01,Armadores / pesca marítima,MANTA,MANTA,ACTIVA,balances_2019_4.txt,casilleros,18,10000.0,0.0,10000.0,0.0,0.0,0.0,0.0,0.0,1,0.0
2019,714314,1391859589001,ECOPEZ EXPORT SOCIEDAD ANÓNIMA,A0311.01,A0311.01,Armadores / pesca marítima,MONTECRISTI,MONTECRISTI,ACTIVA,balances_2019_4.txt,casilleros,99,317843.78,296962.51,20881.27,537087.92,537089.31,527184.65,9904.66,6566.79,1,0.0
2019,714437,1391859937001,CONSERVERA MAR Y PESCA CONMARPES S.A.,C1020.04,C1020.04,Industria: elaboración y conservación de pescado,JARAMIJÓ,JARAMIJÓ,ACTIVA,balances_2019_4.txt,casilleros,23,2000.0,0.0,2000.0,0.0,100.0,100.0,0.0,0.0,1,0.0
2019,714668,1391861052001,QUEENFISH S.A.,A0311.01,A0311.01,Armadores / pesca marítima,MANTA,MANTA,DISOLUCIÓN Y LIQUIDACIÓN OFICIO INSCRITA EN RM,balances_2019_4.txt,casilleros,67,18900.13,23886.74,-4986.61,360719.1,360719.1,360329.29,389.81,287.99,1,-0.0
2019,714869,1391862075001,COMPAÑIA VILLACIS & ESPINOZA ROSMARFISH S.A.,A0311.01,A0311.01,Armadores / pesca marítima,MANTA,MANTA,ACTIVA,balances_2019_4.txt,casilleros,76,142218.0,88704.93,53513.07,1310731.08,1310754.69,1300507.9,10246.79,5879.1,1,0.0
2019,714890,1391861591001,COMERCIALIZADORA FREDDY & MARLON GOSENFISH S.A.,A0311.01,A0311.01,Armadores / pesca marítima,MANTA,MANTA,ACTIVA,balances_2019_4.txt,casilleros,58,1897.81,514.0,1383.81,0.0,1700.0,1316.19,383.81,383.81,1,0.0
2019,714926,1391861788001,NEGOCIOS INDUSTRIALES DEL MAR NEGOINMAR S.A.,C1020.02,C1020.02,Industria: elaboración y conservación de pescado,MANTA,MANTA,ACTIVA,balances_2019_4.txt,casilleros,18,800.0,0.0,800.0,0.0,0.0,0.0,0.0,0.0,1,0.0
2019,715117,1391862806001,COMERCIALIZADORA SEA FISHERS COMERSEAFISH S.A.,A0311.01,A0311.01,Armadores / pesca marítima,MANTA,MANTA,DISOLUCIÓN Y LIQUIDACIÓN OFICIO INSCRITA EN RM,balances_2019_5.txt,casilleros,69,87647.97,45838.59,41809.38,253525.79,253525.79,243780.19,9745.6,9745.6,1,0.0
2019,715262,1391864477001,PESQUERAKORPEZ S.A.,A0311.01,A0311.01,Armadores / pesca marítima,MANTA,MANTA,ACTIVA,balances_2019_4.txt,casilleros,61,485415.88,254728.6,230687.28,10309986.8,10309986.8,10003737.1,306249.7,229687.28,1,0.0
2019,715711,1391865198001,"FREDDY & JERONIMO CAÑARTE ZAMBRANO VENTA, PROCESO Y COMERCIALIZACIÓN DE PRODUCTOS DE LA PESCA FREJERFISH S.A.",A0311.01,A0311.01,Armadores / pesca marítima,MANTA,MANTA,ACTIVA,balances_2019_4.txt,casilleros,59,86258.95,80860.37,5398.58,34973.67,34973.67,29727.62,5246.05,4398.58,1,0.0
2019,716330,1391867603001,YESFISH S.A.,C1020.02,C1020.02,Industria: elaboración y conservación de pescado,JARAMIJÓ,JARAMIJÓ,ACTIVA,balances_2019_4.txt,casilleros,72,178314.79,196930.63,-18615.84,1430171.69,1430171.69,1433145.7,-2974.01,-2473.57,1,0.0
2019,716882,1391869215001,CHONILLO FISH CHONIFISH S.A.,A0311.01,A0311.01,Armadores / pesca marítima,JARAMIJÓ,JARAMIJÓ,ACTIVA,balances_2019_4.txt,casilleros,12,1000.0,0.0,1000.0,0.0,0.0,0.0,0.0,0.0,1,0.0
2019,717158,1391870884001,ALCERTUNA S.A.,A0311.01,A0311.01,Armadores / pesca marítima,MANTA,MANTA,DISOLUCIÓN Y LIQUIDACIÓN DE PLENO DERECHO INSC. RM,balances_2019_5.txt,casilleros,13,10000.0,0.0,10000.0,0.0,0.0,0.0,0.0,0.0,1,0.0
2019,717406,1391882440001,B.K. MAR EXPORTADORA E IMPORTADORA BKMAREI S.A.,A0311.01,A0311.01,Armadores / pesca marítima,MANTA,MANTA,ACTIVA,balances_2019_4.txt,casilleros,43,1800.0,250.0,1550.0,3114.53,3114.53,2114.53,1000.0,750.0,1,0.0
2019,717746,1391876483001,PESQUERA SALVAFISH S.A.,A0311.01,A0311.01,Armadores / pesca marítima,MANTA,MANTA,DISOLUCIÓN Y LIQUIDACIÓN OFICIO INSCRITA EN RM,balances_2019_3.txt,NIIF_jerarquico,58,1168408.32,934301.25,234107.07,1845569.3,1845569.3,1672462.23,173107.07,173107.07,1,0.0
2019,717750,1391875940001,SERVIBUQUES S.A.,A0311.01,A0311.01,Armadores / pesca marítima,MANTA,MANTA,ACTIVA,balances_2019_4.txt,casilleros,52,1319.85,266.39,1053.46,0.0,3750.0,3696.46,53.54,41.76,1,0.0
2019,718126,1391873190001,ATUNERA VERMONT ATUNVERMONT S.A.,A0311.03,A0311.03,Armadores / pesca marítima,MANTA,MANTA,ACTIVA,balances_2019_4.txt,casilleros,106,2062442.95,1646438.18,416004.77,3356895.62,3410775.86,3367980.58,42795.28,42795.28,1,0.0
2019,718613,1391875061001,SEAFOODPREMIUMEXPORT CIA.LTDA.,A0311.03,A0311.03,Armadores / pesca marítima,MANTA,MANTA,ACTIVA,balances_2019_4.txt,casilleros,45,54654.69,48195.53,6459.16,9163.04,9163.04,9758.2,-595.16,-595.16,1,0.0
2019,718977,1391877633001,INVERSIONES CURIMAGUA S.A.,A0311.01,A0311.01,Armadores / pesca marítima,MANTA,MANTA,DISOLUCIÓN Y LIQUIDACIÓN OFICIO INSCRITA EN RM,balances_2019_4.txt,casilleros,17,0.0,0.0,0.0,0.0,0.0,0.0,0.0,0.0,1,0.0
2019,719241,1391877447001,EFECIOS S.A.,A0311.03,A0311.03,Armadores / pesca marítima,MANTA,MANTA,DISOLUCIÓN Y LIQUIDACIÓN OFICIO INSCRITA EN RM,balances_2019_4.txt,casilleros,78,301499.07,300699.07,800.0,1238601.56,1238601.56,1172792.72,65808.84,0.0,1,0.0
2019,719385,1391877765001,PESQUERA DOÑAROGE S.A.,A0311.03,A0311.03,Armadores / pesca marítima,MANTA,MANTA,ACTIVA,balances_2019_4.txt,casilleros,105,3038563.55,2129105.35,909458.2,4482762.2,4558468.84,4858959.94,-300491.1,-300491.1,1,-0.0
2019,719388,1391877811001,PESQUERAROCIO S.A.,A0311.03,A0311.03,Armadores / pesca marítima,MANTA,MANTA,ACTIVA,balances_2019_4.txt,casilleros,111,4563320.72,2031985.39,2531335.33,5211931.53,5298781.06,5824972.39,-526191.33,-526191.33,1,0.0
2019,719390,1391877838001,PESQUERA DOÑAMARUJA S.A.,A0311.03,A0311.03,Armadores / pesca marítima,MANTA,MANTA,ACTIVA,balances_2019_4.txt,casilleros,88,3490083.58,2404494.33,1085589.25,0.0,2291102.59,2303525.85,-12423.26,-12423.26,1,0.0
2019,719391,1391877803001,PESQUERA DONBARTOLO S.A.,A0311.03,A0311.03,Armadores / pesca marítima,MANTA,MANTA,ACTIVA,balances_2019_4.txt,casilleros,106,3793695.65,1078813.77,2714881.88,3691499.09,3745771.63,3849644.39,-103872.76,-103872.76,1,0.0
2019,719589,1391878508001,GEMIMARKSA S.A.,C1020.06,C1020.06,Industria: elaboración y conservación de pescado,MONTECRISTI,MONTECRISTI,ACTIVA,balances_2019_4.txt,casilleros,12,800.0,0.0,800.0,0.0,0.0,0.0,0.0,0.0,1,0.0
2019,720249,0993151556001,OCEANMANABI S.A.,A0311.01,A0311.01,Armadores / pesca marítima,MANTA,MANTA,ACTIVA,balances_2019_4.txt,casilleros,20,1000.0,0.0,1000.0,0.0,0.0,0.0,0.0,0.0,1,0.0
2019,720604,1391881525001,EXPORTADORA JUAN FISH JUANFISH S.A.,A0311.01,A0311.01,Armadores / pesca marítima,MANTA,MANTA,ACTIVA,balances_2019_2.txt,casilleros,9,800.0,0.0,800.0,,0.0,0.0,0.0,0.0,1,0.0
2019,72073,0991313788001,ASISERVY S.A.,C1020.02,C1020.02,Industria: elaboración y conservación de pescado,JARAMIJÓ,JARAMIJÓ,ACTIVA,balances_2019_3.txt,NIIF_jerarquico,191,76068697.72,49528531.77,26540165.95,82020257.09,83102284.3,81277963.1,1824321.2,1283684.29,1,-0.0
2019,72096,0991316531001,AGROL S.A.,A0311.01,A0311.01,Armadores / pesca marítima,MANTA,MANTA,ACTIVA,balances_2019_3.txt,NIIF_jerarquico,73,4435530.74,3984058.77,451471.97,123144.09,123144.09,3606.79,0.0,-233205.78,1,0.0
2019,723990,1391904401001,CENTRO DE BIOTECNOLOGIAS OMICAS CEBIOMICS S.A.,A0311.01,A0311.01,Armadores / pesca marítima,MONTECRISTI,MONTECRISTI,ACTIVA,balances_2019_4.txt,casilleros,50,1131.46,320.84,810.62,203.57,203.57,189.95,13.62,10.62,1,0.0
2019,724337,1391904983001,PEZ KOI PEZKOI S.A.,A0311.01,A0311.01,Armadores / pesca marítima,MANTA,MANTA,ACTIVA,balances_2019_4.txt,casilleros,18,800.0,0.0,800.0,0.0,0.0,0.0,0.0,0.0,1,0.0
2019,724578,1391905505001,DELIMARINA S.A.,C1020.04,C1020.04,Industria: elaboración y conservación de pescado,MANTA,MANTA,ACTIVA,balances_2019_4.txt,casilleros,18,800.0,0.0,800.0,0.0,0.0,0.0,0.0,0.0,1,0.0
2019,724980,1391906277001,ALBACORA-FISH S.A.,A0311.01,A0311.01,Armadores / pesca marítima,MANTA,MANTA,ACTIVA,balances_2019_4.txt,casilleros,71,80532.83,70811.55,9721.28,269822.69,269822.69,258641.56,11181.13,8721.28,1,-0.0
2019,726893,1391911726001,MOLLITIAM S.A.,A0311.03,A0311.03,Armadores / pesca marítima,JARAMIJÓ,JARAMIJÓ,ACTIVA,balances_2019_4.txt,casilleros,19,800.0,0.0,800.0,0.0,0.0,0.0,0.0,0.0,1,0.0
2019,727297,1391912196001,PESCAFRESDELECUADOR S.A.,A0311.03,A0311.03,Armadores / pesca marítima,MANTA,MANTA,ACTIVA,balances_2019_4.txt,casilleros,18,800.0,0.0,800.0,0.0,0.0,0.0,0.0,0.0,1,0.0
2019,727394,1391912684001,ATUNERA DEL PACIFICO SUR ATUNSUR S.A.,A0311.01,A0311.01,Armadores / pesca marítima,MANTA,MANTA,ACTIVA,balances_2019_4.txt,casilleros,19,3000.0,0.0,3000.0,0.0,0.0,0.0,0.0,0.0,1,0.0
2019,79132,0991417117001,MARMONTESAN S.A.,A0311.01,A0311.01,Armadores / pesca marítima,MONTECRISTI,MONTECRISTI,ACTIVA,balances_2019_4.txt,casilleros,92,204280.79,179584.37,24696.42,617923.41,635683.16,628974.23,6708.93,4684.28,1,0.0
2019,83238,0991469095001,TADEL S.A.,C1020.05,C1020.05,Industria: elaboración y conservación de pescado,JARAMIJÓ,JARAMIJÓ,ACTIVA,balances_2019_4.txt,casilleros,175,36062254.9,5626581.26,30435673.6,47622511.9,48150193.7,41796289.8,6353903.91,3970870.98,1,0.04
2019,95584,1391738803001,EYCO S.A.,A0311.01,A0311.01,Armadores / pesca marítima,MANTA,MANTA,ACTIVA,balances_2019_4.txt,casilleros,95,320652.52,223938.24,96714.28,496735.18,496741.6,465474.83,31266.77,19932.56,1,0.0
2019,95604,1391739524001,PROHAPEZ MANTA S.A.,A0311.01,A0311.01,Armadores / pesca marítima,MONTECRISTI,MONTECRISTI,ACTIVA,balances_2019_5.txt,casilleros,10,2100.0,0.0,2100.0,0.0,0.0,0.0,0.0,0.0,1,0.0
2019,95611,0992471557001,EMPROPESCA S.A.,A0311.01,A0311.01,Armadores / pesca marítima,MANTA,MANTA,ACTIVA,balances_2019_4.txt,casilleros,33,379973.56,372570.36,7403.2,0.0,0.0,0.0,0.0,0.0,1,0.0
2019,95657,1391740433001,COMERCIALIZADORA DE PRODUCTOS DEL MAR SINAI S. A.,A0311.01,A0311.01,Armadores / pesca marítima,MONTECRISTI,MONTECRISTI,ACTIVA,balances_2019_4.txt,casilleros,69,405512.04,50000.68,355511.36,260234.46,260234.46,256534.03,3700.43,2775.32,1,0.0
2019,95714,1391742053001,DISTRIBUIDORA FLIPPER S.A.,A0311.01,A0311.01,Armadores / pesca marítima,MANTA,MANTA,DISOLUCIÓN Y LIQUIDACIÓN OFICIO INSCRITA EN RM,balances_2019_4.txt,casilleros,133,4340991.22,3685646.81,655344.41,9575935.95,9582144.13,9513903.73,68240.4,41722.22,1,-0.0
2019,95725,1391742320001,TUNIDOS DEL PACIFICO S.A.,C1020.02,C1020.02,Industria: elaboración y conservación de pescado,MANTA,MANTA,DISOLUCIÓN Y LIQUIDACIÓN OFICIO INSCRITA EN RM,balances_2019_4.txt,casilleros,63,292976.06,193182.64,99793.42,161581.66,161581.66,152682.37,8899.29,6619.57,1,-0.0
2019,95806,1391744064001,PESPESCA S.A.,C1020.07,C1020.07,Industria: elaboración y conservación de pescado,MONTECRISTI,MONTECRISTI,ACTIVA,balances_2019_4.txt,casilleros,173,43158108.3,27370861.1,15787247.2,50407606.5,50434437.6,49169974.4,1264463.22,692339.67,1,-0.0
2019,95871,1391744943001,AMATXU MARIA LUISA CIA. LTDA.,A0311.01,A0311.01,Armadores / pesca marítima,MANTA,MANTA,ACTIVA,balances_2019_4.txt,casilleros,93,923632.91,721823.53,201809.38,706199.55,706199.55,669777.73,36421.82,22940.28,1,0.0
2019,95900,1391745656001,OCEAN FARM S.A.,A0311.01,A0311.01,Armadores / pesca marítima,MANTA,MANTA,ACTIVA,balances_2019_4.txt,casilleros,62,2856187.97,2697344.51,158843.46,0.0,0.0,138784.25,-138784.25,-138784.25,1,0.0
2019,95926,1391746830001,FRESH FISH DEL ECUADOR CIA. LTDA.,A0311.01,A0311.01,Armadores / pesca marítima,MANTA,MANTA,ACTIVA,balances_2019_4.txt,casilleros,145,7478680.42,6444232.09,1034448.33,6669075.58,7137906.95,7773815.78,-635908.83,-660522.19,1,0.0
2019,95993,1391747314001,INDUSTRIAS DE PRODUCTOS DEL MAR S.A. IDELMAR,A0311.01,A0311.01,Armadores / pesca marítima,MANTA,MANTA,ACTIVA,balances_2019_4.txt,casilleros,119,5548672.09,4031872.1,1516799.99,4643243.0,4643243.27,4623366.78,19876.49,16894.99,1,-0.0
2019,96020,1391748027001,DELIPESCA S.A.,A0311.01,A0311.01,Armadores / pesca marítima,MANTA,MANTA,ACTIVA,balances_2019_4.txt,casilleros,128,29878831.5,20387735.0,9491096.5,11996764.5,12007403.2,11727237.0,280166.25,146379.39,1,0.0
2019,96128,1391750811001,ISIMARE S.A.,A0311.01,A0311.01,Armadores / pesca marítima,JARAMIJÓ,JARAMIJÓ,ACTIVA,balances_2019_4.txt,casilleros,101,1550459.26,904063.86,646395.4,287933.76,310933.94,283214.69,27719.25,27719.25,1,0.0
2019,96213,1391753071001,EUROTUNA S.A.,A0311.01,A0311.01,Armadores / pesca marítima,MANTA,MANTA,ACTIVA,balances_2019_3.txt,NIIF_jerarquico,31,575375.0,476594.0,98781.0,937568.0,1074912.0,920971.0,0.0,1597.0,1,0.0
2019,96216,1391752377001,MARINE PROTEIN MARPROT S.A.,A0311.01,A0311.01,Armadores / pesca marítima,MONTECRISTI,MONTECRISTI,ACTIVA,balances_2019_4.txt,casilleros,169,5183698.86,3848379.32,1335319.54,4568296.26,4571116.26,4036236.7,534879.56,307437.67,1,0.0
2019,96218,1391752822001,MARCARIBE S.A.,A0311.01,A0311.01,Armadores / pesca marítima,MANTA,MANTA,ACTIVA,balances_2019_4.txt,casilleros,14,824.26,0.0,824.26,0.0,0.0,0.0,0.0,0.0,1,0.0
2019,96265,1391753233001,TECNIMAR CIA. LTDA.,A0311.01,A0311.01,Armadores / pesca marítima,MANTA,MANTA,ACTIVA,balances_2019_4.txt,casilleros,19,2000.0,0.0,2000.0,0.0,0.0,0.0,0.0,0.0,1,0.0
2019,99022,0991520767001,GALDECUN S.A.,C1020.06,C1020.06,Industria: elaboración y conservación de pescado,JARAMIJÓ,JARAMIJÓ,ACTIVA,balances_2019_4.txt,casilleros,132,9056175.86,8201360.04,854815.82,1747812.63,1803704.91,1793596.27,10108.64,10108.64,1,-0.0
2020,100223,1391782926001,ALIMENTOS DEL MAR MARFOODSA S.A.,A0311.01,A0311.01,Armadores / pesca marítima,JARAMIJÓ,JARAMIJÓ,ACTIVA,balances_2020_2.txt,casilleros,68,98940.47,14578.49,84361.98,21000.0,21181.39,19063.91,2117.48,625.31,1,0.0
2020,10060,1390021646001,PESPACA PESQUERA DEL PACIFICO CA,C1020.02,C1020.02,Industria: elaboración y conservación de pescado,MANTA,MANTA,ACTIVA,balances_2020_2.txt,casilleros,57,1828739.84,1067552.29,761187.55,0.0,116446.69,116446.69,0.0,0.0,1,0.0
2020,109262,0992262427001,GEOPAXI S.A.,A0311.01,A0311.01,Armadores / pesca marítima,MANTA,MANTA,DISOLUCIÓN Y LIQUIDACIÓN OFICIO INSCRITA EN RM,balances_2020_2.txt,casilleros,114,17523521.9,6016297.0,11507224.9,11979855.9,12385226.6,12227429.6,157797.04,157797.04,1,-0.0
2020,111848,0992299231001,ELVAYKA KYOEI S.A.,A0311.01,A0311.01,Armadores / pesca marítima,MANTA,MANTA,ACTIVA,balances_2020_2.txt,casilleros,145,31114562.1,21705707.4,9408854.71,17148159.1,17245009.9,16921105.3,323904.66,103928.56,1,-0.01
2020,114130,0992331283001,XUK S.A.,A0311.01,A0311.01,Armadores / pesca marítima,JARAMIJÓ,JARAMIJÓ,ACTIVA,balances_2020_2.txt,casilleros,126,2840898.85,1404546.08,1436352.77,5152096.94,5161290.55,4966422.23,194868.32,395.95,1,0.0
2020,115653,0992354186001,TUNAEXPORT S.A.S.,A0311.01,A0311.01,Armadores / pesca marítima,MANTA,MANTA,ACTIVA,balances_2020_3.txt,casilleros,34,8007973.84,2684141.93,0.0,0.0,1930.0,0.0,0.0,0.0,1,5323831.91
2020,11733,1390013643001,INDUSTRIA DE ENLATADOS ALIMENTICIOS CIA LTDA IDEAL,C1020.02,C1020.02,Industria: elaboración y conservación de pescado,MONTECRISTI,MONTECRISTI,DISOLUCIÓN Y LIQUIDACIÓN OFICIO INSCRITA EN RM,balances_2020_3.txt,casilleros,147,46216689.9,31347075.5,14869614.4,11706313.7,12219813.5,13514571.0,-1294757.55,-1294757.55,1,-0.0
2020,12582,1390034063001,EMPRESA DEL MAR CIA LTDA,A0311.01,A0311.01,Armadores / pesca marítima,MANTA,MANTA,ACTIVA,balances_2020_2.txt,casilleros,81,443758.27,428902.61,14855.66,245671.75,245671.75,274775.07,-29103.32,-29103.32,1,0.0
2020,126601,0992505621001,SUNSTAR S.A.,A0311.01,A0311.01,Armadores / pesca marítima,MANTA,MANTA,ACTIVA,balances_2020_2.txt,casilleros,64,112576.65,109967.15,2609.5,0.0,0.0,11048.18,-11048.18,-11048.18,1,0.0
2020,128384,0992530332001,ASTILLERO ESPERANZA DEL MAR C.A. ASTIESMAR,A0311.01,A0311.01,Armadores / pesca marítima,JARAMIJÓ,JARAMIJÓ,ACTIVA,balances_2020_2.txt,casilleros,132,12752153.1,9022952.69,3729200.42,951214.6,1956487.45,1876002.89,80484.56,20633.65,1,-0.01
2020,134444,0992623284001,POKINCI S.A.,C1020.02,C1020.02,Industria: elaboración y conservación de pescado,JARAMIJÓ,JARAMIJÓ,ACTIVA,balances_2020_2.txt,casilleros,25,190450.3,0.0,190450.3,300.0,300.0,300.0,0.0,0.0,1,0.0
2020,137966,1391785003001,COMERCIALIZADORA TONINO SEA FOOD S.A. COMTOSEAFOOD,A0311.01,A0311.01,Armadores / pesca marítima,MANTA,MANTA,ACTIVA,balances_2020_2.txt,casilleros,64,231991.74,203905.33,28086.41,0.0,10950.0,10924.91,25.09,16.63,1,0.0
2020,139001,1391785402001,PESQUERA MONTECRISTI S.A. PESQUEMONSA,A0311.01,A0311.01,Armadores / pesca marítima,MANTA,MANTA,ACTIVA,balances_2020_2.txt,casilleros,116,7991636.48,4975242.65,3016393.83,4237606.34,4237613.0,4111018.55,126594.45,29837.46,1,0.0
2020,139004,1391799101001,PUERTOMAR S.A.,A0311.03,A0311.03,Armadores / pesca marítima,JARAMIJÓ,JARAMIJÓ,ACTIVA,balances_2020_2.txt,casilleros,132,18862877.2,12332396.9,6530480.27,51894787.9,53291467.5,50580170.3,2711297.21,2304602.63,1,0.03
2020,141044,1391790619001,FULL MOON ECUADOR FULMEC S.A.,A0311.01,A0311.01,Armadores / pesca marítima,MANTA,MANTA,ACTIVA,balances_2020_3.txt,casilleros,34,1000.0,0.0,1000.0,2000.0,2000.0,0.0,2000.0,0.0,1,0.0
2020,141596,1391788185001,COVEROSA S.A.,A0311.01,A0311.01,Armadores / pesca marítima,MANTA,MANTA,ACTIVA,balances_2020_2.txt,casilleros,94,467177.56,343926.87,123250.69,2209898.8,2209898.8,2199896.43,10002.37,8502.01,1,0.0
2020,143146,1391789629001,ACUIRÍA S.A.,C1020.01,C1020.01,Industria: elaboración y conservación de pescado,MANTA,MANTA,DISOLUCIÓN Y LIQUIDACIÓN OFICIO INSCRITA EN RM,balances_2020_2.txt,casilleros,63,427897.78,240648.97,187248.81,2929059.2,2929059.2,2784105.31,144953.89,108715.42,1,0.0
2020,143165,1391790589001,ACUICOLA Y PISCICOLA LA ISLA S.A. ACUISLA,A0311.01,A0311.01,Armadores / pesca marítima,MANTA,MANTA,ACTIVA,balances_2020_2.txt,casilleros,48,210003.96,92112.18,117891.78,166221.84,166221.84,165594.42,627.42,0.0,1,0.0
2020,143580,1391790260001,OSAKAFISH S.A.,A0311.01,A0311.01,Armadores / pesca marítima,MANTA,MANTA,DISOLUCIÓN Y LIQUIDACIÓN OFICIO INSCRITA EN RM,balances_2020_2.txt,casilleros,17,1000.0,0.0,1000.0,0.0,0.0,0.0,0.0,0.0,1,0.0
2020,143702,1391790279001,AGRICOLA Y PISCICOLA SUSSMANN DELGADO AGROSUSSDEL S.A.,A0311.01,A0311.01,Armadores / pesca marítima,MANTA,MANTA,ACTIVA,balances_2020_2.txt,casilleros,28,921.41,0.0,921.41,0.0,0.0,19589.52,-19589.52,-17467.2,1,0.0
2020,143706,1391790287001,PESQUERA ATUNES DEL PACIFICO S.A. ''ATUNPACIFICOSA'',A0311.03,A0311.03,Armadores / pesca marítima,MANTA,MANTA,ACTIVA,balances_2020_2.txt,casilleros,113,4847154.06,1647375.86,3199778.2,1475459.02,1599036.22,1410228.79,188807.43,91433.59,1,-0.0
2020,144167,1391791488001,GRUPO DEGFER CIA. LTDA.,A0311.01,A0311.01,Armadores / pesca marítima,JARAMIJÓ,JARAMIJÓ,ACTIVA,balances_2020_3.txt,casilleros,186,72784038.06,36609688.72,36174349.34,26135224.42,27518593.14,30869929.64,-3351336.5,-3351336.51,1,0.0
2020,144336,1391791097001,PESCADOS Y MARISCOS DEL PACIFICO S.A. PESMARPAC,A0311.01,A0311.01,Armadores / pesca marítima,JARAMIJÓ,JARAMIJÓ,ACTIVA,balances_2020_2.txt,casilleros,109,1256349.48,786414.34,469935.14,7558081.25,7558081.25,7513953.65,44127.6,29256.6,1,0.0
2020,144480,1391791178001,ALETAMARILLA S.A.,A0311.01,A0311.01,Armadores / pesca marítima,MANTA,MANTA,ACTIVA,balances_2020_2.txt,casilleros,108,2998375.0,144168.65,2854206.35,1990149.89,1994523.64,1988115.87,6407.77,859.34,1,0.0
2020,144740,1391799624001,LOGISTICA INTERNACIONAL LOGISINSA S.A.,A0311.01,A0311.01,Armadores / pesca marítima,MANTA,MANTA,ACTIVA,balances_2020_1.txt,NIIF_jerarquico,10,7788.13,0.0,7788.13,189200.13,189200.13,0.0,0.0,6988.13,1,0.0
2020,145016,1391791895001,INDUSTRIAL PESQUERA DEL PACIFICO S.A. INPESPA,A0311.01,A0311.01,Armadores / pesca marítima,MANTA,MANTA,ACTIVA,balances_2020_1.txt,NIIF_jerarquico,5,800.0,0.0,800.0,0.0,0.0,0.0,0.0,0.0,1,0.0
2020,145888,1391793308001,PESFRESCO S.A.,A0311.01,A0311.01,Armadores / pesca marítima,MANTA,MANTA,ACTIVA,balances_2020_2.txt,casilleros,101,180847.43,101775.32,79072.11,404848.04,407254.32,408809.11,-1554.79,-3530.85,1,-0.0
2020,145894,1391793065001,EMPACADORA DE MARISCOS ECUAMARISC CIA. LTDA.,A0311.01,A0311.01,Armadores / pesca marítima,MANTA,MANTA,ACTIVA,balances_2020_2.txt,casilleros,55,441291.77,421353.79,19937.98,3116354.95,3116354.95,3112595.52,3759.43,3759.43,1,0.0
2020,146215,1391792999001,SARDINAS DEL PACIFICO S.A. SARDIPAC,A0311.01,A0311.01,Armadores / pesca marítima,JARAMIJÓ,JARAMIJÓ,ACTIVA,balances_2020_2.txt,casilleros,153,5954899.14,5544938.82,409960.32,9953599.84,10053610.3,9551702.44,501907.87,270977.01,1,-0.0
2020,146541,1391793405001,ASOCIACION DE PESCA EXPORTABLE ASOPESEX C.A.,A0311.01,A0311.01,Armadores / pesca marítima,MANTA,MANTA,ACTIVA,balances_2020_2.txt,casilleros,17,800.0,0.0,800.0,0.0,0.0,0.0,0.0,0.0,1,0.0
2020,146715,1391793731001,VIDA MARINA VIMARINA CIA. LTDA.,C1020.04,C1020.04,Industria: elaboración y conservación de pescado,MANTA,MANTA,ACTIVA,balances_2020_2.txt,casilleros,11,0.0,0.0,0.0,0.0,0.0,0.0,0.0,0.0,1,0.0
2020,146994,1391793960001,PD-PESCA S.A.,A0311.01,A0311.01,Armadores / pesca marítima,JARAMIJÓ,JARAMIJÓ,ACTIVA,balances_2020_3.txt,casilleros,49,60744.13,68812.93,8068.8,0.0,3750.0,4300.0,-550.0,-550.0,1,-16137.6
2020,148632,1391796056001,INTERATLANTIC S.A.,A0311.01,A0311.01,Armadores / pesca marítima,MANTA,MANTA,ACTIVA,balances_2020_2.txt,casilleros,58,24862.04,13265.26,11596.78,40992.23,40992.23,49448.36,-8456.13,-8465.13,1,0.0
2020,149717,1391797672001,FERPIL'S S.A.,A0311.01,A0311.01,Armadores / pesca marítima,MANTA,MANTA,ACTIVA,balances_2020_3.txt,casilleros,53,8496.15,5375.17,3120.98,26563.52,26563.52,25686.45,877.07,877.07,1,-0.0
2020,164355,1391797958001,PRODUMAN ECUADOR CIA. LTDA.,A0311.01,A0311.01,Armadores / pesca marítima,MANTA,MANTA,ACTIVA,balances_2020_2.txt,casilleros,26,405539.6,404795.94,743.66,0.0,0.0,0.0,0.0,0.0,1,-0.0
2020,166157,1391800290001,COMERCIALIZADORA DE PRODUCTOS PESQUEROS S.A. COMPROPEZ,A0311.01,A0311.01,Armadores / pesca marítima,JARAMIJÓ,JARAMIJÓ,ACTIVA,balances_2020_2.txt,casilleros,92,591581.76,391480.12,200101.64,1250292.33,1250293.75,1192481.49,57812.26,36855.31,1,0.0
2020,166188,1391799713001,FRIGORIFICO Y LABORATORIO DE PESCA FRILABPESCA S.A.,A0311.01,A0311.01,Armadores / pesca marítima,MANTA,MANTA,ACTIVA,balances_2020_2.txt,casilleros,56,413152.19,361.54,412790.65,571835.53,571835.53,570762.71,1072.82,711.28,1,0.0
2020,166190,1391799748001,TECNICA DE LA MARICULTURA S.A. TECNIMARSA,A0311.01,A0311.01,Armadores / pesca marítima,MANTA,MANTA,ACTIVA,balances_2020_2.txt,casilleros,27,43709.75,24251.56,19458.19,0.0,0.0,0.0,0.0,0.0,1,0.0
2020,166486,1391800568001,ECUAOCEAN S.A.,A0311.01,A0311.01,Armadores / pesca marítima,MANTA,MANTA,ACTIVA,balances_2020_2.txt,casilleros,18,52845.45,0.0,52845.45,0.0,0.0,0.0,0.0,0.0,1,0.0
2020,166831,1391800517001,PRODUCTOS DEL REY S.A. PRODUCTREY,A0311.01,A0311.01,Armadores / pesca marítima,MANTA,MANTA,DISOLUCIÓN Y LIQUIDACIÓN OFICIO INSCRITA EN RM,balances_2020_3.txt,casilleros,37,3125179.98,2499225.06,625954.92,0.0,0.0,0.0,0.0,0.0,1,-0.0
2020,169235,1391803850001,MARPESCA ECUADOR S.A.,A0311.01,A0311.01,Armadores / pesca marítima,MONTECRISTI,MONTECRISTI,ACTIVA,balances_2020_2.txt,casilleros,63,27333.88,24749.35,2584.53,23750.0,26492.96,203523.32,-177030.36,-177505.36,1,0.0
2020,169323,1391804083001,PESDEMAR S.A.,A0311.01,A0311.01,Armadores / pesca marítima,MANTA,MANTA,ACTIVA,balances_2020_2.txt,casilleros,69,116726.84,48134.56,68592.28,467468.34,467468.34,450355.53,17112.81,8327.98,1,0.0
2020,170293,1391805381001,BRISATUN S.A.,A0311.01,A0311.01,Armadores / pesca marítima,MANTA,MANTA,DISOLUCIÓN Y LIQUIDACIÓN OFICIO INSCRITA EN RM,balances_2020_2.txt,casilleros,107,8980388.7,4525217.72,4455170.98,7049682.52,7242679.59,6956218.84,286460.75,82224.25,1,-0.0
2020,170806,1391806000001,FLOSERPESCA S.A.,C1020.02,C1020.02,Industria: elaboración y conservación de pescado,MANTA,MANTA,ACTIVA,balances_2020_2.txt,casilleros,74,170934.79,119401.68,51533.11,1052816.73,1052816.73,1032830.55,19986.18,9087.25,1,0.0
2020,171950,1391807651001,MONMIFISH S.A.,A0311.01,A0311.01,Armadores / pesca marítima,MANTA,MANTA,ACTIVA,balances_2020_2.txt,casilleros,82,804968.3,627531.38,177436.92,8664208.94,8664606.92,8639867.18,24739.74,24379.56,1,0.0
2020,172315,1391807627001,COMPAÑÍA AL MAR PESCA ALMARPEZ S.A.,A0311.01,A0311.01,Armadores / pesca marítima,MANTA,MANTA,ACTIVA,balances_2020_2.txt,casilleros,78,237761.89,220280.28,17481.61,116872.62,116872.62,110658.36,6214.26,2650.2,1,0.0
2020,172770,1391808143001,PRODUCTOS DEL MAR PROMARIT S.A.,C1020.07,C1020.07,Industria: elaboración y conservación de pescado,MANTA,MANTA,ACTIVA,balances_2020_2.txt,casilleros,17,800.0,0.0,800.0,0.0,0.0,0.0,0.0,0.0,1,0.0
2020,173162,1391808690001,CULTIVO DE PECES S.A. CULTIPESCA,C1020.07,C1020.07,Industria: elaboración y conservación de pescado,MANTA,MANTA,ACTIVA,balances_2020_2.txt,casilleros,50,28506.43,19276.98,9229.45,442000.0,442000.0,439903.4,2096.6,1635.35,1,0.0
2020,173324,1391809522001,V&BFISH S.A.,A0311.01,A0311.01,Armadores / pesca marítima,MANTA,MANTA,ACTIVA,balances_2020_2.txt,casilleros,69,458261.53,339708.68,118552.85,2086592.36,2086592.36,2067746.04,18846.32,14134.74,1,0.0
2020,173680,1391809336001,VERTIPEZ S.A.,A0311.01,A0311.01,Armadores / pesca marítima,MANTA,MANTA,DISOLUCIÓN Y LIQUIDACIÓN DE PLENO DERECHO INSC. RM,balances_2020_3.txt,casilleros,20,172029.39,0.0,172029.39,0.0,0.0,0.0,0.0,0.0,1,0.0
2020,176832,1391814968001,BLAUFISH CIA. LTDA.,A0311.01,A0311.01,Armadores / pesca marítima,MANTA,MANTA,ACTIVA,balances_2020_3.txt,casilleros,67,674356.75,385839.7,288517.05,686836.57,686836.57,668462.21,18374.36,12182.2,1,0.0
2020,176961,1391814992001,"NAMAFRU NATURAL, MARISCO Y FRUTAS S.A.S.",A0311.01,A0311.01,Armadores / pesca marítima,JARAMIJÓ,JARAMIJÓ,ACTIVA,balances_2020_2.txt,casilleros,17,12500.0,0.0,12500.0,0.0,0.0,0.0,0.0,0.0,1,0.0
2020,177304,1391815239001,EMPACADORA FRIPEZ S.A.,A0311.01,A0311.01,Armadores / pesca marítima,MANTA,MANTA,ACTIVA,balances_2020_1.txt,NIIF_jerarquico,81,395567.6,313613.0,81954.6,360022.0,360022.0,338067.11,21954.89,14556.09,1,-0.0
2020,178208,1391817371001,OCEAN KEY S.A. OCEANMANTA,A0311.01,A0311.01,Armadores / pesca marítima,MANTA,MANTA,ACTIVA,balances_2020_2.txt,casilleros,71,356733.17,342644.51,14088.66,1129565.47,1129565.47,1110419.43,19146.04,10985.04,1,-0.0
2020,179101,1391817320001,BOTE MIMORENITA4 S.A.,A0311.01,A0311.01,Armadores / pesca marítima,MANTA,MANTA,ACTIVA,balances_2020_2.txt,casilleros,17,2003.9,0.0,2003.9,0.0,0.0,0.0,0.0,0.0,1,0.0
2020,179519,1391817789001,CAMARONERA DEL PACIFICO S.A. PACIFCAM,A0311.01,A0311.01,Armadores / pesca marítima,MANTA,MANTA,ACTIVA,balances_2020_2.txt,casilleros,89,1114059.81,976233.69,137826.12,0.0,307422.19,286341.18,21081.01,13197.59,1,0.0
2020,180003,1391818343001,TUNA FISHING COMPANY ECUADOR TUFICOM C. LTDA.,A0311.01,A0311.01,Armadores / pesca marítima,MANTA,MANTA,DISOLUCIÓN Y LIQUIDACIÓN OFICIO INSCRITA EN RM,balances_2020_2.txt,casilleros,17,400.0,0.0,400.0,0.0,0.0,0.0,0.0,0.0,1,0.0
2020,180892,1391819129001,CONSERVERATROPICAL CIA. LTDA.,C1020.02,C1020.02,Industria: elaboración y conservación de pescado,MANTA,MANTA,ACTIVA,balances_2020_2.txt,casilleros,24,54087.37,30701.17,23386.2,0.0,0.0,0.0,0.0,0.0,1,0.0
2020,18528,1790943178001,PRODUCTOS DEL MAR Y SABORES NACIONALES PROMARSAN CIA. LTDA.,C1020.04,C1020.04,Industria: elaboración y conservación de pescado,JARAMIJÓ,JARAMIJÓ,ACTIVA,balances_2020_2.txt,casilleros,135,3282012.47,2566720.5,715291.97,6048438.47,6048438.47,5816324.05,232114.42,16826.55,1,0.0
2020,19582,1390073891001,TRANSMARINA CA,A0311.03,A0311.03,Armadores / pesca marítima,MONTECRISTI,MONTECRISTI,ACTIVA,balances_2020_3.txt,casilleros,158,52254105.16,35838162.13,16415943.03,0.0,42675223.91,46387321.07,-3712097.16,-3712097.15,1,-0.0
2020,205129,1391765770001,EMPACADORA MADEZA S.A.,C1020.02,C1020.02,Industria: elaboración y conservación de pescado,MANTA,MANTA,ACTIVA,balances_2020_3.txt,casilleros,80,251748.83,126942.1,124806.73,1434710.1,1434710.1,1421887.9,12822.2,8501.12,1,-0.0
2020,205167,1391766793001,POLARISPESCA S.A.,A0311.01,A0311.01,Armadores / pesca marítima,MANTA,MANTA,ACTIVA,balances_2020_2.txt,casilleros,113,4415349.82,3212511.89,1202837.93,3155838.1,3474336.71,3414592.37,59744.34,14457.6,1,0.0
2020,205205,1391767943001,ALHO FISH S.A.,A0311.01,A0311.01,Armadores / pesca marítima,MANTA,MANTA,ACTIVA,balances_2020_2.txt,casilleros,38,80800.0,0.0,80800.0,10.0,10.0,0.0,10.0,0.0,1,0.0
2020,205233,1391768567001,TXOPITUNA ECUADOR CIA. LTDA.,A0311.03,A0311.03,Armadores / pesca marítima,MANTA,MANTA,ACTIVA,balances_2020_2.txt,casilleros,131,2917824.4,1360187.5,1557636.9,651584.47,746706.61,782228.78,-35522.17,-35522.17,1,0.0
2020,25440,0990555761001,PESDEL S.A.,A0311.01,A0311.01,Armadores / pesca marítima,JARAMIJÓ,JARAMIJÓ,ACTIVA,balances_2020_3.txt,casilleros,176,55513950.4,25790000.7,29723949.7,13520268.7,13628366.2,13271611.9,356754.28,142407.32,1,0.0
2020,301126,1391824483001,INDUSTRIA NH SIMILA NHSIMIL CIA.LTDA.,C1020.06,C1020.06,Industria: elaboración y conservación de pescado,MANTA,MANTA,ACTIVA,balances_2020_2.txt,casilleros,37,116941.73,12594.66,104347.07,0.0,0.0,3794.66,-3794.66,-3794.66,1,-0.0
2020,301695,1391827113001,TIANXINGS S.A.,A0311.01,A0311.01,Armadores / pesca marítima,MANTA,MANTA,ACTIVA,balances_2020_1.txt,NIIF_jerarquico,60,935881.07,931274.62,4606.45,209883.24,329766.48,209161.59,721.65,263.23,1,-0.0
2020,302954,1391832915001,PESQUERA EDUALPA S.A.,A0311.03,A0311.03,Armadores / pesca marítima,MANTA,MANTA,DISOLUCIÓN Y LIQUIDACIÓN DE PLENO DERECHO INSC. RM,balances_2020_2.txt,casilleros,92,308591.84,400393.06,-91801.22,319022.76,709131.78,552694.74,156437.04,114947.23,1,0.0
2020,303395,1391834918001,EXPORTADORA DE PRODUCTOS DEL MAR FRESCO Y CONGELADO EXPROFRESCO S.A.,A0311.03,A0311.03,Armadores / pesca marítima,MANTA,MANTA,DISOLUCIÓN Y LIQUIDACIÓN OFICIO INSCRITA EN RM,balances_2020_2.txt,casilleros,17,800.0,0.0,800.0,0.0,0.0,0.0,0.0,0.0,1,0.0
2020,303460,1391835043001,INDUSTRIA ATUNERA ARRECIFES-MARINOS S.A.,C1020.04,C1020.04,Industria: elaboración y conservación de pescado,MANTA,MANTA,DISOLUCIÓN Y LIQUIDACIÓN OFICIO INSCRITA EN RM,balances_2020_3.txt,casilleros,24,0.0,0.0,0.0,0.0,0.0,1210.0,-1210.0,0.0,1,0.0
2020,304446,1391838689001,PESCA DEL OCÉANO PESCAOCEAN S.A.,A0311.01,A0311.01,Armadores / pesca marítima,MANTA,MANTA,DISOLUCIÓN Y LIQUIDACIÓN OFICIO INSCRITA EN RM,balances_2020_2.txt,casilleros,31,2228325.28,1002530.72,1225794.56,0.0,0.0,0.0,0.0,0.0,1,-0.0
2020,305275,1391843976001,XLPESCA S.A.,A0311.01,A0311.01,Armadores / pesca marítima,MANTA,MANTA,INACTIVA,balances_2020_2.txt,casilleros,18,800.0,0.0,800.0,0.0,0.0,0.0,0.0,0.0,1,0.0
2020,306408,1391850859001,SEA&LAND COMERCIO E INVERSIONES MARINAS S.A.,A0311.01,A0311.01,Armadores / pesca marítima,MANTA,MANTA,ACTIVA,balances_2020_2.txt,casilleros,17,400.0,0.0,400.0,0.0,0.0,0.0,0.0,0.0,1,0.0
2020,306409,1391850867001,WORLD FISH AND SEAFOOD PROCESADORA Y COMERCIALIZADORA ''WORLDFISH'' COMPAÑIA ANÓNIMA,A0311.01,A0311.01,Armadores / pesca marítima,MANTA,MANTA,ACTIVA,balances_2020_2.txt,casilleros,70,1703801.62,221961.23,1481840.39,124379.39,124379.39,75347.2,49032.19,37758.38,1,0.0
2020,306489,1391851138001,LOGISTIC CONTAINER & TRANSPORT ECUADOR IMPORTADORA Y EXPORTADORA LCTE S.A.,A0311.01,A0311.01,Armadores / pesca marítima,MANTA,MANTA,ACTIVA,balances_2020_2.txt,casilleros,103,1243707.82,919618.14,324089.68,4704483.59,4704527.44,4414297.68,290229.76,246695.3,1,0.0
2020,307031,1391853777001,EMPACADORA DE PRODUCTOS DEL MAR ZAMBRANO & MACIAS RODAVICMAR S.A.,C1020.02,C1020.02,Industria: elaboración y conservación de pescado,MANTA,MANTA,ACTIVA,balances_2020_3.txt,casilleros,26,0.0,0.0,0.0,10000.0,10000.0,14336.53,-4336.53,0.0,1,0.0
2020,307043,1391853971001,PESQUERA Y FRIGORIFICOS POSLIGUA PYFP PESFRI CIA.LTDA.,A0311.01,A0311.01,Armadores / pesca marítima,JARAMIJÓ,JARAMIJÓ,ACTIVA,balances_2020_3.txt,casilleros,38,800.0,0.0,800.0,28737.5,28737.5,46467.08,-17729.58,0.0,1,0.0
2020,307087,1391854137001,EMPACADORA MKF MARK FISH S.A.,C1020.04,C1020.04,Industria: elaboración y conservación de pescado,MANTA,MANTA,ACTIVA,balances_2020_2.txt,casilleros,11,0.0,0.0,0.0,0.0,0.0,0.0,0.0,0.0,1,0.0
2020,307175,1391854676001,COVE PROMAR COMPRA Y VENTA DE PRODUCTOS DEL MAR COVEPROMAR S.A.,A0311.01,A0311.01,Armadores / pesca marítima,MANTA,MANTA,DISOLUCIÓN Y LIQUIDACIÓN OFICIO INSCRITA EN RM,balances_2020_2.txt,casilleros,92,762967.44,520690.36,242277.08,2146211.28,2146211.28,2027227.45,118983.83,74687.82,1,-0.0
2020,307815,1391857233001,PESCAPECES S.A.,A0311.01,A0311.01,Armadores / pesca marítima,MANTA,MANTA,DISOLUCIÓN Y LIQUIDACIÓN OFICIO INSCRITA EN RM,balances_2020_2.txt,casilleros,105,14542196.4,10919728.1,3622468.29,8285836.35,8389297.55,7678937.45,710360.1,710360.1,1,0.01
2020,308161,1391859139001,BARAKA SA EMPRESA DE COMERCIALIZACION EXPORTACIONES E IMPORTACIONES DE PESCA BARAKAFISHCORP S.A.,A0311.01,A0311.01,Armadores / pesca marítima,MANTA,MANTA,DISOLUCIÓN Y LIQUIDACIÓN OFICIO INSCRITA EN RM,balances_2020_2.txt,casilleros,17,800.0,0.0,800.0,0.0,0.0,0.0,0.0,0.0,1,0.0
2020,308992,1391865147001,COMERCIALIZADORA Y TRANSPORTE RASAMFISH COM&TRANS RASAMFISH RASAMFISH COMPAÑIA DE RESPONSABILIDAD LIMITADA,C1020.02,C1020.02,Industria: elaboración y conservación de pescado,MANTA,MANTA,ACTIVA,balances_2020_2.txt,casilleros,17,800.0,0.0,800.0,0.0,0.0,0.0,0.0,0.0,1,0.0
2020,309035,1391865376001,DISTRIBUIDORA PROCESADORA DE PESCA DISPROPESCA S.A.,A0311.01,A0311.01,Armadores / pesca marítima,MANTA,MANTA,ACTIVA,balances_2020_2.txt,casilleros,81,206506.48,101303.14,105203.34,827671.27,827671.27,773046.06,54625.21,34823.58,1,0.0
2020,309585,1391868618001,SOLORZANO & AVILA EXPORTADORA DEL MAR EVVERFISH S.A.,A0311.01,A0311.01,Armadores / pesca marítima,MANTA,MANTA,ACTIVA,balances_2020_2.txt,casilleros,55,45100.0,15430.0,29670.0,952339.0,952339.0,946187.51,6151.49,0.0,1,0.0
2020,311172,1391876327001,CORPORACION VJX S.A.,C1020.02,C1020.02,Industria: elaboración y conservación de pescado,MANTA,MANTA,ACTIVA,balances_2020_2.txt,casilleros,22,1030.36,200.15,830.21,0.0,0.0,0.0,0.0,0.0,1,-0.0
2020,311358,1391877293001,TUNA QUEEN TUQUEEN S.A.,A0311.03,A0311.03,Armadores / pesca marítima,MANTA,MANTA,ACTIVA,balances_2020_1.txt,NIIF_jerarquico,7,800.0,0.0,800.0,0.0,0.0,0.0,0.0,0.0,1,0.0
2020,311606,1391878605001,YESMAR S.A.,A0311.01,A0311.01,Armadores / pesca marítima,JARAMIJÓ,JARAMIJÓ,ACTIVA,balances_2020_2.txt,casilleros,17,900.0,0.0,900.0,0.0,0.0,0.0,0.0,0.0,1,0.0
2020,312950,1391897529001,BLUE-TRADING S.A.,A0311.01,A0311.01,Armadores / pesca marítima,MANTA,MANTA,ACTIVA,balances_2020_2.txt,casilleros,51,12792.33,11629.94,1162.39,12113.13,12113.13,11544.67,568.46,362.39,1,-0.0
2020,313585,1391900767001,GIGAPESCA CIA.LTDA.,A0311.01,A0311.01,Armadores / pesca marítima,MANTA,MANTA,ACTIVA,balances_2020_2.txt,casilleros,17,400.0,0.0,400.0,0.0,0.0,0.0,0.0,0.0,1,0.0
2020,314426,1391904029001,SUR TUNA SURTUNA S.A.,A0311.01,A0311.01,Armadores / pesca marítima,MANTA,MANTA,ACTIVA,balances_2020_2.txt,casilleros,99,8794385.64,7826964.31,967421.33,5340355.09,5346928.44,5228086.08,118842.36,101016.01,1,0.0
2020,315116,1391906439001,SANPRODUCMAR S.A.,A0311.01,A0311.01,Armadores / pesca marítima,MANTA,MANTA,DISOLUCIÓN Y LIQUIDACIÓN OFICIO INSCRITA EN RM,balances_2020_2.txt,casilleros,55,130155.29,16854.09,113301.2,242826.72,242826.72,230325.52,12501.2,12501.2,1,0.0
2020,315542,1391907893001,PESCA INDUSTRIALIZACION Y EXPORTACION PESINEX S.A.,A0311.01,A0311.01,Armadores / pesca marítima,MANTA,MANTA,ACTIVA,balances_2020_2.txt,casilleros,24,800.0,0.0,800.0,1.0,1.0,1.0,0.0,0.0,1,0.0
2020,315660,1391908326001,INDUSTRIA BIOACUATICA DEL PACIFICO SA IBP S.A.,C1020.06,C1020.06,Industria: elaboración y conservación de pescado,MANTA,MANTA,ACTIVA,balances_2020_2.txt,casilleros,88,322696.46,305357.94,17338.52,973571.78,973571.78,963343.23,10228.55,10228.55,1,0.0
2020,34175,1390141692001,EMPACADORA BILBO S.A. BILBOSA,C1020.01,C1020.01,Industria: elaboración y conservación de pescado,MANTA,MANTA,ACTIVA,balances_2020_2.txt,casilleros,194,30511281.3,18868529.4,11642751.9,34364422.0,34497938.0,33734946.8,762991.26,403039.92,1,0.0
2020,34292,1390144039001,PESCADO FRESCO DE EXPORTACION PEFREXPORT S.A.,C1020.04,C1020.04,Industria: elaboración y conservación de pescado,MANTA,MANTA,ACTIVA,balances_2020_3.txt,casilleros,52,1776123.51,237568.5,1538555.01,0.0,0.0,43179.99,-43179.99,-98764.21,1,0.0
2020,34328,1390145493001,FISHCORP S.A.,A0311.01,A0311.01,Armadores / pesca marítima,JARAMIJÓ,JARAMIJÓ,ACTIVA,balances_2020_3.txt,casilleros,116,23238778.4,15201474.9,8037303.43,24076604.8,24681373.2,24693575.9,-12202.77,-12202.77,1,0.07
2020,34346,1390145957001,PESQUERA PERALTA SOCIEDAD ANONIMA PESPERALTA,A0311.01,A0311.01,Armadores / pesca marítima,MANTA,MANTA,ACTIVA,balances_2020_2.txt,casilleros,37,13247.18,1272.13,11975.05,0.0,0.0,19767.45,-19767.45,-19767.45,1,0.0
2020,34388,1390147186001,MARBELIZE S.A.,C1020.04,C1020.04,Industria: elaboración y conservación de pescado,JARAMIJÓ,JARAMIJÓ,ACTIVA,balances_2020_2.txt,casilleros,210,76545111.7,64330479.2,12214632.5,95249151.2,95812715.6,95727351.0,85364.58,260931.39,1,0.0
2020,34420,1390148212001,MANABITA DE COMERCIO S.A. MANCORSACOM,C1020.04,C1020.04,Industria: elaboración y conservación de pescado,JARAMIJÓ,JARAMIJÓ,ACTIVA,balances_2020_2.txt,casilleros,164,7582832.31,1288702.13,6294130.18,10940273.8,10983888.8,9486989.43,1496899.36,999739.16,1,0.0
2020,34442,1390149154001,SHELLFISH S.A.,A0311.01,A0311.01,Armadores / pesca marítima,MANTA,MANTA,ACTIVA,balances_2020_2.txt,casilleros,93,1251443.92,732942.42,518501.5,1895163.8,1901454.85,1899786.38,1668.47,1276.38,1,-0.0
2020,34449,1390149219001,EUROFISH S.A.,C1020.04,C1020.04,Industria: elaboración y conservación de pescado,MONTECRISTI,MONTECRISTI,ACTIVA,balances_2020_1.txt,NIIF_jerarquico,172,127872187.0,61770239.42,66101947.58,161107945.35,161107945.35,152292332.58,16110584.86,11433625.02,1,0.0
2020,34453,1390149316001,MADEPACIF S.A.,C1020.02,C1020.02,Industria: elaboración y conservación de pescado,MANTA,MANTA,DISOLUCIÓN Y LIQUIDACIÓN OFICIO INSCRITA EN RM,balances_2020_3.txt,casilleros,64,39571.89,28362.1,11209.79,300562.66,300562.66,295381.97,5180.69,3885.51,1,0.0
2020,34521,1391700776001,TECNICA Y COMERCIO DE LA PESCA C.A. TECOPESCA,A0311.01,A0311.01,Armadores / pesca marítima,JARAMIJÓ,JARAMIJÓ,ACTIVA,balances_2020_3.txt,casilleros,220,126465047.0,75106795.2,51358251.9,133755983.0,135404377.0,132803447.0,2600930.05,1182340.6,1,-0.1
2020,34525,1391700830001,"MANACRIPEX CIA. LTDA. MANABITA DE CRIA , PESCA Y EXPORTACION",A0311.03,A0311.03,Armadores / pesca marítima,JARAMIJÓ,JARAMIJÓ,ACTIVA,balances_2020_2.txt,casilleros,159,9469487.88,3658072.21,5811415.67,4567517.75,4655777.04,4466369.38,189407.66,103551.71,1,0.0
2020,34611,1391709765001,PESQUERA UGAVI S.A.,A0311.03,A0311.03,Armadores / pesca marítima,MANTA,MANTA,ACTIVA,balances_2020_2.txt,casilleros,158,56701823.3,36694452.1,20007371.3,21270197.9,21389314.4,20027190.4,1362123.96,643917.74,1,-0.1
2020,34614,1391701926001,INDUSTRIA ATUNERA S.A. INDUATUN,A0311.01,A0311.01,Armadores / pesca marítima,MANTA,MANTA,ACTIVA,balances_2020_3.txt,casilleros,107,16595297.47,8354113.64,8241183.83,3078886.72,3078886.72,4368215.32,-1289328.6,-1289328.6,1,0.0
2020,34630,1391702094001,DIAZ VASQUEZ DIVA S.A.,A0311.01,A0311.01,Armadores / pesca marítima,MANTA,MANTA,ACTIVA,balances_2020_2.txt,casilleros,17,800.0,0.0,800.0,0.0,0.0,0.0,0.0,0.0,1,0.0
2020,34725,1391726740001,INMOTUNA S.A.,A0311.01,A0311.01,Armadores / pesca marítima,MANTA,MANTA,ACTIVA,balances_2020_2.txt,casilleros,45,494414.33,207709.24,286705.09,0.0,0.0,1281.56,-1281.56,-961.17,1,0.0
2020,34727,1391716702001,MEGAOCEAN S.A,A0311.01,A0311.01,Armadores / pesca marítima,MANTA,MANTA,ACTIVA,balances_2020_2.txt,casilleros,124,5910056.91,3999276.8,1910780.11,2038678.5,2039878.58,1944427.02,95451.56,57065.35,1,0.0
2020,34759,1391717474001,PROVIPACIF S.A,A0311.01,A0311.01,Armadores / pesca marítima,MANTA,MANTA,ACTIVA,balances_2020_2.txt,casilleros,87,9094557.07,1522412.86,7572144.21,100000.0,100000.0,77555.56,22444.44,17077.77,1,0.0
2020,34863,1391722486001,UNIOCEAN S.A.,A0311.03,A0311.03,Armadores / pesca marítima,MANTA,MANTA,ACTIVA,balances_2020_2.txt,casilleros,148,33380169.7,19941434.4,13438735.4,14560749.1,15158613.1,14387981.6,770631.52,283710.62,1,-0.1
2020,34903,1391723318001,OCEANFISH S.A.,A0311.01,A0311.01,Armadores / pesca marítima,MANTA,MANTA,ACTIVA,balances_2020_3.txt,casilleros,131,18933170.87,12044754.48,6888416.39,0.0,9787762.3,10354401.71,-566639.41,-566539.41,1,0.0
2020,34919,1391724500001,PESCIMERA S.A,A0311.01,A0311.01,Armadores / pesca marítima,MANTA,MANTA,ACTIVA,balances_2020_2.txt,casilleros,114,6507985.33,2054434.76,4453550.57,2526698.3,2530481.69,2570402.81,-39921.12,-99120.95,1,0.0
2020,34948,1391724837001,PRODUCTOS PESQUEROS S.A. PRODUPES,C1020.06,C1020.06,Industria: elaboración y conservación de pescado,MONTECRISTI,MONTECRISTI,ACTIVA,balances_2020_2.txt,casilleros,139,12249025.4,3970242.62,8278782.8,21424521.0,21505779.7,20676270.4,829509.24,414525.67,1,-0.02
2020,34958,1391725426001,CARIBBEAN ATLANTIC CARTLANT S.A.,A0311.01,A0311.01,Armadores / pesca marítima,MANTA,MANTA,ACTIVA,balances_2020_1.txt,NIIF_jerarquico,8,800.0,0.0,800.0,0.0,0.0,0.0,0.0,0.0,1,0.0
2020,35171,1390140319001,"FRIGORIFICO Y LABORATORIO SAN MATEO, FRIGOLAB SAN MATEO CIA. LTDA.",A0311.01,A0311.01,Armadores / pesca marítima,JARAMIJÓ,JARAMIJÓ,ACTIVA,balances_2020_2.txt,casilleros,181,21086060.5,11780524.5,9305535.98,27348646.8,27500240.8,27181946.9,318293.97,151771.49,1,0.02
2020,35254,1390143024001,PES NUNEZ SANTANA PESNUSAN CIA. LTDA.,C1020.02,C1020.02,Industria: elaboración y conservación de pescado,MONTECRISTI,MONTECRISTI,ACTIVA,balances_2020_2.txt,casilleros,116,782634.53,632589.71,150044.82,1471109.7,1471190.25,1529588.36,-58398.11,-58398.11,1,0.0
2020,35294,1390144861001,MAREROCE EXPORT IMPORT CIA. LTDA.,C1020.01,C1020.01,Industria: elaboración y conservación de pescado,JARAMIJÓ,JARAMIJÓ,ACTIVA,balances_2020_2.txt,casilleros,94,4256047.85,2907475.21,1348572.64,8653189.66,8653189.66,8389543.25,263646.41,174797.57,1,-0.0
2020,35359,1390148034001,PESQUERA CHOPITEA CIA. LTDA.,A0311.01,A0311.01,Armadores / pesca marítima,MANTA,MANTA,ACTIVA,balances_2020_2.txt,casilleros,93,754192.13,389100.54,365091.59,25350.0,25350.14,55876.19,-30526.05,-30975.05,1,0.0
2020,35364,1390148433001,ALIMENTOS INTEGRADOS ALINTEGRA CIA. LTDA.,C1020.05,C1020.05,Industria: elaboración y conservación de pescado,MANTA,MANTA,ACTIVA,balances_2020_2.txt,casilleros,39,58839.07,23133.13,35705.94,0.0,0.0,5417.09,-5417.09,-5417.09,1,0.0
2020,35420,1391700938001,MANATUN CIA. LTDA.,A0311.01,A0311.01,Armadores / pesca marítima,MANTA,MANTA,DISOLUCIÓN Y LIQUIDACIÓN OFICIO INSCRITA EN RM,balances_2020_1.txt,NIIF_jerarquico,23,33813.62,328.51,33485.11,0.0,0.0,0.0,0.0,0.0,1,0.0
2020,35688,1391729391001,PESQUERA BETH EEL S.A.,A0311.01,A0311.01,Armadores / pesca marítima,MONTECRISTI,MONTECRISTI,ACTIVA,balances_2020_2.txt,casilleros,86,458655.93,342687.75,115968.18,1015137.62,1016065.62,1005250.94,10814.68,6487.37,1,0.0
2020,35759,1391731388001,ARMAPAC S.A.,C1020.02,C1020.02,Industria: elaboración y conservación de pescado,MANTA,MANTA,DISOLUCIÓN Y LIQUIDACIÓN OFICIO INSCRITA EN RM,balances_2020_3.txt,casilleros,81,251207.17,130728.96,120478.21,18085.56,18086.65,83675.85,-65589.2,-65821.61,1,0.0
2020,35766,1391732872001,FRIGORIFICO Y CONSERVERA DE LA PESCA FRICOPES S.A.,A0311.01,A0311.01,Armadores / pesca marítima,MANTA,MANTA,ACTIVA,balances_2020_2.txt,casilleros,105,1928191.68,251660.35,1676531.33,3471538.59,3471538.59,3163336.0,308202.59,183482.91,1,-0.0
2020,35826,1391732813001,FISHMAR S.A.,A0311.01,A0311.01,Armadores / pesca marítima,MANTA,MANTA,ACTIVA,balances_2020_2.txt,casilleros,117,3929277.69,261102.77,3668174.92,1489927.32,1605832.74,965215.21,640617.53,0.0,1,0.0
2020,35888,1391734271001,USAFISH S.A.,C1020.02,C1020.02,Industria: elaboración y conservación de pescado,MANTA,MANTA,ACTIVA,balances_2020_2.txt,casilleros,119,10171469.2,5413732.09,4757737.14,17407381.3,17428431.2,16399823.6,1028607.56,874316.43,1,-0.03
2020,35973,1391736452001,B&B TUNE_SUPPLIERS S.A.,A0311.01,A0311.01,Armadores / pesca marítima,MANTA,MANTA,ACTIVA,balances_2020_2.txt,casilleros,162,15687015.0,8723364.26,6963650.74,9621017.5,10357171.7,10030901.1,326270.59,118501.87,1,0.0
2020,369,1790034305001,SEAFMAN SOCIEDAD ECUATORIANA DE ALIMENTOS Y FRIGORIFICOS MANTA C.A.,C1020.02,C1020.02,Industria: elaboración y conservación de pescado,MANTA,MANTA,ACTIVA,balances_2020_2.txt,casilleros,185,65835057.9,47259290.7,18575767.2,126427168.0,126667686.0,128858737.0,-2191051.2,-2259057.57,1,-0.0
2020,39949,1391773439001,PESCAEXITO CIA. LTDA.,A0311.01,A0311.01,Armadores / pesca marítima,MANTA,MANTA,ACTIVA,balances_2020_3.txt,casilleros,18,0.01,0.01,0.0,0.0,0.0,0.0,0.0,0.0,1,0.0
2020,61759,1391775903001,CONSULTORES INDUSTRIALES Y PRODUCTOS DEL MAR S.A. CIPROMAR,A0311.01,A0311.01,Armadores / pesca marítima,MANTA,MANTA,ACTIVA,balances_2020_2.txt,casilleros,95,406242.89,210377.25,195865.64,4966546.78,4966546.78,4859448.24,107098.54,91033.76,1,0.0
2020,62647,1391776683001,FRANCHI FISH S.A.,A0311.01,A0311.01,Armadores / pesca marítima,MANTA,MANTA,ACTIVA,balances_2020_2.txt,casilleros,94,183125.7,125796.57,57329.13,931464.2,931464.2,1043994.33,-112530.13,-112530.13,1,0.0
2020,63129,1391777434001,MUNDOTRADE S.A.,A0311.01,A0311.01,Armadores / pesca marítima,MANTA,MANTA,DISOLUCIÓN Y LIQUIDACIÓN OFICIO INSCRITA EN RM,balances_2020_2.txt,casilleros,28,90272.88,79082.62,11190.26,0.0,0.0,0.0,0.0,0.0,1,0.0
2020,636,1390005713001,INDUSTRIA ECUATORIANA PRODUCTORA DE ALIMENTOS CA INEPACA,C1020.02,C1020.02,Industria: elaboración y conservación de pescado,MANTA,MANTA,ACTIVA,balances_2020_2.txt,casilleros,148,60378163.8,13527911.4,46850252.4,68785208.2,71175617.2,63329297.3,7846319.95,4901711.52,1,0.0
2020,63945,1391778732001,INTERNACIONAL SEAFOOD FOODINTER S.A.,C1020.03,C1020.03,Industria: elaboración y conservación de pescado,MANTA,MANTA,DISOLUCIÓN Y LIQUIDACIÓN OFICIO NO INSCRITA EN RM,balances_2020_1.txt,NIIF_jerarquico,19,752.44,21332.93,-20580.49,0.0,0.0,0.0,0.0,0.0,1,0.0
2020,64976,1391779801001,EMPACADORA ALKRISTO DEL MAR S.A. EMPALMAR,A0311.01,A0311.01,Armadores / pesca marítima,MANTA,MANTA,ACTIVA,balances_2020_2.txt,casilleros,96,2293143.48,1344106.58,949036.9,3371440.47,3387355.07,3355851.27,31503.8,26778.23,1,-0.0
2020,700234,1391824416001,GOODMARCOM S.A.,A0311.03,A0311.03,Armadores / pesca marítima,JARAMIJÓ,JARAMIJÓ,ACTIVA,balances_2020_2.txt,casilleros,122,6583170.24,5820183.41,762986.83,8630700.8,8644069.73,8086062.36,558007.37,558007.37,1,0.0
2020,702387,1391825676001,CORPORACION FRANK REVELO. EXPORTACION - IMPORTACION - PESQUERA AGRICOLA. EXPORMANTA S.A.,A0311.01,A0311.01,Armadores / pesca marítima,MANTA,MANTA,ACTIVA,balances_2020_2.txt,casilleros,11,0.0,0.0,0.0,0.0,0.0,0.0,0.0,0.0,1,0.0
2020,7027,1390050352001,CONSERVAS ISABEL ECUATORIANA S.A.,C1020.02,C1020.02,Industria: elaboración y conservación de pescado,MANTA,MANTA,ACTIVA,balances_2020_2.txt,casilleros,203,92766279.6,36572355.3,56193924.2,159815053.0,161097123.0,146433338.0,14663785.4,9251919.69,1,0.1
2020,703246,1391827598001,COMERCIALIZADORA DEL MAR PEZ&PEZ S.A.,A0311.01,A0311.01,Armadores / pesca marítima,MANTA,MANTA,ACTIVA,balances_2020_2.txt,casilleros,98,2015619.69,952436.24,1063183.45,2899528.92,2899644.61,2869171.63,30472.98,30472.98,1,0.0
2020,703855,1391829469001,NAVIERA ECUATORIANA PICHINCHA NAVIP S.A.,A0311.03,A0311.03,Armadores / pesca marítima,MANTA,MANTA,ACTIVA,balances_2020_3.txt,casilleros,44,622075.0,330.01,621744.99,0.0,4659.97,34375.0,-29715.03,-29715.03,1,0.0
2020,703858,1391829493001,PRODUCTORA NACIONAL ATUNERA ECUATORIANA PROATUNA S.A.,A0311.03,A0311.03,Armadores / pesca marítima,MANTA,MANTA,DISOLUCIÓN Y LIQUIDACIÓN OFICIO NO INSCRITA EN RM,balances_2020_3.txt,casilleros,17,100.0,0.0,100.0,0.0,0.0,0.0,0.0,0.0,1,0.0
2020,703862,1391829434001,NAVIERA ECUATORIANA DAULE NAECUDAL S.A.,A0311.03,A0311.03,Armadores / pesca marítima,MANTA,MANTA,DISOLUCIÓN Y LIQUIDACIÓN OFICIO INSCRITA EN RM,balances_2020_3.txt,casilleros,42,602379.55,120.48,602259.07,0.0,1479.52,34981.65,-33502.13,-33502.13,1,0.0
2020,704035,1391829426001,INDUSTRIAS CIBIS SANUS INDUCIBIS S.A.,C1020.02,C1020.02,Industria: elaboración y conservación de pescado,MANTA,MANTA,ACTIVA,balances_2020_2.txt,casilleros,17,800.0,0.0,800.0,0.0,0.0,0.0,0.0,0.0,1,0.0
2020,704360,1391830068001,PESQUERA TUNAQUICK S.A.,A0311.01,A0311.01,Armadores / pesca marítima,MONTECRISTI,MONTECRISTI,ACTIVA,balances_2020_3.txt,casilleros,70,7605229.3,7325751.11,279478.19,0.0,5157182.79,5115799.17,41383.62,41383.65,1,-0.0
2020,704997,1391831846001,COMERCIALIZADORA HERNAN CHICA IMEXTUNACONP S.A.,A0311.01,A0311.01,Armadores / pesca marítima,MANTA,MANTA,ACTIVA,balances_2020_2.txt,casilleros,100,1553411.46,1457426.81,95984.65,6274794.92,6275120.76,6207282.81,67837.95,3771.02,1,-0.0
2020,707762,1391837135001,CONSERVAS DEL MAR MARCONSERVA S.A.,A0311.01,A0311.01,Armadores / pesca marítima,JARAMIJÓ,JARAMIJÓ,DISOLUCIÓN Y LIQUIDACIÓN OFICIO NO INSCRITA EN RM,balances_2020_2.txt,casilleros,46,2005174.45,993163.19,1012011.26,0.0,0.0,18684.61,-18684.61,-18684.61,1,0.0
2020,708436,1391840241001,PESQUERA DEL SUR PESQUESURSA S.A.,A0311.03,A0311.03,Armadores / pesca marítima,MONTECRISTI,MONTECRISTI,ACTIVA,balances_2020_2.txt,casilleros,92,1163238.32,888599.32,274639.0,1897059.8,1897059.8,1629732.13,267327.67,202757.59,1,0.0
2020,708841,1391841981001,FISHINGDEGFER S.A.,A0311.01,A0311.01,Armadores / pesca marítima,MANTA,MANTA,ACTIVA,balances_2020_2.txt,casilleros,25,4244.49,3629.22,615.27,0.0,0.0,0.0,0.0,0.0,1,0.0
2020,708842,1391841124001,EXPORTADORA PACIFICO EXPORTPACIFIC S.A.,C1020.02,C1020.02,Industria: elaboración y conservación de pescado,MANTA,MANTA,ACTIVA,balances_2020_2.txt,casilleros,17,1000.0,0.0,1000.0,0.0,0.0,0.0,0.0,0.0,1,0.0
2020,709051,1391841485001,ESPADEROS-PACIFICO S.A.,A0311.01,A0311.01,Armadores / pesca marítima,MANTA,MANTA,ACTIVA,balances_2020_2.txt,casilleros,39,1003468.16,916201.98,87266.18,0.0,0.0,4167.48,-4167.48,-4167.48,1,0.0
2020,709326,1391842309001,SULLIVAN BAY PESCA SBP-ECUADOR S.A.,A0311.01,A0311.01,Armadores / pesca marítima,MANTA,MANTA,ACTIVA,balances_2020_3.txt,casilleros,17,800.0,0.0,800.0,0.0,0.0,0.0,0.0,0.0,1,0.0
2020,709774,1391844174001,ATLANTIS EC COMERCIALIZACION DE PESCADO FRESCO Y CONGELADO COMERFRESCON COMPAÑIA DE RESPONSABILIDAD LIMITADA,A0311.01,A0311.01,Armadores / pesca marítima,MANTA,MANTA,ACTIVA,balances_2020_3.txt,casilleros,41,2510.62,2908.33,397.71,0.0,14875.82,15921.56,-1045.74,-1330.54,1,-795.42
2020,709840,1391846339001,PESQUERA ALZAMFISH S.A.,A0311.01,A0311.01,Armadores / pesca marítima,MANTA,MANTA,DISOLUCIÓN Y LIQUIDACIÓN DE PLENO DERECHO INSC. RM,balances_2020_1.txt,NIIF_jerarquico,7,15000.0,0.0,15000.0,0.0,0.0,0.0,0.0,0.0,1,0.0
2020,709973,1391845960001,FRESCOPES S.A.,A0311.01,A0311.01,Armadores / pesca marítima,MANTA,MANTA,ACTIVA,balances_2020_2.txt,casilleros,17,800.0,0.0,800.0,0.0,0.0,0.0,0.0,0.0,1,0.0
2020,710004,1391846185001,COMERCIALIZADORA SERVICIOS LOGÍSTICOS OPERFRESH S.A.,A0311.01,A0311.01,Armadores / pesca marítima,MANTA,MANTA,DISOLUCIÓN Y LIQUIDACIÓN OFICIO INSCRITA EN RM,balances_2020_2.txt,casilleros,23,4347.63,3126.07,1221.56,0.0,0.0,0.0,0.0,0.0,1,0.0
2020,711302,1391850336001,PROCONMAN S.A.,A0311.01,A0311.01,Armadores / pesca marítima,MANTA,MANTA,ACTIVA,balances_2020_2.txt,casilleros,40,186646.16,69834.12,116812.04,0.0,0.0,0.0,0.0,19162.59,1,0.0
2020,713870,1391858973001,PISCANTUR S.A.,A0311.03,A0311.03,Armadores / pesca marítima,JARAMIJÓ,JARAMIJÓ,ACTIVA,balances_2020_2.txt,casilleros,124,12138145.2,10666026.9,1472118.25,4140306.2,4153906.33,4115104.44,38801.89,29683.45,1,0.05
2020,714154,1391858892001,IMPORT & EXPORT SKYFISH S.A.,A0311.01,A0311.01,Armadores / pesca marítima,MANTA,MANTA,ACTIVA,balances_2020_2.txt,casilleros,51,10966.29,507.49,10458.8,29810.78,29810.78,29271.02,539.76,458.8,1,0.0
2020,714314,1391859589001,ECOPEZ EXPORT SOCIEDAD ANÓNIMA,A0311.01,A0311.01,Armadores / pesca marítima,MONTECRISTI,MONTECRISTI,ACTIVA,balances_2020_3.txt,casilleros,16,0.0,0.0,0.0,0.0,0.0,0.0,0.0,0.0,1,0.0
2020,714437,1391859937001,CONSERVERA MAR Y PESCA CONMARPES S.A.,C1020.04,C1020.04,Industria: elaboración y conservación de pescado,JARAMIJÓ,JARAMIJÓ,ACTIVA,balances_2020_2.txt,casilleros,17,2000.0,0.0,2000.0,0.0,0.0,0.0,0.0,0.0,1,0.0
2020,714869,1391862075001,COMPAÑIA VILLACIS & ESPINOZA ROSMARFISH S.A.,A0311.01,A0311.01,Armadores / pesca marítima,MANTA,MANTA,ACTIVA,balances_2020_2.txt,casilleros,56,174296.49,130792.16,43504.33,106276.45,106276.45,119108.17,-12831.72,-10008.74,1,-0.0
2020,714890,1391861591001,COMERCIALIZADORA FREDDY & MARLON GOSENFISH S.A.,A0311.01,A0311.01,Armadores / pesca marítima,MANTA,MANTA,ACTIVA,balances_2020_2.txt,casilleros,66,300407.37,153890.91,146516.46,990376.51,990376.51,807035.12,183341.39,122429.39,1,0.0
2020,714926,1391861788001,NEGOCIOS INDUSTRIALES DEL MAR NEGOINMAR S.A.,C1020.02,C1020.02,Industria: elaboración y conservación de pescado,MANTA,MANTA,ACTIVA,balances_2020_2.txt,casilleros,17,800.0,0.0,800.0,0.0,0.0,0.0,0.0,0.0,1,0.0
2020,715117,1391862806001,COMERCIALIZADORA SEA FISHERS COMERSEAFISH S.A.,A0311.01,A0311.01,Armadores / pesca marítima,MANTA,MANTA,DISOLUCIÓN Y LIQUIDACIÓN OFICIO INSCRITA EN RM,balances_2020_3.txt,casilleros,24,33191.05,23191.05,10000.0,0.0,0.0,0.0,0.0,0.0,1,0.0
2020,715262,1391864477001,PESQUERAKORPEZ S.A.,A0311.01,A0311.01,Armadores / pesca marítima,MANTA,MANTA,ACTIVA,balances_2020_2.txt,casilleros,65,498913.12,323813.68,175099.44,10480309.5,10480309.5,10257105.1,223204.42,174099.44,1,0.0
2020,715711,1391865198001,"FREDDY & JERONIMO CAÑARTE ZAMBRANO VENTA, PROCESO Y COMERCIALIZACIÓN DE PRODUCTOS DE LA PESCA FREJERFISH S.A.",A0311.01,A0311.01,Armadores / pesca marítima,MANTA,MANTA,ACTIVA,balances_2020_2.txt,casilleros,73,25211.97,24066.93,1145.04,139102.61,139102.61,138883.84,218.77,145.04,1,0.0
2020,716330,1391867603001,YESFISH S.A.,C1020.02,C1020.02,Industria: elaboración y conservación de pescado,JARAMIJÓ,JARAMIJÓ,ACTIVA,balances_2020_2.txt,casilleros,77,210902.76,227421.11,-16518.35,1128630.84,1128630.84,1125340.65,3290.19,2097.49,1,0.0
2020,716882,1391869215001,CHONILLO FISH CHONIFISH S.A.,A0311.01,A0311.01,Armadores / pesca marítima,JARAMIJÓ,JARAMIJÓ,ACTIVA,balances_2020_2.txt,casilleros,17,1000.0,0.0,1000.0,0.0,0.0,0.0,0.0,0.0,1,0.0
2020,717158,1391870884001,ALCERTUNA S.A.,A0311.01,A0311.01,Armadores / pesca marítima,MANTA,MANTA,DISOLUCIÓN Y LIQUIDACIÓN DE PLENO DERECHO INSC. RM,balances_2020_3.txt,casilleros,17,10000.0,0.0,10000.0,0.0,0.0,0.0,0.0,0.0,1,0.0
2020,717406,1391882440001,B.K. MAR EXPORTADORA E IMPORTADORA BKMAREI S.A.,A0311.01,A0311.01,Armadores / pesca marítima,MANTA,MANTA,ACTIVA,balances_2020_2.txt,casilleros,53,173264.97,185700.43,-12435.46,0.0,0.0,12485.46,-12485.46,-12485.46,1,0.0
2020,717746,1391876483001,PESQUERA SALVAFISH S.A.,A0311.01,A0311.01,Armadores / pesca marítima,MANTA,MANTA,DISOLUCIÓN Y LIQUIDACIÓN OFICIO INSCRITA EN RM,balances_2020_1.txt,NIIF_jerarquico,54,2575114.93,2409787.78,165327.15,0.0,7654.0,0.0,7654.0,7654.0,1,0.0
2020,717750,1391875940001,SERVIBUQUES S.A.,A0311.01,A0311.01,Armadores / pesca marítima,MANTA,MANTA,ACTIVA,balances_2020_2.txt,casilleros,30,1318.07,256.81,1061.26,10.0,10.0,0.0,10.0,7.8,1,0.0
2020,718126,1391873190001,ATUNERA VERMONT ATUNVERMONT S.A.,A0311.03,A0311.03,Armadores / pesca marítima,MANTA,MANTA,ACTIVA,balances_2020_2.txt,casilleros,113,2681095.54,2265971.1,415124.44,1471092.32,1503574.88,1497058.46,6516.42,5538.96,1,-0.0
2020,718613,1391875061001,SEAFOODPREMIUMEXPORT CIA.LTDA.,A0311.03,A0311.03,Armadores / pesca marítima,MANTA,MANTA,ACTIVA,balances_2020_2.txt,casilleros,46,17071.84,11934.25,5137.59,848.16,848.16,2083.95,-1235.79,-1235.79,1,0.0
2020,718977,1391877633001,INVERSIONES CURIMAGUA S.A.,A0311.01,A0311.01,Armadores / pesca marítima,MANTA,MANTA,DISOLUCIÓN Y LIQUIDACIÓN OFICIO INSCRITA EN RM,balances_2020_2.txt,casilleros,47,63172.4,62001.8,1170.6,0.0,0.0,4329.4,-4329.4,-4329.4,1,-0.0
2020,719241,1391877447001,EFECIOS S.A.,A0311.03,A0311.03,Armadores / pesca marítima,MANTA,MANTA,DISOLUCIÓN Y LIQUIDACIÓN OFICIO INSCRITA EN RM,balances_2020_3.txt,casilleros,17,800.0,0.0,800.0,0.0,0.0,0.0,0.0,0.0,1,0.0
2020,719385,1391877765001,PESQUERA DOÑAROGE S.A.,A0311.03,A0311.03,Armadores / pesca marítima,MANTA,MANTA,ACTIVA,balances_2020_2.txt,casilleros,116,1924148.54,879171.33,1044977.21,5044326.84,5092679.63,4846584.06,246095.57,147188.45,1,0.0
2020,719388,1391877811001,PESQUERAROCIO S.A.,A0311.03,A0311.03,Armadores / pesca marítima,MANTA,MANTA,ACTIVA,balances_2020_2.txt,casilleros,119,4037206.68,1375780.95,2661425.73,4964433.41,5034032.73,4761234.06,272798.67,173661.99,1,0.0
2020,719390,1391877838001,PESQUERA DOÑAMARUJA S.A.,A0311.03,A0311.03,Armadores / pesca marítima,MANTA,MANTA,ACTIVA,balances_2020_2.txt,casilleros,118,2546787.19,1211191.48,1335595.71,2314041.4,2506007.53,2227141.13,278866.4,210650.48,1,0.0
2020,719391,1391877803001,PESQUERA DONBARTOLO S.A.,A0311.03,A0311.03,Armadores / pesca marítima,MANTA,MANTA,ACTIVA,balances_2020_2.txt,casilleros,115,3579717.13,622889.67,2956827.46,3407054.44,3521461.02,3183605.65,337855.37,226180.41,1,0.0
2020,719589,1391878508001,GEMIMARKSA S.A.,C1020.06,C1020.06,Industria: elaboración y conservación de pescado,MONTECRISTI,MONTECRISTI,ACTIVA,balances_2020_2.txt,casilleros,59,131882.85,135811.46,-3928.61,886202.3,886202.3,890930.91,-4728.61,-4728.61,1,0.0
2020,720249,0993151556001,OCEANMANABI S.A.,A0311.01,A0311.01,Armadores / pesca marítima,MANTA,MANTA,ACTIVA,balances_2020_2.txt,casilleros,37,1000.0,0.0,1000.0,5.0,5.0,0.0,5.0,0.0,1,0.0
2020,720604,1391881525001,EXPORTADORA JUAN FISH JUANFISH S.A.,A0311.01,A0311.01,Armadores / pesca marítima,MANTA,MANTA,ACTIVA,balances_2020_2.txt,casilleros,16,800.0,0.0,800.0,0.0,0.0,0.0,0.0,0.0,1,0.0
2020,72073,0991313788001,ASISERVY S.A.,C1020.02,C1020.02,Industria: elaboración y conservación de pescado,JARAMIJÓ,JARAMIJÓ,ACTIVA,balances_2020_1.txt,NIIF_jerarquico,204,76270753.03,49598628.3,26672124.73,77754272.53,78300290.49,77985357.98,314932.51,195935.83,1,0.0
2020,72096,0991316531001,AGROL S.A.,A0311.01,A0311.01,Armadores / pesca marítima,MANTA,MANTA,ACTIVA,balances_2020_1.txt,NIIF_jerarquico,81,4141033.1,3747548.44,393484.66,914682.22,1829364.44,972669.5299999999,-57987.31,-57987.31,1,0.0
2020,723990,1391904401001,CENTRO DE BIOTECNOLOGIAS OMICAS CEBIOMICS S.A.,A0311.01,A0311.01,Armadores / pesca marítima,MONTECRISTI,MONTECRISTI,ACTIVA,balances_2020_2.txt,casilleros,44,5744.49,456.33,5288.16,0.0,0.0,706.46,-706.46,-706.46,1,0.0
2020,724337,1391904983001,PEZ KOI PEZKOI S.A.,A0311.01,A0311.01,Armadores / pesca marítima,MANTA,MANTA,ACTIVA,balances_2020_2.txt,casilleros,17,800.0,0.0,800.0,0.0,0.0,0.0,0.0,0.0,1,0.0
2020,724578,1391905505001,DELIMARINA S.A.,C1020.04,C1020.04,Industria: elaboración y conservación de pescado,MANTA,MANTA,ACTIVA,balances_2020_2.txt,casilleros,61,43655.61,8190.35,35465.26,1658753.4,1658753.4,1613153.7,45599.7,45599.7,1,0.0
2020,724980,1391906277001,ALBACORA-FISH S.A.,A0311.01,A0311.01,Armadores / pesca marítima,MANTA,MANTA,ACTIVA,balances_2020_2.txt,casilleros,51,69646.19,0.0,69646.19,119528.15,119628.15,114729.03,4899.12,4899.12,1,0.0
2020,726893,1391911726001,MOLLITIAM S.A.,A0311.03,A0311.03,Armadores / pesca marítima,JARAMIJÓ,JARAMIJÓ,ACTIVA,balances_2020_2.txt,casilleros,55,12975502.7,13115518.3,-140015.64,0.0,0.03,140815.67,-140815.64,-140815.64,1,0.04
2020,727297,1391912196001,PESCAFRESDELECUADOR S.A.,A0311.03,A0311.03,Armadores / pesca marítima,MANTA,MANTA,ACTIVA,balances_2020_2.txt,casilleros,17,800.0,0.0,800.0,0.0,0.0,0.0,0.0,0.0,1,0.0
2020,727394,1391912684001,ATUNERA DEL PACIFICO SUR ATUNSUR S.A.,A0311.01,A0311.01,Armadores / pesca marítima,MANTA,MANTA,ACTIVA,balances_2020_3.txt,casilleros,34,4693.59,1877.05,2816.54,0.0,0.0,183.46,-183.46,-183.46,1,0.0
2020,728270,1391913796001,INDUSTRIA ATUNERA REYAZUL S.A.,A0311.01,A0311.01,Armadores / pesca marítima,MANTA,MANTA,ACTIVA,balances_2020_2.txt,casilleros,55,337640.0,15525.0,322115.0,672750.0,672750.0,587274.29,85475.71,72654.35,1,0.0
2020,729264,1391917449001,JRMOREIRA CIA.LTDA.,A0311.01,A0311.01,Armadores / pesca marítima,MANTA,MANTA,ACTIVA,balances_2020_2.txt,casilleros,17,10000.0,0.0,10000.0,0.0,0.0,0.0,0.0,0.0,1,0.0
2020,730406,1391916094001,BRIOTUNA S.A.S.,C1020.02,C1020.02,Industria: elaboración y conservación de pescado,MANTA,MANTA,DISOLUCIÓN Y LIQUIDACIÓN DE PLENO DERECHO INSC. RM,balances_2020_2.txt,casilleros,78,252865.52,218727.62,34137.9,389805.86,389805.91,347063.98,42741.93,32537.9,1,-0.0
2020,730479,1391920911001,EMPRESA DE ALIMENTOS MONTECRISTI EMPAMON S.A.,C1020.02,C1020.02,Industria: elaboración y conservación de pescado,MANTA,MANTA,ACTIVA,balances_2020_3.txt,casilleros,19,800.0,0.0,800.0,0.0,0.0,0.0,0.0,0.0,1,0.0
2020,731170,1391917406001,PRODUCTORA ATUNERA MOLINA VALLE PROTUNA S.A.,A0311.03,A0311.03,Armadores / pesca marítima,MANTA,MANTA,ACTIVA,balances_2020_2.txt,casilleros,39,671.91,0.0,671.91,507.5,507.5,635.59,-128.09,-128.09,1,0.0
2020,731645,1391917708001,HARIBALAN S.A.S.,C1020.05,C1020.05,Industria: elaboración y conservación de pescado,MANTA,MANTA,ACTIVA,balances_2020_3.txt,casilleros,55,116520.4,107048.51,9471.89,166579.05,166579.05,157207.16,9371.89,9371.89,1,0.0
2020,731843,1391917589001,ALIMENTOS CONGELADOS ALIMARE S.A.,C1020.02,C1020.02,Industria: elaboración y conservación de pescado,JARAMIJÓ,JARAMIJÓ,ACTIVA,balances_2020_2.txt,casilleros,1,0.0,0.0,0.0,0.0,0.0,0.0,0.0,0.0,1,0.0
2020,732752,1391918682001,ISLAS-CIES S.A.,A0311.01,A0311.01,Armadores / pesca marítima,MONTECRISTI,MONTECRISTI,ACTIVA,balances_2020_3.txt,casilleros,17,5000.0,0.0,5000.0,0.0,0.0,0.0,0.0,0.0,1,0.0
2020,734074,1391927061001,EMPRESA PESQUERA CAPFERGUE S.A.,A0311.01,A0311.01,Armadores / pesca marítima,MANTA,MANTA,ACTIVA,balances_2020_3.txt,casilleros,8,1000.0,0.0,1000.0,0.0,1930.0,0.0,0.0,0.0,1,0.0
2020,79132,0991417117001,MARMONTESAN S.A.,A0311.01,A0311.01,Armadores / pesca marítima,MONTECRISTI,MONTECRISTI,ACTIVA,balances_2020_2.txt,casilleros,100,346319.58,321677.76,24641.82,506095.02,665937.81,662721.52,3216.29,1957.12,1,0.0
2020,83238,0991469095001,TADEL S.A.,C1020.05,C1020.05,Industria: elaboración y conservación de pescado,JARAMIJÓ,JARAMIJÓ,ACTIVA,balances_2020_2.txt,casilleros,180,39542378.5,5863639.66,33678738.9,46535403.1,47253873.1,42126251.3,5127621.81,2488762.91,1,-0.06
2020,95584,1391738803001,EYCO S.A.,A0311.01,A0311.01,Armadores / pesca marítima,MANTA,MANTA,ACTIVA,balances_2020_3.txt,casilleros,100,431060.9,333299.91,97760.99,3370264.61,3370268.3,3286688.09,83580.21,52567.95,1,0.0
2020,95604,1391739524001,PROHAPEZ MANTA S.A.,A0311.01,A0311.01,Armadores / pesca marítima,MONTECRISTI,MONTECRISTI,ACTIVA,balances_2020_3.txt,casilleros,10,2100.0,0.0,2100.0,0.0,0.0,0.0,0.0,0.0,1,0.0
2020,95611,0992471557001,EMPROPESCA S.A.,A0311.01,A0311.01,Armadores / pesca marítima,MANTA,MANTA,ACTIVA,balances_2020_2.txt,casilleros,32,379973.56,372570.36,7403.2,0.0,0.0,0.0,0.0,0.0,1,0.0
2020,95657,1391740433001,COMERCIALIZADORA DE PRODUCTOS DEL MAR SINAI S. A.,A0311.01,A0311.01,Armadores / pesca marítima,MONTECRISTI,MONTECRISTI,ACTIVA,balances_2020_2.txt,casilleros,49,409647.08,46249.85,363397.23,394965.07,394965.07,175194.41,219770.66,164828.0,1,0.0
2020,95714,1391742053001,DISTRIBUIDORA FLIPPER S.A.,A0311.01,A0311.01,Armadores / pesca marítima,MANTA,MANTA,DISOLUCIÓN Y LIQUIDACIÓN OFICIO INSCRITA EN RM,balances_2020_2.txt,casilleros,137,3650746.67,3425252.93,225493.74,6991404.24,7035955.24,7465805.91,-429850.67,-429850.67,1,-0.0
2020,95725,1391742320001,TUNIDOS DEL PACIFICO S.A.,C1020.02,C1020.02,Industria: elaboración y conservación de pescado,MANTA,MANTA,DISOLUCIÓN Y LIQUIDACIÓN OFICIO INSCRITA EN RM,balances_2020_2.txt,casilleros,52,318503.62,158832.32,159671.3,326810.53,326810.53,221387.1,105423.43,89609.92,1,0.0
2020,95806,1391744064001,PESPESCA S.A.,C1020.07,C1020.07,Industria: elaboración y conservación de pescado,MONTECRISTI,MONTECRISTI,ACTIVA,balances_2020_2.txt,casilleros,171,41320561.82,25159582.24,16160979.58,48028756.08,48104003.93,47256346.93,847657.0,337485.82,1,0.0
2020,95871,1391744943001,AMATXU MARIA LUISA CIA. LTDA.,A0311.01,A0311.01,Armadores / pesca marítima,MANTA,MANTA,ACTIVA,balances_2020_2.txt,casilleros,92,614485.33,410985.31,203500.02,370440.09,370440.09,367890.11,2549.98,1606.1,1,-0.0
2020,95900,1391745656001,OCEAN FARM S.A.,A0311.01,A0311.01,Armadores / pesca marítima,MANTA,MANTA,ACTIVA,balances_2020_3.txt,casilleros,65,2124338.0,2597890.59,-473552.59,0.0,4519.35,242431.41,-237912.06,-237912.06,1,0.0
2020,95926,1391746830001,FRESH FISH DEL ECUADOR CIA. LTDA.,A0311.01,A0311.01,Armadores / pesca marítima,MANTA,MANTA,ACTIVA,balances_2020_2.txt,casilleros,136,7122355.1,6052813.67,1069541.43,6597053.66,6759483.42,7508787.66,-749304.24,-742378.09,1,-0.0
2020,95993,1391747314001,INDUSTRIAS DE PRODUCTOS DEL MAR S.A. IDELMAR,A0311.01,A0311.01,Armadores / pesca marítima,MANTA,MANTA,ACTIVA,balances_2020_2.txt,casilleros,110,5770230.39,4143188.49,1627041.9,4222408.48,4535219.07,4407434.24,127784.83,127784.83,1,-0.0
2020,96020,1391748027001,DELIPESCA S.A.,A0311.01,A0311.01,Armadores / pesca marítima,MANTA,MANTA,ACTIVA,balances_2020_3.txt,casilleros,105,38180460.05,29933054.0,8247406.05,6954228.78,6954228.78,8197919.23,-1243690.45,-1243690.45,1,-0.0
2020,96128,1391750811001,ISIMARE S.A.,A0311.01,A0311.01,Armadores / pesca marítima,JARAMIJÓ,JARAMIJÓ,ACTIVA,balances_2020_3.txt,casilleros,113,1346226.81,1042388.96,303837.85,247016.35,307412.57,299418.04,7994.53,6795.35,1,0.0
2020,96213,1391753071001,EUROTUNA S.A.,A0311.01,A0311.01,Armadores / pesca marítima,MANTA,MANTA,ACTIVA,balances_2020_1.txt,NIIF_jerarquico,31,542687.0,458401.0,84286.0,436875.0,591097.0,402985.0,0.0,-14495.0,1,0.0
2020,96216,1391752377001,MARINE PROTEIN MARPROT S.A.,A0311.01,A0311.01,Armadores / pesca marítima,MONTECRISTI,MONTECRISTI,ACTIVA,balances_2020_2.txt,casilleros,158,4908536.38,3420375.28,1488161.1,5635732.43,5654940.37,4658154.96,996785.41,622157.15,1,0.0
2020,96218,1391752822001,MARCARIBE S.A.,A0311.01,A0311.01,Armadores / pesca marítima,MANTA,MANTA,ACTIVA,balances_2020_2.txt,casilleros,39,8202.45,0.0,8202.45,20408.08,20408.08,13029.89,7378.19,7378.19,1,0.0
2020,96265,1391753233001,TECNIMAR CIA. LTDA.,A0311.01,A0311.01,Armadores / pesca marítima,MANTA,MANTA,ACTIVA,balances_2020_2.txt,casilleros,17,2000.0,0.0,2000.0,0.0,0.0,0.0,0.0,0.0,1,0.0
2020,99022,0991520767001,GALDECUN S.A.,C1020.06,C1020.06,Industria: elaboración y conservación de pescado,JARAMIJÓ,JARAMIJÓ,ACTIVA,balances_2020_2.txt,casilleros,103,2271202.04,1416386.22,854815.82,2452411.06,2452413.06,2451187.83,1225.23,0.0,1,0.0
2021,100223,1391782926001,ALIMENTOS DEL MAR MARFOODSA S.A.,A0311.01,A0311.01,Armadores / pesca marítima,JARAMIJÓ,JARAMIJÓ,ACTIVA,balances_2021_3.txt,casilleros,63,103337.5,12129.19,91208.31,21000.0,21000.0,12222.65,8777.35,6846.33,1,0.0
2021,10060,1390021646001,PESPACA PESQUERA DEL PACIFICO CA,C1020.02,C1020.02,Industria: elaboración y conservación de pescado,MANTA,MANTA,ACTIVA,balances_2021_3.txt,casilleros,56,1858408.83,1097221.28,761187.55,0.0,161117.65,161117.65,0.0,0.0,1,0.0
2021,109262,0992262427001,GEOPAXI S.A.,A0311.01,A0311.01,Armadores / pesca marítima,MANTA,MANTA,DISOLUCIÓN Y LIQUIDACIÓN OFICIO INSCRITA EN RM,balances_2021_3.txt,casilleros,101,19672708.84,9957330.44,9715378.4,8350779.78,9692897.77,11206531.85,-1513634.08,-1513634.08,1,0.0
2021,111848,0992299231001,ELVAYKA KYOEI S.A.,A0311.01,A0311.01,Armadores / pesca marítima,MANTA,MANTA,ACTIVA,balances_2021_3.txt,casilleros,143,27757446.7,16832278.7,10925168.0,22430607.2,22843184.4,19751074.8,3092109.62,1875263.13,1,0.0
2021,114130,0992331283001,XUK S.A.,A0311.01,A0311.01,Armadores / pesca marítima,JARAMIJÓ,JARAMIJÓ,ACTIVA,balances_2021_3.txt,casilleros,119,3511689.38,2031616.06,1480073.32,2595846.51,2596261.5,2515453.88,80807.62,23528.85,1,-0.0
2021,115653,0992354186001,TUNAEXPORT S.A.S.,A0311.01,A0311.01,Armadores / pesca marítima,MANTA,MANTA,ACTIVA,balances_2021_3.txt,casilleros,116,8783917.79,2669970.64,6113947.15,4465656.26,4465656.26,3185002.75,1280653.51,790115.24,1,-0.0
2021,11733,1390013643001,INDUSTRIA DE ENLATADOS ALIMENTICIOS CIA LTDA IDEAL,C1020.02,C1020.02,Industria: elaboración y conservación de pescado,MONTECRISTI,MONTECRISTI,DISOLUCIÓN Y LIQUIDACIÓN OFICIO INSCRITA EN RM,balances_2021_1.txt,NIIF_jerarquico,136,44758878.13,37485843.58,7273034.55,17551818.78,18236183.380000003,19701177.94,0.0,-1129199.8,1,0.0
2021,12582,1390034063001,EMPRESA DEL MAR CIA LTDA,A0311.01,A0311.01,Armadores / pesca marítima,MANTA,MANTA,ACTIVA,balances_2021_3.txt,casilleros,95,389279.59,369408.51,19871.08,521684.28,521684.28,513453.23,8231.05,5015.42,1,0.0
2021,126601,0992505621001,SUNSTAR S.A.,A0311.01,A0311.01,Armadores / pesca marítima,MANTA,MANTA,ACTIVA,balances_2021_3.txt,casilleros,70,103651.42,109727.78,-6076.36,14397.75,14398.72,23084.58,-8685.86,-8685.86,1,-0.0
2021,128384,0992530332001,ASTILLERO ESPERANZA DEL MAR C.A. ASTIESMAR,A0311.01,A0311.01,Armadores / pesca marítima,JARAMIJÓ,JARAMIJÓ,ACTIVA,balances_2021_3.txt,casilleros,107,11598697.37,7806667.59,3792029.78,898397.96,1900062.26,1827077.44,72984.82,11720.68,1,-0.0
2021,134444,0992623284001,POKINCI S.A.,C1020.02,C1020.02,Industria: elaboración y conservación de pescado,JARAMIJÓ,JARAMIJÓ,ACTIVA,balances_2021_3.txt,casilleros,26,2163152.31,800000.0,1363152.31,0.0,0.0,0.0,0.0,0.0,1,0.0
2021,137966,1391785003001,COMERCIALIZADORA TONINO SEA FOOD S.A. COMTOSEAFOOD,A0311.01,A0311.01,Armadores / pesca marítima,MANTA,MANTA,ACTIVA,balances_2021_3.txt,casilleros,56,233205.0,208204.29,25000.71,0.0,570.0,569.09,0.91,0.71,1,-0.0
2021,139001,1391785402001,PESQUERA MONTECRISTI S.A. PESQUEMONSA,A0311.01,A0311.01,Armadores / pesca marítima,MANTA,MANTA,ACTIVA,balances_2021_3.txt,casilleros,118,8452095.51,5380865.36,3071230.15,4983808.34,4987489.31,4832161.8,155327.51,49352.69,1,-0.0
2021,139004,1391799101001,PUERTOMAR S.A.,A0311.03,A0311.03,Armadores / pesca marítima,JARAMIJÓ,JARAMIJÓ,ACTIVA,balances_2021_3.txt,casilleros,130,20716333.6,12568974.5,8147359.1,52862039.0,52863331.0,50241053.6,2622277.37,2228935.76,1,0.0
2021,141044,1391790619001,FULL MOON ECUADOR FULMEC S.A.,A0311.01,A0311.01,Armadores / pesca marítima,MANTA,MANTA,ACTIVA,balances_2021_3.txt,casilleros,55,80607.15,70951.8,9655.35,1364775.0,1364775.0,1360914.9,3860.1,3860.1,1,-0.0
2021,141596,1391788185001,COVEROSA S.A.,A0311.01,A0311.01,Armadores / pesca marítima,MANTA,MANTA,ACTIVA,balances_2021_3.txt,casilleros,88,461391.87,329879.89,131511.98,1744282.82,1744282.82,1734563.65,9719.17,8261.29,1,-0.0
2021,143146,1391789629001,ACUIRÍA S.A.,C1020.01,C1020.01,Industria: elaboración y conservación de pescado,MANTA,MANTA,DISOLUCIÓN Y LIQUIDACIÓN OFICIO INSCRITA EN RM,balances_2021_3.txt,casilleros,71,989839.71,722962.88,266876.83,5456571.34,5456571.34,5354484.14,102087.2,79628.02,1,-0.0
2021,143165,1391790589001,ACUICOLA Y PISCICOLA LA ISLA S.A. ACUISLA,A0311.01,A0311.01,Armadores / pesca marítima,MANTA,MANTA,ACTIVA,balances_2021_3.txt,casilleros,57,251761.25,108053.58,143707.67,22050.0,22050.0,21243.67,806.33,534.6,1,-0.0
2021,143580,1391790260001,OSAKAFISH S.A.,A0311.01,A0311.01,Armadores / pesca marítima,MANTA,MANTA,DISOLUCIÓN Y LIQUIDACIÓN OFICIO INSCRITA EN RM,balances_2021_1.txt,NIIF_jerarquico,19,35881.41,1249.21,34632.2,81646.64,81646.64,0.0,0.0,7907.44,1,0.0
2021,143702,1391790279001,AGRICOLA Y PISCICOLA SUSSMANN DELGADO AGROSUSSDEL S.A.,A0311.01,A0311.01,Armadores / pesca marítima,MANTA,MANTA,ACTIVA,balances_2021_3.txt,casilleros,40,3676.29,15512.77,-11836.48,0.0,0.0,13036.48,-13036.48,-13036.48,1,0.0
2021,143706,1391790287001,PESQUERA ATUNES DEL PACIFICO S.A. ''ATUNPACIFICOSA'',A0311.03,A0311.03,Armadores / pesca marítima,MANTA,MANTA,ACTIVA,balances_2021_3.txt,casilleros,122,4331083.03,876033.09,3455049.94,1382671.25,1544118.46,966161.6,577956.86,348644.69,1,0.0
2021,144167,1391791488001,GRUPO DEGFER CIA. LTDA.,A0311.01,A0311.01,Armadores / pesca marítima,JARAMIJÓ,JARAMIJÓ,ACTIVA,balances_2021_3.txt,casilleros,197,75562216.7,39118661.6,36443555.1,42758271.8,43708202.6,42900174.7,808027.93,56186.63,1,0.0
2021,144336,1391791097001,PESCADOS Y MARISCOS DEL PACIFICO S.A. PESMARPAC,A0311.01,A0311.01,Armadores / pesca marítima,JARAMIJÓ,JARAMIJÓ,ACTIVA,balances_2021_3.txt,casilleros,102,1416288.61,1979978.15,-563689.54,2899341.8,2899341.8,3832966.48,-933624.68,-933624.68,1,0.0
2021,144480,1391791178001,ALETAMARILLA S.A.,A0311.01,A0311.01,Armadores / pesca marítima,MANTA,MANTA,ACTIVA,balances_2021_3.txt,casilleros,107,2754409.47,250005.43,2504404.04,1779042.64,1783976.92,2133988.23,-350011.31,-350011.31,1,0.0
2021,144740,1391799624001,LOGISTICA INTERNACIONAL LOGISINSA S.A.,A0311.01,A0311.01,Armadores / pesca marítima,MANTA,MANTA,ACTIVA,balances_2021_1.txt,NIIF_jerarquico,68,1407659.21,633688.85,773970.36,1282340.58,1282340.58,483032.98,799307.6,773170.36,1,0.0
2021,145016,1391791895001,INDUSTRIAL PESQUERA DEL PACIFICO S.A. INPESPA,A0311.01,A0311.01,Armadores / pesca marítima,MANTA,MANTA,ACTIVA,balances_2021_1.txt,NIIF_jerarquico,5,800.0,0.0,800.0,0.0,0.0,0.0,0.0,0.0,1,0.0
2021,145888,1391793308001,PESFRESCO S.A.,A0311.01,A0311.01,Armadores / pesca marítima,MANTA,MANTA,ACTIVA,balances_2021_3.txt,casilleros,103,183123.24,100723.93,82399.31,566673.27,569991.19,559822.69,10168.5,3327.2,1,0.0
2021,145894,1391793065001,EMPACADORA DE MARISCOS ECUAMARISC CIA. LTDA.,A0311.01,A0311.01,Armadores / pesca marítima,MANTA,MANTA,ACTIVA,balances_2021_1.txt,NIIF_jerarquico,52,431042.3,407665.84,23376.46,2535784.59,2535784.59,2530390.42,5394.17,3438.78,1,-0.0
2021,146215,1391792999001,SARDINAS DEL PACIFICO S.A. SARDIPAC,A0311.01,A0311.01,Armadores / pesca marítima,JARAMIJÓ,JARAMIJÓ,ACTIVA,balances_2021_3.txt,casilleros,145,5619091.26,5069133.76,549957.5,10165848.2,10238572.1,9953113.35,285458.77,118734.0,1,0.0
2021,146541,1391793405001,ASOCIACION DE PESCA EXPORTABLE ASOPESEX C.A.,A0311.01,A0311.01,Armadores / pesca marítima,MANTA,MANTA,ACTIVA,balances_2021_1.txt,NIIF_jerarquico,8,800.0,0.0,800.0,0.0,0.0,0.0,0.0,0.0,1,0.0
2021,146715,1391793731001,VIDA MARINA VIMARINA CIA. LTDA.,C1020.04,C1020.04,Industria: elaboración y conservación de pescado,MANTA,MANTA,ACTIVA,balances_2021_3.txt,casilleros,75,446980.58,186811.65,260168.93,905631.37,905631.37,868158.02,37473.35,24724.83,1,0.0
2021,146994,1391793960001,PD-PESCA S.A.,A0311.01,A0311.01,Armadores / pesca marítima,JARAMIJÓ,JARAMIJÓ,ACTIVA,balances_2021_3.txt,casilleros,32,60744.13,68812.93,-8068.8,0.0,0.0,0.0,0.0,0.0,1,0.0
2021,148632,1391796056001,INTERATLANTIC S.A.,A0311.01,A0311.01,Armadores / pesca marítima,MANTA,MANTA,ACTIVA,balances_2021_3.txt,casilleros,53,26498.63,4800.0,21698.63,52822.46,52822.46,42059.16,10763.3,10763.3,1,0.0
2021,149717,1391797672001,FERPIL'S S.A.,A0311.01,A0311.01,Armadores / pesca marítima,MANTA,MANTA,ACTIVA,balances_2021_1.txt,NIIF_jerarquico,27,9138.15,5852.41,3285.74,1339.68,1339.68,1120.0,219.68,164.76,1,0.0
2021,164355,1391797958001,PRODUMAN ECUADOR CIA. LTDA.,A0311.01,A0311.01,Armadores / pesca marítima,MANTA,MANTA,ACTIVA,balances_2021_3.txt,casilleros,52,406206.06,404918.9,1287.16,6000.0,6000.0,5180.24,819.76,543.5,1,-0.0
2021,166157,1391800290001,COMERCIALIZADORA DE PRODUCTOS PESQUEROS S.A. COMPROPEZ,A0311.01,A0311.01,Armadores / pesca marítima,JARAMIJÓ,JARAMIJÓ,ACTIVA,balances_2021_3.txt,casilleros,100,625004.87,404047.81,220957.06,1421758.95,1421985.82,1389221.14,32764.68,18769.88,1,0.0
2021,166188,1391799713001,FRIGORIFICO Y LABORATORIO DE PESCA FRILABPESCA S.A.,A0311.01,A0311.01,Armadores / pesca marítima,MANTA,MANTA,ACTIVA,balances_2021_3.txt,casilleros,86,341692.7,240102.96,101589.74,927003.74,927003.74,925464.0,1539.74,1539.74,1,0.0
2021,166190,1391799748001,TECNICA DE LA MARICULTURA S.A. TECNIMARSA,A0311.01,A0311.01,Armadores / pesca marítima,MANTA,MANTA,ACTIVA,balances_2021_3.txt,casilleros,27,43709.75,24251.56,19458.19,0.0,0.0,0.0,0.0,0.0,1,0.0
2021,166486,1391800568001,ECUAOCEAN S.A.,A0311.01,A0311.01,Armadores / pesca marítima,MANTA,MANTA,ACTIVA,balances_2021_3.txt,casilleros,18,52845.45,0.0,52845.45,0.0,0.0,0.0,0.0,0.0,1,0.0
2021,169235,1391803850001,MARPESCA ECUADOR S.A.,A0311.01,A0311.01,Armadores / pesca marítima,MONTECRISTI,MONTECRISTI,ACTIVA,balances_2021_3.txt,casilleros,65,21580.65,19661.0,1919.65,19904.85,19904.85,20569.73,-664.88,-664.88,1,0.0
2021,169323,1391804083001,PESDEMAR S.A.,A0311.01,A0311.01,Armadores / pesca marítima,MANTA,MANTA,ACTIVA,balances_2021_3.txt,casilleros,71,104281.68,13233.31,91048.37,215187.41,215193.88,178172.85,37021.03,21333.24,1,0.0
2021,170293,1391805381001,BRISATUN S.A.,A0311.01,A0311.01,Armadores / pesca marítima,MANTA,MANTA,DISOLUCIÓN Y LIQUIDACIÓN OFICIO INSCRITA EN RM,balances_2021_3.txt,casilleros,99,11045799.83,6990174.94,4055624.89,5507432.86,5876269.4,6201813.66,-325544.26,-325544.26,1,-0.0
2021,170806,1391806000001,FLOSERPESCA S.A.,C1020.02,C1020.02,Industria: elaboración y conservación de pescado,MANTA,MANTA,ACTIVA,balances_2021_3.txt,casilleros,73,381415.32,243409.11,138006.21,1216378.29,1216378.29,1122364.34,94013.95,71920.67,1,0.0
2021,171950,1391807651001,MONMIFISH S.A.,A0311.01,A0311.01,Armadores / pesca marítima,MANTA,MANTA,ACTIVA,balances_2021_3.txt,casilleros,85,677557.62,479564.23,197993.39,17212429.2,17212445.2,17178413.1,34032.11,0.0,1,0.0
2021,172315,1391807627001,COMPAÑÍA AL MAR PESCA ALMARPEZ S.A.,A0311.01,A0311.01,Armadores / pesca marítima,MANTA,MANTA,ACTIVA,balances_2021_3.txt,casilleros,95,390703.38,371331.11,19372.27,203022.47,203685.89,196512.88,7173.01,1701.59,1,0.0
2021,172770,1391808143001,PRODUCTOS DEL MAR PROMARIT S.A.,C1020.07,C1020.07,Industria: elaboración y conservación de pescado,MANTA,MANTA,ACTIVA,balances_2021_3.txt,casilleros,17,800.0,0.0,800.0,0.0,0.0,0.0,0.0,0.0,1,0.0
2021,173162,1391808690001,CULTIVO DE PECES S.A. CULTIPESCA,C1020.07,C1020.07,Industria: elaboración y conservación de pescado,MANTA,MANTA,ACTIVA,balances_2021_3.txt,casilleros,38,28791.21,19576.98,9214.23,0.0,0.0,15.22,-15.22,-15.22,1,0.0
2021,173324,1391809522001,V&BFISH S.A.,A0311.01,A0311.01,Armadores / pesca marítima,MANTA,MANTA,ACTIVA,balances_2021_3.txt,casilleros,66,483770.26,363166.85,120603.41,2095049.47,2095049.47,2092420.55,2628.92,2050.56,1,0.0
2021,176832,1391814968001,BLAUFISH CIA. LTDA.,A0311.01,A0311.01,Armadores / pesca marítima,MANTA,MANTA,ACTIVA,balances_2021_3.txt,casilleros,80,769911.43,464302.95,305608.48,1498173.34,1498173.34,1471363.26,26810.08,16236.86,1,0.0
2021,176961,1391814992001,"NAMAFRU NATURAL, MARISCO Y FRUTAS S.A.S.",A0311.01,A0311.01,Armadores / pesca marítima,JARAMIJÓ,JARAMIJÓ,ACTIVA,balances_2021_3.txt,casilleros,17,12500.0,0.0,12500.0,0.0,0.0,0.0,0.0,0.0,1,0.0
2021,177304,1391815239001,EMPACADORA FRIPEZ S.A.,A0311.01,A0311.01,Armadores / pesca marítima,MANTA,MANTA,ACTIVA,balances_2021_1.txt,NIIF_jerarquico,83,480334.16,339925.24,140408.92,924940.35,924940.35,846792.87,78147.48,58454.32,1,-0.0
2021,178208,1391817371001,OCEAN KEY S.A. OCEANMANTA,A0311.01,A0311.01,Armadores / pesca marítima,MANTA,MANTA,ACTIVA,balances_2021_3.txt,casilleros,70,485983.86,467970.39,18013.47,470616.09,470616.09,462366.13,8249.96,7012.43,1,-0.0
2021,179101,1391817320001,BOTE MIMORENITA4 S.A.,A0311.01,A0311.01,Armadores / pesca marítima,MANTA,MANTA,ACTIVA,balances_2021_3.txt,casilleros,18,2003.9,0.0,2003.9,0.0,0.0,0.0,0.0,0.0,1,0.0
2021,179519,1391817789001,CAMARONERA DEL PACIFICO S.A. PACIFCAM,A0311.01,A0311.01,Armadores / pesca marítima,MANTA,MANTA,ACTIVA,balances_2021_3.txt,casilleros,88,1327012.99,1162893.6,164119.39,816221.07,816221.08,777356.18,38864.9,25748.43,1,-0.0
2021,180003,1391818343001,TUNA FISHING COMPANY ECUADOR TUFICOM C. LTDA.,A0311.01,A0311.01,Armadores / pesca marítima,MANTA,MANTA,DISOLUCIÓN Y LIQUIDACIÓN OFICIO INSCRITA EN RM,balances_2021_3.txt,casilleros,17,400.0,0.0,400.0,0.0,0.0,0.0,0.0,0.0,1,0.0
2021,180892,1391819129001,CONSERVERATROPICAL CIA. LTDA.,C1020.02,C1020.02,Industria: elaboración y conservación de pescado,MANTA,MANTA,ACTIVA,balances_2021_3.txt,casilleros,24,54087.37,30701.17,23386.2,0.0,0.0,0.0,0.0,0.0,1,0.0
2021,18528,1790943178001,PRODUCTOS DEL MAR Y SABORES NACIONALES PROMARSAN CIA. LTDA.,C1020.04,C1020.04,Industria: elaboración y conservación de pescado,JARAMIJÓ,JARAMIJÓ,ACTIVA,balances_2021_3.txt,casilleros,134,3213016.77,2510823.92,702192.85,7436347.21,7845965.0,7825989.25,19975.75,12980.66,1,0.0
2021,19582,1390073891001,TRANSMARINA CA,A0311.03,A0311.03,Armadores / pesca marítima,MONTECRISTI,MONTECRISTI,ACTIVA,balances_2021_3.txt,casilleros,156,49615517.8,35156326.6,14459191.2,39380112.3,40738717.2,41996785.0,-1258067.87,-1258067.87,1,-0.0
2021,205129,1391765770001,EMPACADORA MADEZA S.A.,C1020.02,C1020.02,Industria: elaboración y conservación de pescado,MANTA,MANTA,ACTIVA,balances_2021_3.txt,casilleros,47,210475.17,143135.05,67340.12,598248.34,598248.34,655714.95,-57466.61,-57466.61,1,0.0
2021,205167,1391766793001,POLARISPESCA S.A.,A0311.01,A0311.01,Armadores / pesca marítima,MANTA,MANTA,ACTIVA,balances_2021_3.txt,casilleros,104,5982331.95,4755871.71,1226460.24,4137000.45,4374410.14,4313662.99,60747.15,20288.22,1,0.0
2021,205205,1391767943001,ALHO FISH S.A.,A0311.01,A0311.01,Armadores / pesca marítima,MANTA,MANTA,ACTIVA,balances_2021_3.txt,casilleros,44,289266.01,170000.0,119266.01,0.0,30.0,10.0,20.0,0.0,1,0.0
2021,205233,1391768567001,TXOPITUNA ECUADOR CIA. LTDA.,A0311.03,A0311.03,Armadores / pesca marítima,MANTA,MANTA,ACTIVA,balances_2021_3.txt,casilleros,142,2181012.14,689658.61,1491353.53,725753.92,768121.94,780311.74,-12189.8,-16656.55,1,0.0
2021,25440,0990555761001,PESDEL S.A.,A0311.01,A0311.01,Armadores / pesca marítima,JARAMIJÓ,JARAMIJÓ,ACTIVA,balances_2021_3.txt,casilleros,174,60696587.3,27208046.5,33488540.8,18041322.8,18200619.8,17575710.4,624909.43,221676.96,1,-0.0
2021,301126,1391824483001,INDUSTRIA NH SIMILA NHSIMIL CIA.LTDA.,C1020.06,C1020.06,Industria: elaboración y conservación de pescado,MANTA,MANTA,ACTIVA,balances_2021_3.txt,casilleros,11,0.0,0.0,0.0,0.0,0.0,0.0,0.0,0.0,1,0.0
2021,301695,1391827113001,TIANXINGS S.A.,A0311.01,A0311.01,Armadores / pesca marítima,MANTA,MANTA,ACTIVA,balances_2021_1.txt,NIIF_jerarquico,63,970598.85,965773.72,4825.13,354874.17,354874.17,354255.35000000003,618.82,218.68,1,0.0
2021,304446,1391838689001,PESCA DEL OCÉANO PESCAOCEAN S.A.,A0311.01,A0311.01,Armadores / pesca marítima,MANTA,MANTA,DISOLUCIÓN Y LIQUIDACIÓN OFICIO INSCRITA EN RM,balances_2021_3.txt,casilleros,30,855090.02,511831.42,343258.6,0.0,0.0,0.0,0.0,0.0,1,0.0
2021,305275,1391843976001,XLPESCA S.A.,A0311.01,A0311.01,Armadores / pesca marítima,MANTA,MANTA,INACTIVA,balances_2021_3.txt,casilleros,17,800.0,0.0,800.0,0.0,0.0,0.0,0.0,0.0,1,0.0
2021,306408,1391850859001,SEA&LAND COMERCIO E INVERSIONES MARINAS S.A.,A0311.01,A0311.01,Armadores / pesca marítima,MANTA,MANTA,ACTIVA,balances_2021_3.txt,casilleros,17,400.0,0.0,400.0,0.0,0.0,0.0,0.0,0.0,1,0.0
2021,306409,1391850867001,WORLD FISH AND SEAFOOD PROCESADORA Y COMERCIALIZADORA ''WORLDFISH'' COMPAÑIA ANÓNIMA,A0311.01,A0311.01,Armadores / pesca marítima,MANTA,MANTA,ACTIVA,balances_2021_3.txt,casilleros,71,2281523.67,833578.95,1447944.72,0.0,0.0,33895.67,-33895.67,-33895.67,1,0.0
2021,306489,1391851138001,LOGISTIC CONTAINER & TRANSPORT ECUADOR IMPORTADORA Y EXPORTADORA LCTE S.A.,A0311.01,A0311.01,Armadores / pesca marítima,MANTA,MANTA,ACTIVA,balances_2021_3.txt,casilleros,101,3429784.48,2340258.16,1089526.32,10854576.4,10909219.8,10592934.8,316284.99,241958.02,1,-0.0
2021,307031,1391853777001,EMPACADORA DE PRODUCTOS DEL MAR ZAMBRANO & MACIAS RODAVICMAR S.A.,C1020.02,C1020.02,Industria: elaboración y conservación de pescado,MANTA,MANTA,ACTIVA,balances_2021_3.txt,casilleros,38,2797.75,39479.51,-36681.76,0.0,0.0,402.04,-402.04,-402.04,1,0.0
2021,307043,1391853971001,PESQUERA Y FRIGORIFICOS POSLIGUA PYFP PESFRI CIA.LTDA.,A0311.01,A0311.01,Armadores / pesca marítima,JARAMIJÓ,JARAMIJÓ,ACTIVA,balances_2021_3.txt,casilleros,32,0.0,0.0,0.0,134627.02,134627.02,75424.22,59202.8,0.0,1,0.0
2021,307087,1391854137001,EMPACADORA MKF MARK FISH S.A.,C1020.04,C1020.04,Industria: elaboración y conservación de pescado,MANTA,MANTA,ACTIVA,balances_2021_3.txt,casilleros,33,0.0,0.0,0.0,0.02,0.02,0.0,0.02,0.0,1,0.0
2021,307175,1391854676001,COVE PROMAR COMPRA Y VENTA DE PRODUCTOS DEL MAR COVEPROMAR S.A.,A0311.01,A0311.01,Armadores / pesca marítima,MANTA,MANTA,DISOLUCIÓN Y LIQUIDACIÓN OFICIO INSCRITA EN RM,balances_2021_3.txt,casilleros,96,1251876.11,1031441.35,220434.76,1695184.61,1822289.97,1810053.11,12236.86,6860.84,1,0.0
2021,307815,1391857233001,PESCAPECES S.A.,A0311.01,A0311.01,Armadores / pesca marítima,MANTA,MANTA,DISOLUCIÓN Y LIQUIDACIÓN OFICIO INSCRITA EN RM,balances_2021_3.txt,casilleros,108,17143706.88,15331726.85,1811980.03,7925800.42,7990400.81,7872969.55,117431.26,89834.91,1,-0.0
2021,308161,1391859139001,BARAKA SA EMPRESA DE COMERCIALIZACION EXPORTACIONES E IMPORTACIONES DE PESCA BARAKAFISHCORP S.A.,A0311.01,A0311.01,Armadores / pesca marítima,MANTA,MANTA,DISOLUCIÓN Y LIQUIDACIÓN OFICIO INSCRITA EN RM,balances_2021_3.txt,casilleros,17,800.0,0.0,800.0,0.0,0.0,0.0,0.0,0.0,1,0.0
2021,308992,1391865147001,COMERCIALIZADORA Y TRANSPORTE RASAMFISH COM&TRANS RASAMFISH RASAMFISH COMPAÑIA DE RESPONSABILIDAD LIMITADA,C1020.02,C1020.02,Industria: elaboración y conservación de pescado,MANTA,MANTA,ACTIVA,balances_2021_3.txt,casilleros,20,36344.0,0.0,36344.0,0.0,0.0,0.0,0.0,35344.0,1,0.0
2021,309035,1391865376001,DISTRIBUIDORA PROCESADORA DE PESCA DISPROPESCA S.A.,A0311.01,A0311.01,Armadores / pesca marítima,MANTA,MANTA,ACTIVA,balances_2021_3.txt,casilleros,90,374911.49,258975.23,115936.26,1744977.43,1744981.31,1730330.32,14650.99,9339.97,1,-0.0
2021,309585,1391868618001,SOLORZANO & AVILA EXPORTADORA DEL MAR EVVERFISH S.A.,A0311.01,A0311.01,Armadores / pesca marítima,MANTA,MANTA,ACTIVA,balances_2021_3.txt,casilleros,57,103679.2,45879.2,57800.0,2622565.19,2622565.19,2608041.01,14524.18,0.0,1,0.0
2021,311172,1391876327001,CORPORACION VJX S.A.,C1020.02,C1020.02,Industria: elaboración y conservación de pescado,MANTA,MANTA,ACTIVA,balances_2021_3.txt,casilleros,22,1030.36,200.15,830.21,0.0,0.0,0.0,0.0,0.0,1,-0.0
2021,311358,1391877293001,TUNA QUEEN TUQUEEN S.A.,A0311.03,A0311.03,Armadores / pesca marítima,MANTA,MANTA,ACTIVA,balances_2021_1.txt,NIIF_jerarquico,7,800.0,0.0,800.0,0.0,0.0,0.0,0.0,0.0,1,0.0
2021,311606,1391878605001,YESMAR S.A.,A0311.01,A0311.01,Armadores / pesca marítima,JARAMIJÓ,JARAMIJÓ,ACTIVA,balances_2021_3.txt,casilleros,26,900.0,0.0,900.0,0.0,0.01,0.0,0.01,0.0,1,0.0
2021,312950,1391897529001,BLUE-TRADING S.A.,A0311.01,A0311.01,Armadores / pesca marítima,MANTA,MANTA,ACTIVA,balances_2021_3.txt,casilleros,33,12792.0,11544.67,1247.33,24.45,24.45,350.1,-325.65,447.33,1,0.0
2021,313585,1391900767001,GIGAPESCA CIA.LTDA.,A0311.01,A0311.01,Armadores / pesca marítima,MANTA,MANTA,ACTIVA,balances_2021_3.txt,casilleros,1,0.0,0.0,0.0,0.0,0.0,0.0,0.0,0.0,1,0.0
2021,314426,1391904029001,SUR TUNA SURTUNA S.A.,A0311.01,A0311.01,Armadores / pesca marítima,MANTA,MANTA,ACTIVA,balances_2021_3.txt,casilleros,105,9418103.42,8224458.08,1193645.34,5968787.81,5971221.74,5702625.26,268596.48,228307.01,1,-0.0
2021,315116,1391906439001,SANPRODUCMAR S.A.,A0311.01,A0311.01,Armadores / pesca marítima,MANTA,MANTA,DISOLUCIÓN Y LIQUIDACIÓN OFICIO INSCRITA EN RM,balances_2021_3.txt,casilleros,28,102860.18,85845.43,17014.75,0.0,0.0,0.0,0.0,3713.55,1,0.0
2021,315542,1391907893001,PESCA INDUSTRIALIZACION Y EXPORTACION PESINEX S.A.,A0311.01,A0311.01,Armadores / pesca marítima,MANTA,MANTA,ACTIVA,balances_2021_3.txt,casilleros,37,800.0,0.0,800.0,56.61,56.61,5.36,51.25,0.0,1,0.0
2021,315660,1391908326001,INDUSTRIA BIOACUATICA DEL PACIFICO SA IBP S.A.,C1020.06,C1020.06,Industria: elaboración y conservación de pescado,MANTA,MANTA,ACTIVA,balances_2021_3.txt,casilleros,91,256007.17,238228.35,17778.82,131988.95,131988.95,128101.63,3887.32,3887.32,1,0.0
2021,321436,1391922736001,SHRIMPSOCIETY S.A.,C1020.03,C1020.03,Industria: elaboración y conservación de pescado,MANTA,MANTA,ACTIVA,balances_2021_3.txt,casilleros,17,800.0,0.0,800.0,0.0,0.0,0.0,0.0,0.0,1,0.0
2021,322631,1391924585001,TUNABEACH FRONT S.A.,A0311.03,A0311.03,Armadores / pesca marítima,MANTA,MANTA,ACTIVA,balances_2021_1.txt,NIIF_jerarquico,17,56060.7,55260.7,800.0,0.0,0.0,0.0,0.0,0.0,1,0.0
2021,323449,1391925301001,PESQUERA ECUATUNA S.A.,A0311.01,A0311.01,Armadores / pesca marítima,MANTA,MANTA,ACTIVA,balances_2021_3.txt,casilleros,17,5000.0,0.0,5000.0,0.0,0.0,0.0,0.0,0.0,1,0.0
2021,323587,1391925611001,CAPIFISH S.A.,A0311.01,A0311.01,Armadores / pesca marítima,MANTA,MANTA,ACTIVA,balances_2021_3.txt,casilleros,89,6516224.4,6485934.09,30290.31,1287291.9,1287291.9,1241316.11,45975.79,28790.31,1,0.0
2021,323972,1391926189001,TUNAAUGERE S.A.,A0311.01,A0311.01,Armadores / pesca marítima,MANTA,MANTA,ACTIVA,balances_2021_3.txt,casilleros,17,800.0,0.0,800.0,0.0,0.0,0.0,0.0,0.0,1,0.0
2021,323973,1391926197001,FORTETUNA S.A.,A0311.01,A0311.01,Armadores / pesca marítima,MANTA,MANTA,ACTIVA,balances_2021_3.txt,casilleros,17,800.0,0.0,800.0,0.0,0.0,0.0,0.0,0.0,1,0.0
2021,325989,1391929501001,FISHOLTMANT CIA.LTDA.,C1020.02,C1020.02,Industria: elaboración y conservación de pescado,MANTA,MANTA,ACTIVA,balances_2021_3.txt,casilleros,17,1600.0,0.0,1600.0,0.0,0.0,0.0,0.0,0.0,1,0.0
2021,326644,1391930550001,CONSERLUJAZ MANTA S.A.,A0311.01,A0311.01,Armadores / pesca marítima,MANTA,MANTA,ACTIVA,balances_2021_3.txt,casilleros,17,800.0,0.0,800.0,0.0,0.0,0.0,0.0,0.0,1,0.0
2021,329027,1391931919001,PESQUERA-TRANSOCEANICA S.A.S.,A0311.01,A0311.01,Armadores / pesca marítima,MANTA,MANTA,ACTIVA,balances_2021_1.txt,NIIF_jerarquico,8,10000.0,0.0,10000.0,0.0,0.0,0.0,0.0,0.0,1,0.0
2021,329258,1391931935001,SERVICIOS PESQUEROS Y CONEXAS DE GENNA LOURIDO SERPEDG S.A.S.,A0311.01,A0311.01,Armadores / pesca marítima,MANTA,MANTA,ACTIVA,balances_2021_3.txt,casilleros,50,12130.0,2496.06,9633.94,42500.0,42500.0,31430.84,11069.16,7809.27,1,0.0
2021,34175,1390141692001,EMPACADORA BILBO S.A. BILBOSA,C1020.01,C1020.01,Industria: elaboración y conservación de pescado,MANTA,MANTA,ACTIVA,balances_2021_3.txt,casilleros,192,32053307.7,19992163.1,12061144.6,43989641.5,44921634.1,44444740.8,476893.29,225090.69,1,-0.0
2021,34292,1390144039001,PESCADO FRESCO DE EXPORTACION PEFREXPORT S.A.,C1020.04,C1020.04,Industria: elaboración y conservación de pescado,MANTA,MANTA,ACTIVA,balances_2021_3.txt,casilleros,47,23533.1,32978.65,-9445.55,0.0,10934.63,30219.96,-19285.33,-19285.33,1,-0.0
2021,34328,1390145493001,FISHCORP S.A.,A0311.01,A0311.01,Armadores / pesca marítima,JARAMIJÓ,JARAMIJÓ,ACTIVA,balances_2021_1.txt,NIIF_jerarquico,112,25574751.34,17591914.09,7982837.25,25261780.46,25263401.490000002,25245172.31,16608.15,11011.21,1,0.0
2021,34346,1390145957001,PESQUERA PERALTA SOCIEDAD ANONIMA PESPERALTA,A0311.01,A0311.01,Armadores / pesca marítima,MANTA,MANTA,ACTIVA,balances_2021_3.txt,casilleros,29,25550.17,13575.12,11975.05,0.0,0.0,0.0,0.0,0.0,1,-0.0
2021,34388,1390147186001,MARBELIZE S.A.,C1020.04,C1020.04,Industria: elaboración y conservación de pescado,JARAMIJÓ,JARAMIJÓ,ACTIVA,balances_2021_3.txt,casilleros,199,81936660.9,76455117.6,5481543.28,112368067.0,114389444.0,118865831.0,-4476386.91,-4445490.56,1,0.02
2021,34420,1390148212001,MANABITA DE COMERCIO S.A. MANCORSACOM,C1020.04,C1020.04,Industria: elaboración y conservación de pescado,JARAMIJÓ,JARAMIJÓ,ACTIVA,balances_2021_3.txt,casilleros,173,7768991.95,2185773.78,5583218.17,10465405.4,10538407.9,9063179.65,1475228.25,955046.19,1,0.0
2021,34442,1390149154001,SHELLFISH S.A.,A0311.01,A0311.01,Armadores / pesca marítima,MANTA,MANTA,ACTIVA,balances_2021_3.txt,casilleros,99,1165749.0,560451.78,605297.22,2476556.03,2492102.98,2405307.26,86795.72,86795.72,1,0.0
2021,34449,1390149219001,EUROFISH S.A.,C1020.04,C1020.04,Industria: elaboración y conservación de pescado,MONTECRISTI,MONTECRISTI,ACTIVA,balances_2021_3.txt,casilleros,194,140706481.0,74409064.0,66297417.0,171296292.0,177933611.0,174125004.0,3808607.62,2270198.89,1,0.0
2021,34453,1390149316001,MADEPACIF S.A.,C1020.02,C1020.02,Industria: elaboración y conservación de pescado,MANTA,MANTA,DISOLUCIÓN Y LIQUIDACIÓN OFICIO INSCRITA EN RM,balances_2021_3.txt,casilleros,75,426334.4,410470.65,15863.75,2354595.83,2354595.83,2347576.28,7019.55,4653.96,1,0.0
2021,34521,1391700776001,TECNICA Y COMERCIO DE LA PESCA C.A. TECOPESCA,A0311.01,A0311.01,Armadores / pesca marítima,JARAMIJÓ,JARAMIJÓ,ACTIVA,balances_2021_3.txt,casilleros,212,132000624.0,85817899.3,46182724.3,133823546.0,138143352.0,139839702.0,-1696350.21,-1893128.26,1,0.4
2021,34525,1391700830001,"MANACRIPEX CIA. LTDA. MANABITA DE CRIA , PESCA Y EXPORTACION",A0311.03,A0311.03,Armadores / pesca marítima,JARAMIJÓ,JARAMIJÓ,ACTIVA,balances_2021_3.txt,casilleros,154,26357158.4,7480883.41,18876275.0,5344683.23,5405079.33,5214274.75,190804.58,101112.93,1,-0.01
2021,34611,1391709765001,PESQUERA UGAVI S.A.,A0311.03,A0311.03,Armadores / pesca marítima,MANTA,MANTA,ACTIVA,balances_2021_3.txt,casilleros,161,55718682.1,34975346.7,20743335.5,23762289.1,24319986.1,23260895.0,1059091.11,279873.74,1,-0.1
2021,34614,1391701926001,INDUSTRIA ATUNERA S.A. INDUATUN,A0311.01,A0311.01,Armadores / pesca marítima,MANTA,MANTA,ACTIVA,balances_2021_3.txt,casilleros,123,15854807.8,7681760.07,8173047.77,4149890.12,4149890.12,4176754.28,-26864.16,-68136.06,1,-0.04
2021,34630,1391702094001,DIAZ VASQUEZ DIVA S.A.,A0311.01,A0311.01,Armadores / pesca marítima,MANTA,MANTA,ACTIVA,balances_2021_3.txt,casilleros,51,3497569.33,1812485.28,1685084.05,0.0,0.0,8283.9,-8283.9,-8283.9,1,0.0
2021,34725,1391726740001,INMOTUNA S.A.,A0311.01,A0311.01,Armadores / pesca marítima,MANTA,MANTA,ACTIVA,balances_2021_3.txt,casilleros,50,493718.13,211730.53,281987.6,0.0,0.0,6289.99,-6289.99,-4717.49,1,0.0
2021,34727,1391716702001,MEGAOCEAN S.A,A0311.01,A0311.01,Armadores / pesca marítima,MANTA,MANTA,ACTIVA,balances_2021_3.txt,casilleros,123,6321054.21,4353664.52,1967389.69,2424030.79,2424580.89,2333047.81,91533.08,56609.58,1,0.0
2021,34759,1391717474001,PROVIPACIF S.A,A0311.01,A0311.01,Armadores / pesca marítima,MANTA,MANTA,ACTIVA,balances_2021_3.txt,casilleros,88,8472822.58,917761.78,7555060.8,116000.0,116000.0,138450.08,-22450.08,-22450.08,1,0.0
2021,34863,1391722486001,UNIOCEAN S.A.,A0311.03,A0311.03,Armadores / pesca marítima,MANTA,MANTA,ACTIVA,balances_2021_3.txt,casilleros,154,27543205.4,13598118.7,13945086.7,11050598.1,11598663.2,10837731.7,760931.46,260870.57,1,0.0
2021,34903,1391723318001,OCEANFISH S.A.,A0311.01,A0311.01,Armadores / pesca marítima,MANTA,MANTA,ACTIVA,balances_2021_3.txt,casilleros,141,16151037.7,10325607.1,5825430.63,9751031.99,9833100.86,10896086.1,-1062985.26,-1062985.76,1,-0.03
2021,34919,1391724500001,PESCIMERA S.A,A0311.01,A0311.01,Armadores / pesca marítima,MANTA,MANTA,ACTIVA,balances_2021_3.txt,casilleros,111,5265886.07,2068699.33,3197186.74,3018321.82,3021330.31,3025422.29,-4091.98,-52990.5,1,0.0
2021,34948,1391724837001,PRODUCTOS PESQUEROS S.A. PRODUPES,C1020.06,C1020.06,Industria: elaboración y conservación de pescado,MONTECRISTI,MONTECRISTI,ACTIVA,balances_2021_3.txt,casilleros,129,13289927.0,4242232.24,9047694.79,25484056.2,25496879.1,24267901.1,1228977.99,692020.79,1,-0.03
2021,34958,1391725426001,CARIBBEAN ATLANTIC CARTLANT S.A.,A0311.01,A0311.01,Armadores / pesca marítima,MANTA,MANTA,ACTIVA,balances_2021_1.txt,NIIF_jerarquico,8,800.0,0.0,800.0,0.0,0.0,0.0,0.0,0.0,1,0.0
2021,35171,1390140319001,"FRIGORIFICO Y LABORATORIO SAN MATEO, FRIGOLAB SAN MATEO CIA. LTDA.",A0311.01,A0311.01,Armadores / pesca marítima,JARAMIJÓ,JARAMIJÓ,ACTIVA,balances_2021_3.txt,casilleros,187,37200206.2,27755591.3,9444614.99,50179943.9,50211168.5,49490501.5,720666.99,95198.5,1,-0.09
2021,35254,1390143024001,PES NUNEZ SANTANA PESNUSAN CIA. LTDA.,C1020.02,C1020.02,Industria: elaboración y conservación de pescado,MONTECRISTI,MONTECRISTI,ACTIVA,balances_2021_3.txt,casilleros,123,735671.95,585200.49,150471.46,4066266.29,4067026.29,4066276.42,749.87,637.39,1,-0.0
2021,35294,1390144861001,MAREROCE EXPORT IMPORT CIA. LTDA.,C1020.01,C1020.01,Industria: elaboración y conservación de pescado,JARAMIJÓ,JARAMIJÓ,ACTIVA,balances_2021_3.txt,casilleros,90,7623127.81,6224656.99,1398470.82,8162408.09,8162408.09,8087146.91,75261.18,49898.17,1,-0.0
2021,35359,1390148034001,PESQUERA CHOPITEA CIA. LTDA.,A0311.01,A0311.01,Armadores / pesca marítima,MANTA,MANTA,ACTIVA,balances_2021_3.txt,casilleros,101,707316.32,389575.4,317740.92,21125.0,25142.97,70959.23,-45816.26,-47350.67,1,-0.0
2021,35364,1390148433001,ALIMENTOS INTEGRADOS ALINTEGRA CIA. LTDA.,C1020.05,C1020.05,Industria: elaboración y conservación de pescado,MANTA,MANTA,ACTIVA,balances_2021_3.txt,casilleros,41,58018.87,28122.98,29895.89,0.0,0.0,5810.05,-5810.05,-5810.05,1,0.0
2021,35420,1391700938001,MANATUN CIA. LTDA.,A0311.01,A0311.01,Armadores / pesca marítima,MANTA,MANTA,DISOLUCIÓN Y LIQUIDACIÓN OFICIO INSCRITA EN RM,balances_2021_1.txt,NIIF_jerarquico,23,33813.62,328.51,33485.11,0.0,0.0,0.0,0.0,0.0,1,0.0
2021,35688,1391729391001,PESQUERA BETH EEL S.A.,A0311.01,A0311.01,Armadores / pesca marítima,MONTECRISTI,MONTECRISTI,ACTIVA,balances_2021_3.txt,casilleros,89,454954.23,328365.55,126588.68,1885817.96,1887386.15,1870232.42,17153.73,10620.5,1,0.0
2021,35766,1391732872001,FRIGORIFICO Y CONSERVERA DE LA PESCA FRICOPES S.A.,A0311.01,A0311.01,Armadores / pesca marítima,MANTA,MANTA,ACTIVA,balances_2021_3.txt,casilleros,120,1910273.0,293642.46,1616630.54,3052038.14,3067216.71,3127117.45,-59900.74,-59900.79,1,0.0
2021,35826,1391732813001,FISHMAR S.A.,A0311.01,A0311.01,Armadores / pesca marítima,MANTA,MANTA,ACTIVA,balances_2021_3.txt,casilleros,124,4233478.06,321084.04,3912394.02,1649403.84,1734159.23,955395.8,778763.43,492410.68,1,-0.0
2021,35888,1391734271001,USAFISH S.A.,C1020.02,C1020.02,Industria: elaboración y conservación de pescado,MANTA,MANTA,ACTIVA,balances_2021_3.txt,casilleros,119,15039042.3,9989340.67,5049701.6,21715915.0,21737926.1,21013100.6,724825.41,616101.6,1,0.03
2021,35973,1391736452001,B&B TUNE_SUPPLIERS S.A.,A0311.01,A0311.01,Armadores / pesca marítima,MANTA,MANTA,ACTIVA,balances_2021_3.txt,casilleros,162,32727329.1,11943915.2,20783414.0,10837833.1,11146201.6,10623242.2,522959.44,212790.76,1,-0.1
2021,369,1790034305001,SEAFMAN SOCIEDAD ECUATORIANA DE ALIMENTOS Y FRIGORIFICOS MANTA C.A.,C1020.02,C1020.02,Industria: elaboración y conservación de pescado,MANTA,MANTA,ACTIVA,balances_2021_3.txt,casilleros,157,65127556.3,46827654.8,18299901.5,145302912.0,145386259.0,145406587.0,-20328.24,-274213.06,1,0.0
2021,39949,1391773439001,PESCAEXITO CIA. LTDA.,A0311.01,A0311.01,Armadores / pesca marítima,MANTA,MANTA,ACTIVA,balances_2021_3.txt,casilleros,18,0.01,0.01,0.0,0.0,0.0,0.0,0.0,0.0,1,0.0
2021,61759,1391775903001,CONSULTORES INDUSTRIALES Y PRODUCTOS DEL MAR S.A. CIPROMAR,A0311.01,A0311.01,Armadores / pesca marítima,MANTA,MANTA,ACTIVA,balances_2021_3.txt,casilleros,98,455146.2,233512.0,221634.2,2602069.71,2602069.71,2571753.76,30315.95,25768.56,1,0.0
2021,62647,1391776683001,FRANCHI FISH S.A.,A0311.01,A0311.01,Armadores / pesca marítima,MANTA,MANTA,ACTIVA,balances_2021_3.txt,casilleros,110,216883.31,152970.8,63912.51,1489935.88,1489983.09,1480001.33,9981.76,5925.04,1,0.0
2021,63129,1391777434001,MUNDOTRADE S.A.,A0311.01,A0311.01,Armadores / pesca marítima,MANTA,MANTA,DISOLUCIÓN Y LIQUIDACIÓN OFICIO INSCRITA EN RM,balances_2021_3.txt,casilleros,26,56265.05,45074.79,11190.26,0.0,0.0,0.0,0.0,0.0,1,0.0
2021,636,1390005713001,INDUSTRIA ECUATORIANA PRODUCTORA DE ALIMENTOS CA INEPACA,C1020.02,C1020.02,Industria: elaboración y conservación de pescado,MANTA,MANTA,ACTIVA,balances_2021_3.txt,casilleros,153,60880186.3,12361718.5,48518467.9,56994129.0,58605714.5,55850895.7,2754818.73,1668215.45,1,-0.1
2021,63945,1391778732001,INTERNACIONAL SEAFOOD FOODINTER S.A.,C1020.03,C1020.03,Industria: elaboración y conservación de pescado,MANTA,MANTA,DISOLUCIÓN Y LIQUIDACIÓN OFICIO NO INSCRITA EN RM,balances_2021_1.txt,NIIF_jerarquico,19,752.44,21332.93,-20580.49,0.0,0.0,0.0,0.0,0.0,1,0.0
2021,64976,1391779801001,EMPACADORA ALKRISTO DEL MAR S.A. EMPALMAR,A0311.01,A0311.01,Armadores / pesca marítima,MANTA,MANTA,ACTIVA,balances_2021_3.txt,casilleros,101,1562288.95,1334599.33,227689.62,5784928.82,5784929.73,5739479.73,45450.0,55449.87,1,-0.0
2021,700234,1391824416001,GOODMARCOM S.A.,A0311.03,A0311.03,Armadores / pesca marítima,JARAMIJÓ,JARAMIJÓ,ACTIVA,balances_2021_3.txt,casilleros,132,10636813.6,9492993.31,1143820.32,14379784.7,14380366.4,13691783.7,688582.72,585295.31,1,-0.03
2021,702387,1391825676001,CORPORACION FRANK REVELO. EXPORTACION - IMPORTACION - PESQUERA AGRICOLA. EXPORMANTA S.A.,A0311.01,A0311.01,Armadores / pesca marítima,MANTA,MANTA,ACTIVA,balances_2021_3.txt,casilleros,86,398155.07,356155.48,41999.59,1205862.36,1205862.36,1155664.29,50198.07,32001.27,1,0.0
2021,7027,1390050352001,CONSERVAS ISABEL ECUATORIANA S.A.,C1020.02,C1020.02,Industria: elaboración y conservación de pescado,MANTA,MANTA,ACTIVA,balances_2021_3.txt,casilleros,205,111868422.0,52342083.8,59526338.5,156889265.0,160247922.0,153397048.0,6850874.42,3523359.19,1,-0.3
2021,703246,1391827598001,COMERCIALIZADORA DEL MAR PEZ&PEZ S.A.,A0311.01,A0311.01,Armadores / pesca marítima,MANTA,MANTA,ACTIVA,balances_2021_3.txt,casilleros,110,3161946.07,1948469.61,1213476.46,6806145.17,6807148.02,6711853.85,95294.17,0.0,1,-0.0
2021,703855,1391829469001,NAVIERA ECUATORIANA PICHINCHA NAVIP S.A.,A0311.03,A0311.03,Armadores / pesca marítima,MANTA,MANTA,ACTIVA,balances_2021_3.txt,casilleros,43,599160.83,21574.67,577586.16,0.0,0.0,44158.83,-44158.83,-44158.83,1,-0.0
2021,703862,1391829434001,NAVIERA ECUATORIANA DAULE NAECUDAL S.A.,A0311.03,A0311.03,Armadores / pesca marítima,MANTA,MANTA,DISOLUCIÓN Y LIQUIDACIÓN OFICIO INSCRITA EN RM,balances_2021_3.txt,casilleros,45,616886.62,70737.7,546148.92,0.0,0.0,56110.15,-56110.15,-56110.15,1,0.0
2021,704035,1391829426001,INDUSTRIAS CIBIS SANUS INDUCIBIS S.A.,C1020.02,C1020.02,Industria: elaboración y conservación de pescado,MANTA,MANTA,ACTIVA,balances_2021_3.txt,casilleros,17,800.0,0.0,800.0,0.0,0.0,0.0,0.0,0.0,1,0.0
2021,704360,1391830068001,PESQUERA TUNAQUICK S.A.,A0311.01,A0311.01,Armadores / pesca marítima,MONTECRISTI,MONTECRISTI,ACTIVA,balances_2021_3.txt,casilleros,86,5627476.11,5274636.42,352839.69,13785995.24,13848144.32,13768575.25,79569.07,79569.07,1,0.0
2021,704997,1391831846001,COMERCIALIZADORA HERNAN CHICA IMEXTUNACONP S.A.,A0311.01,A0311.01,Armadores / pesca marítima,MANTA,MANTA,ACTIVA,balances_2021_1.txt,NIIF_jerarquico,87,1401789.37,1305748.32,96041.05,6612255.19,6622780.390000001,6609587.75,2667.44,56.4,1,0.0
2021,707762,1391837135001,CONSERVAS DEL MAR MARCONSERVA S.A.,A0311.01,A0311.01,Armadores / pesca marítima,JARAMIJÓ,JARAMIJÓ,DISOLUCIÓN Y LIQUIDACIÓN OFICIO NO INSCRITA EN RM,balances_2021_3.txt,casilleros,39,1416292.9,391648.89,1024644.01,0.0,0.0,3046.83,-3046.83,-3046.83,1,-0.0
2021,708436,1391840241001,PESQUERA DEL SUR PESQUESURSA S.A.,A0311.03,A0311.03,Armadores / pesca marítima,MONTECRISTI,MONTECRISTI,ACTIVA,balances_2021_3.txt,casilleros,97,3929929.12,3146352.38,783576.74,4489832.37,4489832.81,3881825.17,608007.64,458043.97,1,0.0
2021,708841,1391841981001,FISHINGDEGFER S.A.,A0311.01,A0311.01,Armadores / pesca marítima,MANTA,MANTA,ACTIVA,balances_2021_3.txt,casilleros,40,4224.26,3755.02,469.24,0.0,0.0,125.8,-125.8,-125.8,1,0.0
2021,708842,1391841124001,EXPORTADORA PACIFICO EXPORTPACIFIC S.A.,C1020.02,C1020.02,Industria: elaboración y conservación de pescado,MANTA,MANTA,ACTIVA,balances_2021_3.txt,casilleros,17,1000.0,0.0,1000.0,0.0,0.0,0.0,0.0,0.0,1,0.0
2021,709051,1391841485001,ESPADEROS-PACIFICO S.A.,A0311.01,A0311.01,Armadores / pesca marítima,MANTA,MANTA,ACTIVA,balances_2021_3.txt,casilleros,38,1002338.99,915520.0,86818.99,0.0,0.0,1129.17,-1129.17,-1129.17,1,-0.0
2021,709326,1391842309001,SULLIVAN BAY PESCA SBP-ECUADOR S.A.,A0311.01,A0311.01,Armadores / pesca marítima,MANTA,MANTA,ACTIVA,balances_2021_3.txt,casilleros,17,800.0,0.0,800.0,0.0,0.0,0.0,0.0,0.0,1,0.0
2021,709774,1391844174001,ATLANTIS EC COMERCIALIZACION DE PESCADO FRESCO Y CONGELADO COMERFRESCON COMPAÑIA DE RESPONSABILIDAD LIMITADA,A0311.01,A0311.01,Armadores / pesca marítima,MANTA,MANTA,ACTIVA,balances_2021_3.txt,casilleros,28,1443.51,1841.22,-397.71,0.0,0.0,0.0,0.0,0.0,1,-0.0
2021,709840,1391846339001,PESQUERA ALZAMFISH S.A.,A0311.01,A0311.01,Armadores / pesca marítima,MANTA,MANTA,DISOLUCIÓN Y LIQUIDACIÓN DE PLENO DERECHO INSC. RM,balances_2021_1.txt,NIIF_jerarquico,7,15000.0,0.0,15000.0,0.0,0.0,0.0,0.0,0.0,1,0.0
2021,709973,1391845960001,FRESCOPES S.A.,A0311.01,A0311.01,Armadores / pesca marítima,MANTA,MANTA,ACTIVA,balances_2021_3.txt,casilleros,46,945.6,36.4,909.2,39628.08,39628.08,39482.48,145.6,109.2,1,0.0
2021,710004,1391846185001,COMERCIALIZADORA SERVICIOS LOGÍSTICOS OPERFRESH S.A.,A0311.01,A0311.01,Armadores / pesca marítima,MANTA,MANTA,DISOLUCIÓN Y LIQUIDACIÓN OFICIO INSCRITA EN RM,balances_2021_3.txt,casilleros,63,478002.61,296050.5,181952.11,2421927.7,2421927.7,2241197.15,180730.55,180730.55,1,0.0
2021,711302,1391850336001,PROCONMAN S.A.,A0311.01,A0311.01,Armadores / pesca marítima,MANTA,MANTA,ACTIVA,balances_2021_3.txt,casilleros,61,72862.17,50666.63,22195.54,706227.82,706227.82,802594.32,-96366.5,-94616.5,1,0.0
2021,713870,1391858973001,PISCANTUR S.A.,A0311.03,A0311.03,Armadores / pesca marítima,JARAMIJÓ,JARAMIJÓ,ACTIVA,balances_2021_3.txt,casilleros,123,12677703.1,11105530.6,1572172.52,5139949.34,5275833.95,5180716.02,95117.93,0.0,1,-0.02
2021,714154,1391858892001,IMPORT & EXPORT SKYFISH S.A.,A0311.01,A0311.01,Armadores / pesca marítima,MANTA,MANTA,ACTIVA,balances_2021_1.txt,NIIF_jerarquico,42,21788.52,11109.86,10678.66,1059333.08,1059333.08,1059113.22,0.0,219.86,1,0.0
2021,714314,1391859589001,ECOPEZ EXPORT SOCIEDAD ANÓNIMA,A0311.01,A0311.01,Armadores / pesca marítima,MONTECRISTI,MONTECRISTI,ACTIVA,balances_2021_3.txt,casilleros,35,1000.0,1000.0,0.0,0.02,0.02,3000.0,-2999.98,0.0,1,0.0
2021,714437,1391859937001,CONSERVERA MAR Y PESCA CONMARPES S.A.,C1020.04,C1020.04,Industria: elaboración y conservación de pescado,JARAMIJÓ,JARAMIJÓ,ACTIVA,balances_2021_3.txt,casilleros,17,2000.0,0.0,2000.0,0.0,0.0,0.0,0.0,0.0,1,0.0
2021,714869,1391862075001,COMPAÑIA VILLACIS & ESPINOZA ROSMARFISH S.A.,A0311.01,A0311.01,Armadores / pesca marítima,MANTA,MANTA,ACTIVA,balances_2021_1.txt,NIIF_jerarquico,33,63431.05,0.0,63431.05,205.02,205.02,1060.8,-855.78,-855.78,1,0.0
2021,714890,1391861591001,COMERCIALIZADORA FREDDY & MARLON GOSENFISH S.A.,A0311.01,A0311.01,Armadores / pesca marítima,MANTA,MANTA,ACTIVA,balances_2021_3.txt,casilleros,99,1017548.67,803560.02,213988.65,1008694.14,1008694.14,905581.12,103113.02,67472.19,1,0.0
2021,714926,1391861788001,NEGOCIOS INDUSTRIALES DEL MAR NEGOINMAR S.A.,C1020.02,C1020.02,Industria: elaboración y conservación de pescado,MANTA,MANTA,ACTIVA,balances_2021_3.txt,casilleros,17,800.0,0.0,800.0,0.0,0.0,0.0,0.0,0.0,1,0.0
2021,715117,1391862806001,COMERCIALIZADORA SEA FISHERS COMERSEAFISH S.A.,A0311.01,A0311.01,Armadores / pesca marítima,MANTA,MANTA,DISOLUCIÓN Y LIQUIDACIÓN OFICIO INSCRITA EN RM,balances_2021_3.txt,casilleros,39,210000.0,200000.0,10000.0,100.0,100.0,0.0,100.0,0.0,1,0.0
2021,715262,1391864477001,PESQUERAKORPEZ S.A.,A0311.01,A0311.01,Armadores / pesca marítima,MANTA,MANTA,ACTIVA,balances_2021_3.txt,casilleros,67,999175.68,443407.78,555767.9,7727738.72,7727738.72,7517786.67,209952.05,0.0,1,0.0
2021,715711,1391865198001,"FREDDY & JERONIMO CAÑARTE ZAMBRANO VENTA, PROCESO Y COMERCIALIZACIÓN DE PRODUCTOS DE LA PESCA FREJERFISH S.A.",A0311.01,A0311.01,Armadores / pesca marítima,MANTA,MANTA,ACTIVA,balances_2021_3.txt,casilleros,71,27562.26,17726.69,9835.57,44832.0,44832.0,34104.11,10727.89,8690.53,1,0.0
2021,716330,1391867603001,YESFISH S.A.,C1020.02,C1020.02,Industria: elaboración y conservación de pescado,JARAMIJÓ,JARAMIJÓ,ACTIVA,balances_2021_3.txt,casilleros,75,234616.6,225535.39,9081.21,1612487.92,1612487.92,1602672.5,9815.42,6183.72,1,-0.0
2021,716882,1391869215001,CHONILLO FISH CHONIFISH S.A.,A0311.01,A0311.01,Armadores / pesca marítima,JARAMIJÓ,JARAMIJÓ,ACTIVA,balances_2021_3.txt,casilleros,24,15756.2,14756.2,1000.0,0.0,0.0,0.0,0.0,0.0,1,0.0
2021,717158,1391870884001,ALCERTUNA S.A.,A0311.01,A0311.01,Armadores / pesca marítima,MANTA,MANTA,DISOLUCIÓN Y LIQUIDACIÓN DE PLENO DERECHO INSC. RM,balances_2021_3.txt,casilleros,17,10000.0,0.0,10000.0,0.0,0.0,0.0,0.0,0.0,1,0.0
2021,717406,1391882440001,B.K. MAR EXPORTADORA E IMPORTADORA BKMAREI S.A.,A0311.01,A0311.01,Armadores / pesca marítima,MANTA,MANTA,ACTIVA,balances_2021_3.txt,casilleros,65,10903.71,6384.96,4518.75,311400.0,311400.0,295195.79,16204.21,16204.21,1,-0.0
2021,717746,1391876483001,PESQUERA SALVAFISH S.A.,A0311.01,A0311.01,Armadores / pesca marítima,MANTA,MANTA,DISOLUCIÓN Y LIQUIDACIÓN OFICIO INSCRITA EN RM,balances_2021_1.txt,NIIF_jerarquico,67,2799167.0,2952614.0,-153447.0,1169676.0,1169828.0,1603250.0,-433422.0,-317773.0,1,0.0
2021,717750,1391875940001,SERVIBUQUES S.A.,A0311.01,A0311.01,Armadores / pesca marítima,MANTA,MANTA,ACTIVA,balances_2021_3.txt,casilleros,30,1327.87,254.61,1073.26,0.0,10.0,0.0,10.0,10.0,1,-0.0
2021,718126,1391873190001,ATUNERA VERMONT ATUNVERMONT S.A.,A0311.03,A0311.03,Armadores / pesca marítima,MANTA,MANTA,ACTIVA,balances_2021_3.txt,casilleros,101,1564957.68,1420366.95,144590.73,990465.72,1007025.74,985661.62,21364.12,18159.5,1,-0.0
2021,718613,1391875061001,SEAFOODPREMIUMEXPORT CIA.LTDA.,A0311.03,A0311.03,Armadores / pesca marítima,MANTA,MANTA,ACTIVA,balances_2021_3.txt,casilleros,36,17140.84,11926.09,5214.75,263.0,263.0,24.0,239.0,239.0,1,0.0
2021,718977,1391877633001,INVERSIONES CURIMAGUA S.A.,A0311.01,A0311.01,Armadores / pesca marítima,MANTA,MANTA,DISOLUCIÓN Y LIQUIDACIÓN OFICIO INSCRITA EN RM,balances_2021_3.txt,casilleros,88,77334.61,74889.01,2445.6,61018.4,61018.4,59018.4,2000.0,1147.5,1,0.0
2021,719385,1391877765001,PESQUERA DOÑAROGE S.A.,A0311.03,A0311.03,Armadores / pesca marítima,MANTA,MANTA,ACTIVA,balances_2021_3.txt,casilleros,117,2269550.67,1322571.28,946979.39,2624958.48,2730392.97,2742279.79,-11886.82,-23401.81,1,-0.0
2021,719388,1391877811001,PESQUERAROCIO S.A.,A0311.03,A0311.03,Armadores / pesca marítima,MANTA,MANTA,ACTIVA,balances_2021_3.txt,casilleros,130,5730482.39,1516633.77,4213848.62,7386461.75,7530952.93,5053586.67,2477366.26,1661684.24,1,-0.0
2021,719390,1391877838001,PESQUERA DOÑAMARUJA S.A.,A0311.03,A0311.03,Armadores / pesca marítima,MANTA,MANTA,ACTIVA,balances_2021_3.txt,casilleros,116,3207581.72,1747935.12,1459646.6,3066373.13,3108162.24,2598395.97,509766.27,322832.46,1,0.0
2021,719391,1391877803001,PESQUERA DONBARTOLO S.A.,A0311.03,A0311.03,Armadores / pesca marítima,MANTA,MANTA,ACTIVA,balances_2021_3.txt,casilleros,125,3770439.78,571793.94,3198645.84,3250345.23,3376951.47,2677360.21,699591.26,444593.9,1,0.0
2021,719589,1391878508001,GEMIMARKSA S.A.,C1020.06,C1020.06,Industria: elaboración y conservación de pescado,MONTECRISTI,MONTECRISTI,ACTIVA,balances_2021_3.txt,casilleros,77,280280.89,249768.88,30512.01,1113947.25,1114149.24,1079708.61,34440.63,34440.63,1,0.0
2021,720249,0993151556001,OCEANMANABI S.A.,A0311.01,A0311.01,Armadores / pesca marítima,MANTA,MANTA,ACTIVA,balances_2021_3.txt,casilleros,44,1000.0,0.0,1000.0,42380.8,42380.8,40680.1,1700.7,0.0,1,0.0
2021,720604,1391881525001,EXPORTADORA JUAN FISH JUANFISH S.A.,A0311.01,A0311.01,Armadores / pesca marítima,MANTA,MANTA,ACTIVA,balances_2021_3.txt,casilleros,75,150902.99,48625.28,102277.71,2176792.61,2176792.61,2145507.09,31285.52,26592.69,1,-0.0
2021,72073,0991313788001,ASISERVY S.A.,C1020.02,C1020.02,Industria: elaboración y conservación de pescado,JARAMIJÓ,JARAMIJÓ,ACTIVA,balances_2021_1.txt,NIIF_jerarquico,205,86743880.54,59889374.32,26854506.22,100617049.68,102672284.76,101830964.22999999,954281.5,552096.29,1,0.0
2021,72096,0991316531001,AGROL S.A.,A0311.01,A0311.01,Armadores / pesca marítima,MANTA,MANTA,ACTIVA,balances_2021_1.txt,NIIF_jerarquico,80,4462635.98,4048542.72,414093.26,546998.17,1093996.34,526389.5700000001,20608.6,20608.6,1,0.0
2021,723990,1391904401001,CENTRO DE BIOTECNOLOGIAS OMICAS CEBIOMICS S.A.,A0311.01,A0311.01,Armadores / pesca marítima,MONTECRISTI,MONTECRISTI,ACTIVA,balances_2021_3.txt,casilleros,55,35927.43,4666.03,31261.4,300.0,300.0,8254.62,-7954.62,-8661.08,1,0.0
2021,724337,1391904983001,PEZ KOI PEZKOI S.A.,A0311.01,A0311.01,Armadores / pesca marítima,MANTA,MANTA,ACTIVA,balances_2021_3.txt,casilleros,17,800.0,0.0,800.0,0.0,0.0,0.0,0.0,0.0,1,0.0
2021,724578,1391905505001,DELIMARINA S.A.,C1020.04,C1020.04,Industria: elaboración y conservación de pescado,MANTA,MANTA,ACTIVA,balances_2021_3.txt,casilleros,17,800.0,0.0,800.0,0.0,0.0,0.0,0.0,0.0,1,0.0
2021,724980,1391906277001,ALBACORA-FISH S.A.,A0311.01,A0311.01,Armadores / pesca marítima,MANTA,MANTA,ACTIVA,balances_2021_3.txt,casilleros,52,2262295.15,2002931.36,259363.79,13850.0,13850.0,13552.77,297.23,231.84,1,-0.0
2021,726893,1391911726001,MOLLITIAM S.A.,A0311.03,A0311.03,Armadores / pesca marítima,JARAMIJÓ,JARAMIJÓ,ACTIVA,balances_2021_3.txt,casilleros,67,18459193.6,18957918.5,-498724.97,0.0,9426.75,368136.08,-358709.33,-358709.33,1,0.07
2021,727297,1391912196001,PESCAFRESDELECUADOR S.A.,A0311.03,A0311.03,Armadores / pesca marítima,MANTA,MANTA,ACTIVA,balances_2021_3.txt,casilleros,17,800.0,0.0,800.0,0.0,0.0,0.0,0.0,0.0,1,0.0
2021,727394,1391912684001,ATUNERA DEL PACIFICO SUR ATUNSUR S.A.,A0311.01,A0311.01,Armadores / pesca marítima,MANTA,MANTA,ACTIVA,balances_2021_3.txt,casilleros,11,0.0,0.0,0.0,0.0,0.0,0.0,0.0,0.0,1,0.0
2021,728270,1391913796001,INDUSTRIA ATUNERA REYAZUL S.A.,A0311.01,A0311.01,Armadores / pesca marítima,MANTA,MANTA,ACTIVA,balances_2021_3.txt,casilleros,72,1741043.51,396224.06,1344819.45,2057022.7,2057022.7,1562379.81,494642.89,295153.41,1,0.0
2021,729264,1391917449001,JRMOREIRA CIA.LTDA.,A0311.01,A0311.01,Armadores / pesca marítima,MANTA,MANTA,ACTIVA,balances_2021_3.txt,casilleros,46,65000.0,55000.0,10000.0,1389730.0,1389730.0,1385816.75,3913.25,0.0,1,0.0
2021,730406,1391916094001,BRIOTUNA S.A.S.,C1020.02,C1020.02,Industria: elaboración y conservación de pescado,MANTA,MANTA,DISOLUCIÓN Y LIQUIDACIÓN DE PLENO DERECHO INSC. RM,balances_2021_3.txt,casilleros,84,560204.03,350048.4,210155.63,745924.99,745926.03,668198.61,77727.42,69511.85,1,0.0
2021,730479,1391920911001,EMPRESA DE ALIMENTOS MONTECRISTI EMPAMON S.A.,C1020.02,C1020.02,Industria: elaboración y conservación de pescado,MANTA,MANTA,ACTIVA,balances_2021_3.txt,casilleros,90,192992.52,190756.42,2236.1,231261.37,238263.38,236573.85,1689.53,1436.1,1,-0.0
2021,731170,1391917406001,PRODUCTORA ATUNERA MOLINA VALLE PROTUNA S.A.,A0311.03,A0311.03,Armadores / pesca marítima,MANTA,MANTA,ACTIVA,balances_2021_3.txt,casilleros,35,810.57,500.0,310.57,230.0,230.0,719.43,-489.43,-489.43,1,0.0
2021,731645,1391917708001,HARIBALAN S.A.S.,C1020.05,C1020.05,Industria: elaboración y conservación de pescado,MANTA,MANTA,ACTIVA,balances_2021_3.txt,casilleros,59,127650.0,50132.16,77517.84,1613863.31,1613863.31,1536445.47,77417.84,77417.84,1,0.0
2021,731843,1391917589001,ALIMENTOS CONGELADOS ALIMARE S.A.,C1020.02,C1020.02,Industria: elaboración y conservación de pescado,JARAMIJÓ,JARAMIJÓ,ACTIVA,balances_2021_3.txt,casilleros,70,106052.7,103732.22,2320.48,59016.5,59016.5,56723.17,2293.33,1520.48,1,-0.0
2021,732752,1391918682001,ISLAS-CIES S.A.,A0311.01,A0311.01,Armadores / pesca marítima,MONTECRISTI,MONTECRISTI,ACTIVA,balances_2021_3.txt,casilleros,36,5000.0,0.0,5000.0,302.0,302.0,350.0,-48.0,0.0,1,0.0
2021,734074,1391927061001,EMPRESA PESQUERA CAPFERGUE S.A.,A0311.01,A0311.01,Armadores / pesca marítima,MANTA,MANTA,ACTIVA,balances_2021_3.txt,casilleros,31,0.0,4619.1,-4619.1,0.0,10.0,5629.1,-5619.1,-5619.1,1,0.0
2021,735196,1391923023001,PARIMASECOM S.A.S.,A0311.03,A0311.03,Armadores / pesca marítima,MONTECRISTI,MONTECRISTI,ACTIVA,balances_2021_3.txt,casilleros,17,100.0,0.0,100.0,0.0,0.0,0.0,0.0,0.0,1,0.0
2021,735565,1391923848001,COMPAÑIA DE EXPORTADORES DE PRODUCTOS DEL MAR ''EXPO&MAR'' S.A.,C1020.04,C1020.04,Industria: elaboración y conservación de pescado,MANTA,MANTA,ACTIVA,balances_2021_3.txt,casilleros,58,301519.33,70816.54,230702.79,419422.5,419422.5,393906.1,25516.4,17912.51,1,0.0
2021,736025,1391924267001,SOISAMAR S.A.S.,A0311.01,A0311.01,Armadores / pesca marítima,JARAMIJÓ,JARAMIJÓ,ACTIVA,balances_2021_1.txt,NIIF_jerarquico,22,493166.27,145861.51,347304.76,0.0,0.0,0.0,0.0,0.0,1,0.0
2021,737090,1391926499001,DEXICON S.A.,C1020.02,C1020.02,Industria: elaboración y conservación de pescado,MANTA,MANTA,ACTIVA,balances_2021_3.txt,casilleros,67,232352.37,220047.49,12304.88,212920.0,212920.0,210615.12,2304.88,2304.88,1,0.0
2021,737763,1391927711001,RENAPACIFIC IMPORTADORA Y EXPORTADORA S.A.,A0311.01,A0311.01,Armadores / pesca marítima,MANTA,MANTA,ACTIVA,balances_2021_3.txt,casilleros,23,2853.73,853.73,2000.0,0.0,0.0,0.0,0.0,0.0,1,0.0
2021,738014,1391928688001,UMITUNA S.A.,A0311.01,A0311.01,Armadores / pesca marítima,MANTA,MANTA,ACTIVA,balances_2021_3.txt,casilleros,17,1000.0,0.0,1000.0,0.0,0.0,0.0,0.0,0.0,1,0.0
2021,739713,1391931808001,DISTRIBUIDORA DE PRODUCTOS ALIMENTICIOSFCP S.A.,C1020.02,C1020.02,Industria: elaboración y conservación de pescado,JARAMIJÓ,JARAMIJÓ,ACTIVA,balances_2021_3.txt,casilleros,31,2948.54,2058.44,890.1,0.0,0.0,109.9,-109.9,-109.9,1,-0.0
2021,741372,1391932147001,ECUATUNAMAR S.A.,A0311.01,A0311.01,Armadores / pesca marítima,MANTA,MANTA,DISOLUCIÓN Y LIQUIDACIÓN OFICIO INSCRITA EN RM,balances_2021_3.txt,casilleros,17,1000.0,0.0,1000.0,0.0,0.0,0.0,0.0,0.0,1,0.0
2021,79132,0991417117001,MARMONTESAN S.A.,A0311.01,A0311.01,Armadores / pesca marítima,MONTECRISTI,MONTECRISTI,ACTIVA,balances_2021_3.txt,casilleros,90,262562.23,236543.85,26018.38,167243.84,204798.84,202714.11,2084.73,1376.58,1,-0.0
2021,83238,0991469095001,TADEL S.A.,C1020.05,C1020.05,Industria: elaboración y conservación de pescado,JARAMIJÓ,JARAMIJÓ,ACTIVA,balances_2021_3.txt,casilleros,179,42429007.3,5727460.09,36701547.2,0.0,47294257.0,41874560.9,5419696.1,2278032.39,1,0.01
2021,95584,1391738803001,EYCO S.A.,A0311.01,A0311.01,Armadores / pesca marítima,MANTA,MANTA,ACTIVA,balances_2021_3.txt,casilleros,104,710361.98,460666.83,249695.15,6203342.52,6203342.52,6051408.36,151934.16,151934.16,1,-0.0
2021,95604,1391739524001,PROHAPEZ MANTA S.A.,A0311.01,A0311.01,Armadores / pesca marítima,MONTECRISTI,MONTECRISTI,ACTIVA,balances_2021_3.txt,casilleros,10,2100.0,0.0,2100.0,0.0,0.0,0.0,0.0,0.0,1,0.0
2021,95611,0992471557001,EMPROPESCA S.A.,A0311.01,A0311.01,Armadores / pesca marítima,MANTA,MANTA,ACTIVA,balances_2021_3.txt,casilleros,43,31973.56,432570.36,-400596.8,0.0,0.0,348000.0,-348000.0,-348000.0,1,0.0
2021,95657,1391740433001,COMERCIALIZADORA DE PRODUCTOS DEL MAR SINAI S. A.,A0311.01,A0311.01,Armadores / pesca marítima,MONTECRISTI,MONTECRISTI,ACTIVA,balances_2021_3.txt,casilleros,67,516909.02,62065.28,454843.74,1302595.42,1302595.42,1068322.34,234273.08,234273.08,1,0.0
2021,95725,1391742320001,TUNIDOS DEL PACIFICO S.A.,C1020.02,C1020.02,Industria: elaboración y conservación de pescado,MANTA,MANTA,DISOLUCIÓN Y LIQUIDACIÓN OFICIO INSCRITA EN RM,balances_2021_3.txt,casilleros,11,0.0,0.0,0.0,0.0,0.0,0.0,0.0,0.0,1,0.0
2021,95806,1391744064001,PESPESCA S.A.,C1020.07,C1020.07,Industria: elaboración y conservación de pescado,MONTECRISTI,MONTECRISTI,ACTIVA,balances_2021_3.txt,casilleros,183,47185432.5,26711062.7,20474369.8,62111468.8,62270143.7,61347164.3,922979.46,516422.85,1,0.0
2021,95871,1391744943001,AMATXU MARIA LUISA CIA. LTDA.,A0311.01,A0311.01,Armadores / pesca marítima,MANTA,MANTA,ACTIVA,balances_2021_3.txt,casilleros,88,611925.25,407649.47,204275.78,247547.77,247547.77,243955.23,3592.54,2262.77,1,0.0
2021,95900,1391745656001,OCEAN FARM S.A.,A0311.01,A0311.01,Armadores / pesca marítima,MANTA,MANTA,ACTIVA,balances_2021_3.txt,casilleros,59,1226689.65,993216.81,233472.84,0.0,0.0,262507.06,-262507.06,-163687.8,1,-0.0
2021,95926,1391746830001,FRESH FISH DEL ECUADOR CIA. LTDA.,A0311.01,A0311.01,Armadores / pesca marítima,MANTA,MANTA,ACTIVA,balances_2021_3.txt,casilleros,142,8343136.88,5986640.61,2356496.27,9530794.34,9610167.13,9622513.4,-12346.27,-12346.27,1,-0.0
2021,95993,1391747314001,INDUSTRIAS DE PRODUCTOS DEL MAR S.A. IDELMAR,A0311.01,A0311.01,Armadores / pesca marítima,MANTA,MANTA,ACTIVA,balances_2021_3.txt,casilleros,118,4151928.45,2613667.85,1538260.6,4966905.85,4981407.29,4905292.43,76114.86,11055.66,1,0.0
2021,96020,1391748027001,DELIPESCA S.A.,A0311.01,A0311.01,Armadores / pesca marítima,MANTA,MANTA,ACTIVA,balances_2021_3.txt,casilleros,116,38755983.2,31946929.5,6809053.68,6992226.14,6992226.14,8430578.51,-1438352.37,-1438352.37,1,0.02
2021,96128,1391750811001,ISIMARE S.A.,A0311.01,A0311.01,Armadores / pesca marítima,JARAMIJÓ,JARAMIJÓ,ACTIVA,balances_2021_3.txt,casilleros,116,1523256.59,1092339.79,430916.8,716757.34,716757.34,664720.54,52036.8,43768.12,1,0.0
2021,96213,1391753071001,EUROTUNA S.A.,A0311.01,A0311.01,Armadores / pesca marítima,MANTA,MANTA,ACTIVA,balances_2021_1.txt,NIIF_jerarquico,31,655387.0,565359.0,90028.0,1034156.0,1073954.0,895278.0,0.0,5742.0,1,0.0
2021,96216,1391752377001,MARINE PROTEIN MARPROT S.A.,A0311.01,A0311.01,Armadores / pesca marítima,MONTECRISTI,MONTECRISTI,ACTIVA,balances_2021_1.txt,NIIF_jerarquico,124,4915763.75,3371187.92,1544575.83,5699567.09,5699567.09,4837206.66,841388.43,565933.75,1,0.0
2021,96218,1391752822001,MARCARIBE S.A.,A0311.01,A0311.01,Armadores / pesca marítima,MANTA,MANTA,ACTIVA,balances_2021_3.txt,casilleros,23,7998.37,204.08,7794.29,0.0,0.0,0.0,0.0,0.0,1,0.0
2021,96265,1391753233001,TECNIMAR CIA. LTDA.,A0311.01,A0311.01,Armadores / pesca marítima,MANTA,MANTA,ACTIVA,balances_2021_3.txt,casilleros,37,1658.63,0.0,1658.63,0.01,0.01,71.25,-71.24,-71.24,1,0.0
2021,99022,0991520767001,GALDECUN S.A.,C1020.06,C1020.06,Industria: elaboración y conservación de pescado,JARAMIJÓ,JARAMIJÓ,ACTIVA,balances_2021_3.txt,casilleros,123,3187873.06,2330487.96,857385.1,4103455.21,4103475.98,4073583.28,29892.7,280.02,1,0.0
2022,100223,1391782926001,ALIMENTOS DEL MAR MARFOODSA S.A.,A0311.01,A0311.01,Armadores / pesca marítima,JARAMIJÓ,JARAMIJÓ,ACTIVA,balances_2022_1.txt,NIIF_jerarquico,51,90600.63,19187.04,71413.59,14000.0,14000.0,0.0,1745.48,1361.47,1,0.0
2022,10060,1390021646001,PESPACA PESQUERA DEL PACIFICO CA,C1020.02,C1020.02,Industria: elaboración y conservación de pescado,MANTA,MANTA,ACTIVA,balances_2022_1.txt,NIIF_jerarquico,39,1929361.04,1168173.49,761187.55,481173.64,481173.64,481173.64,0.0,0.0,1,0.0
2022,109262,0992262427001,GEOPAXI S.A.,A0311.01,A0311.01,Armadores / pesca marítima,MANTA,MANTA,DISOLUCIÓN Y LIQUIDACIÓN OFICIO INSCRITA EN RM,balances_2022_1.txt,NIIF_jerarquico,125,19235501.57,12250347.2,6985154.37,10150543.47,10374501.14,13104725.17,-2730224.03,-2730224.03,1,0.0
2022,111848,0992299231001,ELVAYKA KYOEI S.A.,A0311.01,A0311.01,Armadores / pesca marítima,MANTA,MANTA,ACTIVA,balances_2022_1.txt,NIIF_jerarquico,136,33572357.66,22064371.48,11507986.18,21329789.97,21574093.599999998,20671557.56,902536.04,512834.24,1,-0.0
2022,114130,0992331283001,XUK S.A.,A0311.01,A0311.01,Armadores / pesca marítima,JARAMIJÓ,JARAMIJÓ,ACTIVA,balances_2022_1.txt,NIIF_jerarquico,110,3274569.55,1643178.88,1631390.67,5201200.73,5201200.73,3095253.45,278346.57,104508.03,1,0.0
2022,115653,0992354186001,TUNAEXPORT S.A.S.,A0311.01,A0311.01,Armadores / pesca marítima,MANTA,MANTA,ACTIVA,balances_2022_1.txt,NIIF_jerarquico,94,11819892.43,5825422.05,5994470.38,2931866.14,2931866.14,3051342.9099999997,-119476.77,-119476.77,1,0.0
2022,11733,1390013643001,INDUSTRIA DE ENLATADOS ALIMENTICIOS CIA LTDA IDEAL,C1020.02,C1020.02,Industria: elaboración y conservación de pescado,MONTECRISTI,MONTECRISTI,DISOLUCIÓN Y LIQUIDACIÓN OFICIO INSCRITA EN RM,balances_2022_1.txt,NIIF_jerarquico,139,44764766.32,37947000.41,6817765.91,15052684.34,16094780.27,16522080.780000001,0.0,-455268.64,1,0.0
2022,12582,1390034063001,EMPRESA DEL MAR CIA LTDA,A0311.01,A0311.01,Armadores / pesca marítima,MANTA,MANTA,ACTIVA,balances_2022_1.txt,NIIF_jerarquico,80,441384.11,415945.28,25438.83,275266.73,275266.73,266799.35,8467.38,5567.74,1,-0.0
2022,126601,0992505621001,SUNSTAR S.A.,A0311.01,A0311.01,Armadores / pesca marítima,MANTA,MANTA,ACTIVA,balances_2022_1.txt,NIIF_jerarquico,61,96947.76,110225.86,-13278.1,0.0,0.0,6585.03,-7138.57,-7198.57,1,-0.0
2022,128384,0992530332001,ASTILLERO ESPERANZA DEL MAR C.A. ASTIESMAR,A0311.01,A0311.01,Armadores / pesca marítima,JARAMIJÓ,JARAMIJÓ,ACTIVA,balances_2022_1.txt,NIIF_jerarquico,128,10739986.08,6931322.92,3808663.16,973461.65,1783958.99,1692782.99,91176.0,24002.06,1,0.0
2022,134444,0992623284001,POKINCI S.A.,C1020.02,C1020.02,Industria: elaboración y conservación de pescado,JARAMIJÓ,JARAMIJÓ,ACTIVA,balances_2022_1.txt,NIIF_jerarquico,30,3837333.35,3039789.51,797543.84,0.0,0.0,0.0,0.0,0.0,1,0.0
2022,137966,1391785003001,COMERCIALIZADORA TONINO SEA FOOD S.A. COMTOSEAFOOD,A0311.01,A0311.01,Armadores / pesca marítima,MANTA,MANTA,ACTIVA,balances_2022_1.txt,NIIF_jerarquico,40,212789.25,187770.42,25018.83,19745.0,19745.0,19666.17,78.83,18.83,1,-0.0
2022,139001,1391785402001,PESQUERA MONTECRISTI S.A. PESQUEMONSA,A0311.01,A0311.01,Armadores / pesca marítima,MANTA,MANTA,ACTIVA,balances_2022_1.txt,NIIF_jerarquico,98,6867711.35,3768989.62,3098721.73,5457297.44,5459459.420000001,5379585.2700000005,77712.17,20004.53,1,-0.0
2022,139004,1391799101001,PUERTOMAR S.A.,A0311.03,A0311.03,Armadores / pesca marítima,JARAMIJÓ,JARAMIJÓ,ACTIVA,balances_2022_1.txt,NIIF_jerarquico,106,29194907.19,20253662.25,8941244.94,53529343.13,53533673.440000005,51905658.74,1628014.7,1383812.49,1,0.0
2022,141044,1391790619001,FULL MOON ECUADOR FULMEC S.A.,A0311.01,A0311.01,Armadores / pesca marítima,MANTA,MANTA,ACTIVA,balances_2022_1.txt,NIIF_jerarquico,60,132780.25,119951.8,12828.45,1794860.0,1794860.0,1791686.9,3173.1,3173.1,1,-0.0
2022,141596,1391788185001,COVEROSA S.A.,A0311.01,A0311.01,Armadores / pesca marítima,MANTA,MANTA,ACTIVA,balances_2022_1.txt,NIIF_jerarquico,51,435788.54,285798.81,149989.73,1602290.43,1602290.43,0.0,21738.53,18477.75,1,-0.0
2022,143146,1391789629001,ACUIRÍA S.A.,C1020.01,C1020.01,Industria: elaboración y conservación de pescado,MANTA,MANTA,DISOLUCIÓN Y LIQUIDACIÓN OFICIO INSCRITA EN RM,balances_2022_1.txt,NIIF_jerarquico,66,1305168.28,424016.96,881151.32,5330056.25,5330056.25,5127148.319999999,202907.93,158268.19,1,0.0
2022,143165,1391790589001,ACUICOLA Y PISCICOLA LA ISLA S.A. ACUISLA,A0311.01,A0311.01,Armadores / pesca marítima,MANTA,MANTA,ACTIVA,balances_2022_1.txt,NIIF_jerarquico,50,226239.39,82219.12,144020.27,137788.28,137788.28,137325.48,462.8,312.3,1,0.0
2022,143580,1391790260001,OSAKAFISH S.A.,A0311.01,A0311.01,Armadores / pesca marítima,MANTA,MANTA,DISOLUCIÓN Y LIQUIDACIÓN OFICIO INSCRITA EN RM,balances_2022_1.txt,NIIF_jerarquico,22,42408.67,1944.12,40464.55,653621.92,653621.92,0.0,0.0,5832.35,1,-0.0
2022,143702,1391790279001,AGRICOLA Y PISCICOLA SUSSMANN DELGADO AGROSUSSDEL S.A.,A0311.01,A0311.01,Armadores / pesca marítima,MANTA,MANTA,ACTIVA,balances_2022_1.txt,NIIF_jerarquico,23,16823.85,25304.94,-8481.09,192500.0,192500.0,0.0,0.0,3355.39,1,0.0
2022,143706,1391790287001,PESQUERA ATUNES DEL PACIFICO S.A. ''ATUNPACIFICOSA'',A0311.03,A0311.03,Armadores / pesca marítima,MANTA,MANTA,ACTIVA,balances_2022_1.txt,NIIF_jerarquico,95,4602363.9,869253.19,3733110.71,1314741.95,1316949.79,955409.64,361540.15,203457.73,1,0.0
2022,144167,1391791488001,GRUPO DEGFER CIA. LTDA.,A0311.01,A0311.01,Armadores / pesca marítima,JARAMIJÓ,JARAMIJÓ,ACTIVA,balances_2022_1.txt,NIIF_jerarquico,176,77410774.1,41174081.27,36236692.83,47333022.49,47358818.72,47109822.980000004,248995.74,18664.71,1,-0.0
2022,144336,1391791097001,PESCADOS Y MARISCOS DEL PACIFICO S.A. PESMARPAC,A0311.01,A0311.01,Armadores / pesca marítima,JARAMIJÓ,JARAMIJÓ,ACTIVA,balances_2022_1.txt,NIIF_jerarquico,102,2624078.1,2354592.44,269485.66,6195861.13,6195941.4799999995,5823827.93,0.0,33954.43,1,0.0
2022,144480,1391791178001,ALETAMARILLA S.A.,A0311.01,A0311.01,Armadores / pesca marítima,MANTA,MANTA,ACTIVA,balances_2022_1.txt,NIIF_jerarquico,96,2796441.41,381352.73,2415088.68,2191110.85,2272144.16,2354482.9800000004,-82338.82,-83534.36,1,0.0
2022,144740,1391799624001,LOGISTICA INTERNACIONAL LOGISINSA S.A.,A0311.01,A0311.01,Armadores / pesca marítima,MANTA,MANTA,ACTIVA,balances_2022_1.txt,NIIF_jerarquico,84,2049295.84,1065415.88,983879.96,2102991.81,2102991.81,1769306.06,333685.75,209909.6,1,0.0
2022,145016,1391791895001,INDUSTRIAL PESQUERA DEL PACIFICO S.A. INPESPA,A0311.01,A0311.01,Armadores / pesca marítima,MANTA,MANTA,ACTIVA,balances_2022_1.txt,NIIF_jerarquico,5,800.0,0.0,800.0,0.0,0.0,0.0,0.0,0.0,1,0.0
2022,145888,1391793308001,PESFRESCO S.A.,A0311.01,A0311.01,Armadores / pesca marítima,MANTA,MANTA,ACTIVA,balances_2022_1.txt,NIIF_jerarquico,90,170174.16,90884.98,79289.18,597535.33,599804.5299999999,553624.58,4057.44,-3110.13,1,0.0
2022,145894,1391793065001,EMPACADORA DE MARISCOS ECUAMARISC CIA. LTDA.,A0311.01,A0311.01,Armadores / pesca marítima,MANTA,MANTA,ACTIVA,balances_2022_1.txt,NIIF_jerarquico,44,651078.81,623711.33,27367.48,823713.5,823713.5,819374.8200000001,4338.68,3384.17,1,0.0
2022,146215,1391792999001,SARDINAS DEL PACIFICO S.A. SARDIPAC,A0311.01,A0311.01,Armadores / pesca marítima,JARAMIJÓ,JARAMIJÓ,ACTIVA,balances_2022_1.txt,NIIF_jerarquico,102,6457615.0,5913955.0,543660.0,8790065.0,8790065.0,926012.0,-82204.0,-72126.0,1,0.0
2022,146541,1391793405001,ASOCIACION DE PESCA EXPORTABLE ASOPESEX C.A.,A0311.01,A0311.01,Armadores / pesca marítima,MANTA,MANTA,ACTIVA,balances_2022_1.txt,NIIF_jerarquico,9,800.0,0.0,800.0,0.0,0.0,0.0,0.0,0.0,1,0.0
2022,146715,1391793731001,VIDA MARINA VIMARINA CIA. LTDA.,C1020.04,C1020.04,Industria: elaboración y conservación de pescado,MANTA,MANTA,ACTIVA,balances_2022_1.txt,NIIF_jerarquico,60,468636.97,186811.65,281825.32,513739.46,513739.46,488261.35,25478.11,21656.39,1,-0.0
2022,146994,1391793960001,PD-PESCA S.A.,A0311.01,A0311.01,Armadores / pesca marítima,JARAMIJÓ,JARAMIJÓ,ACTIVA,balances_2022_1.txt,NIIF_jerarquico,56,70700.13,78812.93,-8112.8,456.0,456.0,120.0,0.0,-44.0,1,0.0
2022,148632,1391796056001,INTERATLANTIC S.A.,A0311.01,A0311.01,Armadores / pesca marítima,MANTA,MANTA,ACTIVA,balances_2022_1.txt,NIIF_jerarquico,39,34825.7,2103.82,32721.88,44571.7,44571.7,31243.5,13328.2,11023.25,1,-0.0
2022,149717,1391797672001,FERPIL'S S.A.,A0311.01,A0311.01,Armadores / pesca marítima,MANTA,MANTA,ACTIVA,balances_2022_1.txt,NIIF_jerarquico,14,9138.15,5852.41,3285.74,0.0,0.0,0.0,0.0,0.0,1,0.0
2022,164355,1391797958001,PRODUMAN ECUADOR CIA. LTDA.,A0311.01,A0311.01,Armadores / pesca marítima,MANTA,MANTA,ACTIVA,balances_2022_1.txt,NIIF_jerarquico,38,399164.66,396785.41,2379.25,12000.0,12000.0,0.0,1152.09,1092.09,1,0.0
2022,166157,1391800290001,COMERCIALIZADORA DE PRODUCTOS PESQUEROS S.A. COMPROPEZ,A0311.01,A0311.01,Armadores / pesca marítima,JARAMIJÓ,JARAMIJÓ,ACTIVA,balances_2022_1.txt,NIIF_jerarquico,102,729065.88,461298.44,267767.44,895030.65,895030.65,816149.4199999999,78881.23,42129.34,1,0.0
2022,166188,1391799713001,FRIGORIFICO Y LABORATORIO DE PESCA FRILABPESCA S.A.,A0311.01,A0311.01,Armadores / pesca marítima,MANTA,MANTA,ACTIVA,balances_2022_1.txt,NIIF_jerarquico,72,263583.83,212308.83,51275.0,975568.86,975568.86,0.0,1500.0,1275.0,1,0.0
2022,166190,1391799748001,TECNICA DE LA MARICULTURA S.A. TECNIMARSA,A0311.01,A0311.01,Armadores / pesca marítima,MANTA,MANTA,ACTIVA,balances_2022_1.txt,NIIF_jerarquico,26,43709.75,24251.56,19458.19,0.0,0.0,0.0,0.0,0.0,1,0.0
2022,166486,1391800568001,ECUAOCEAN S.A.,A0311.01,A0311.01,Armadores / pesca marítima,MANTA,MANTA,ACTIVA,balances_2022_1.txt,NIIF_jerarquico,7,52845.45,0.0,52845.45,0.0,0.0,0.0,0.0,0.0,1,0.0
2022,169235,1391803850001,MARPESCA ECUADOR S.A.,A0311.01,A0311.01,Armadores / pesca marítima,MONTECRISTI,MONTECRISTI,ACTIVA,balances_2022_1.txt,NIIF_jerarquico,38,39096.21,37425.86,1670.35,18648.57,18648.57,18259.01,528.89,-914.18,1,-0.0
2022,169323,1391804083001,PESDEMAR S.A.,A0311.01,A0311.01,Armadores / pesca marítima,MANTA,MANTA,ACTIVA,balances_2022_1.txt,NIIF_jerarquico,44,113733.84,6145.71,107588.13,191694.4,191694.4,0.0,22578.71,15712.77,1,-0.0
2022,170293,1391805381001,BRISATUN S.A.,A0311.01,A0311.01,Armadores / pesca marítima,MANTA,MANTA,DISOLUCIÓN Y LIQUIDACIÓN OFICIO INSCRITA EN RM,balances_2022_1.txt,NIIF_jerarquico,117,8658574.03,5282060.19,3376513.84,4636379.11,4704735.0600000005,5611100.23,-906365.17,-906365.17,1,-0.0
2022,170806,1391806000001,FLOSERPESCA S.A.,C1020.02,C1020.02,Industria: elaboración y conservación de pescado,MANTA,MANTA,ACTIVA,balances_2022_1.txt,NIIF_jerarquico,70,289054.05,116226.55,172827.5,870715.55,870715.55,803868.84,54621.63,34821.29,1,0.0
2022,171950,1391807651001,MONMIFISH S.A.,A0311.01,A0311.01,Armadores / pesca marítima,MANTA,MANTA,ACTIVA,balances_2022_1.txt,NIIF_jerarquico,88,22182891.44,22267351.79,-84460.35,41902481.95,42367630.14,41887866.309999995,14615.64,-257278.64,1,0.0
2022,172315,1391807627001,COMPAÑÍA AL MAR PESCA ALMARPEZ S.A.,A0311.01,A0311.01,Armadores / pesca marítima,MANTA,MANTA,ACTIVA,balances_2022_1.txt,NIIF_jerarquico,82,291257.74,270673.84,20583.9,419611.01,419611.01,409508.58999999997,10102.42,1211.63,1,-0.0
2022,172770,1391808143001,PRODUCTOS DEL MAR PROMARIT S.A.,C1020.07,C1020.07,Industria: elaboración y conservación de pescado,MANTA,MANTA,ACTIVA,balances_2022_1.txt,NIIF_jerarquico,46,325248.44,118724.0,206524.44,578950.39,578950.39,486331.43,84127.19,84127.19,1,0.0
2022,173162,1391808690001,CULTIVO DE PECES S.A. CULTIPESCA,C1020.07,C1020.07,Industria: elaboración y conservación de pescado,MANTA,MANTA,ACTIVA,balances_2022_1.txt,NIIF_jerarquico,19,27191.21,17976.98,9214.23,0.0,0.0,0.0,0.0,0.0,1,0.0
2022,173324,1391809522001,V&BFISH S.A.,A0311.01,A0311.01,Armadores / pesca marítima,MANTA,MANTA,ACTIVA,balances_2022_1.txt,NIIF_jerarquico,67,466118.73,332663.18,133455.55,2767206.15,2767206.15,2750069.96,17136.19,12852.14,1,0.0
2022,176832,1391814968001,BLAUFISH CIA. LTDA.,A0311.01,A0311.01,Armadores / pesca marítima,MANTA,MANTA,ACTIVA,balances_2022_1.txt,NIIF_jerarquico,86,791344.2,484102.37,307241.83,1016416.8,1016416.8,991817.62,0.0,1633.35,1,-0.0
2022,176961,1391814992001,"NAMAFRU NATURAL, MARISCO Y FRUTAS S.A.S.",A0311.01,A0311.01,Armadores / pesca marítima,JARAMIJÓ,JARAMIJÓ,ACTIVA,balances_2022_1.txt,NIIF_jerarquico,7,12500.0,0.0,12500.0,0.0,0.0,0.0,0.0,0.0,1,0.0
2022,177304,1391815239001,EMPACADORA FRIPEZ S.A.,A0311.01,A0311.01,Armadores / pesca marítima,MANTA,MANTA,ACTIVA,balances_2022_1.txt,NIIF_jerarquico,82,818963.2,621460.24,197502.96,2701514.05,2701514.05,2611957.91,89556.14,57092.04,1,-0.0
2022,178208,1391817371001,OCEAN KEY S.A. OCEANMANTA,A0311.01,A0311.01,Armadores / pesca marítima,MANTA,MANTA,ACTIVA,balances_2022_1.txt,NIIF_jerarquico,78,538808.65,430925.43,107883.22,1201095.62,1201095.62,1113263.41,0.0,87832.21,1,0.0
2022,179101,1391817320001,BOTE MIMORENITA4 S.A.,A0311.01,A0311.01,Armadores / pesca marítima,MANTA,MANTA,ACTIVA,balances_2022_1.txt,NIIF_jerarquico,12,2003.9,0.0,2003.9,0.0,0.0,0.0,0.0,0.0,1,0.0
2022,179519,1391817789001,CAMARONERA DEL PACIFICO S.A. PACIFCAM,A0311.01,A0311.01,Armadores / pesca marítima,MANTA,MANTA,ACTIVA,balances_2022_1.txt,NIIF_jerarquico,78,2265258.15,2067379.19,197878.96,942241.08,950247.48,906725.01,43522.47,33759.57,1,-0.0
2022,180003,1391818343001,TUNA FISHING COMPANY ECUADOR TUFICOM C. LTDA.,A0311.01,A0311.01,Armadores / pesca marítima,MANTA,MANTA,DISOLUCIÓN Y LIQUIDACIÓN OFICIO INSCRITA EN RM,balances_2022_1.txt,NIIF_jerarquico,8,400.0,0.0,400.0,0.0,0.0,0.0,0.0,0.0,1,0.0
2022,180892,1391819129001,CONSERVERATROPICAL CIA. LTDA.,C1020.02,C1020.02,Industria: elaboración y conservación de pescado,MANTA,MANTA,ACTIVA,balances_2022_1.txt,NIIF_jerarquico,23,54087.37,30701.17,23386.2,0.0,0.0,0.0,0.0,0.0,1,0.0
2022,18528,1790943178001,PRODUCTOS DEL MAR Y SABORES NACIONALES PROMARSAN CIA. LTDA.,C1020.04,C1020.04,Industria: elaboración y conservación de pescado,JARAMIJÓ,JARAMIJÓ,ACTIVA,balances_2022_1.txt,NIIF_jerarquico,112,2755684.22,1779386.5,976297.72,1044235.94,1044236.0299999999,1039574.8400000001,4661.19,3090.37,1,0.0
2022,19582,1390073891001,TRANSMARINA CA,A0311.03,A0311.03,Armadores / pesca marítima,MONTECRISTI,MONTECRISTI,ACTIVA,balances_2022_1.txt,NIIF_jerarquico,154,52135356.08,39649892.63,12485463.45,49192314.61,49192314.61,50171011.370000005,-978696.76,-1078775.93,1,-0.0
2022,205129,1391765770001,EMPACADORA MADEZA S.A.,C1020.02,C1020.02,Industria: elaboración y conservación de pescado,MANTA,MANTA,ACTIVA,balances_2022_1.txt,NIIF_jerarquico,72,343869.17,360286.59,-16417.42,468735.65,468735.65,547786.26,-83757.54,-83757.54,1,-0.0
2022,205167,1391766793001,POLARISPESCA S.A.,A0311.01,A0311.01,Armadores / pesca marítima,MANTA,MANTA,ACTIVA,balances_2022_1.txt,NIIF_jerarquico,85,3971573.82,3114329.08,857244.74,7449180.34,7449180.34,7362902.91,86277.43,38745.9,1,-0.0
2022,205205,1391767943001,ALHO FISH S.A.,A0311.01,A0311.01,Armadores / pesca marítima,MANTA,MANTA,ACTIVA,balances_2022_1.txt,NIIF_jerarquico,10,119266.0,0.0,119266.0,0.0,0.0,0.0,0.0,0.0,1,0.0
2022,205233,1391768567001,TXOPITUNA ECUADOR CIA. LTDA.,A0311.03,A0311.03,Armadores / pesca marítima,MANTA,MANTA,ACTIVA,balances_2022_1.txt,NIIF_jerarquico,120,1802652.16,330720.39,1471931.77,705886.28,741914.41,765613.27,-23698.86,-24246.93,1,0.0
2022,25440,0990555761001,PESDEL S.A.,A0311.01,A0311.01,Armadores / pesca marítima,JARAMIJÓ,JARAMIJÓ,ACTIVA,balances_2022_1.txt,NIIF_jerarquico,179,57388038.96,28671997.8,28716041.16,26930057.89,26992453.38,26085877.330000002,906576.05,418857.31,1,0.0
2022,301126,1391824483001,INDUSTRIA NH SIMILA NHSIMIL CIA.LTDA.,C1020.06,C1020.06,Industria: elaboración y conservación de pescado,MANTA,MANTA,ACTIVA,balances_2022_1.txt,NIIF_jerarquico,7,800.0,0.0,800.0,0.0,0.0,0.0,0.0,0.0,1,0.0
2022,301695,1391827113001,TIANXINGS S.A.,A0311.01,A0311.01,Armadores / pesca marítima,MANTA,MANTA,ACTIVA,balances_2022_1.txt,NIIF_jerarquico,59,968025.47,963404.33,4621.14,233899.61,304299.22,231944.85,1954.76,14.69,1,0.0
2022,304446,1391838689001,PESCA DEL OCÉANO PESCAOCEAN S.A.,A0311.01,A0311.01,Armadores / pesca marítima,MANTA,MANTA,DISOLUCIÓN Y LIQUIDACIÓN OFICIO INSCRITA EN RM,balances_2022_1.txt,NIIF_jerarquico,28,753685.86,1024092.88,-270407.02,0.0,0.0,8550.62,-8550.62,-8550.62,1,0.0
2022,305275,1391843976001,XLPESCA S.A.,A0311.01,A0311.01,Armadores / pesca marítima,MANTA,MANTA,INACTIVA,balances_2022_1.txt,NIIF_jerarquico,8,800.0,0.0,800.0,0.0,0.0,0.0,0.0,0.0,1,0.0
2022,306408,1391850859001,SEA&LAND COMERCIO E INVERSIONES MARINAS S.A.,A0311.01,A0311.01,Armadores / pesca marítima,MANTA,MANTA,ACTIVA,balances_2022_1.txt,NIIF_jerarquico,10,4000.0,0.0,4000.0,0.0,0.0,0.0,0.0,0.0,1,0.0
2022,306409,1391850867001,WORLD FISH AND SEAFOOD PROCESADORA Y COMERCIALIZADORA ''WORLDFISH'' COMPAÑIA ANÓNIMA,A0311.01,A0311.01,Armadores / pesca marítima,MANTA,MANTA,ACTIVA,balances_2022_1.txt,NIIF_jerarquico,38,2281523.67,833578.95,1447944.72,0.0,0.0,0.0,0.0,0.0,1,0.0
2022,306489,1391851138001,LOGISTIC CONTAINER & TRANSPORT ECUADOR IMPORTADORA Y EXPORTADORA LCTE S.A.,A0311.01,A0311.01,Armadores / pesca marítima,MANTA,MANTA,ACTIVA,balances_2022_1.txt,NIIF_jerarquico,110,4964550.3,3608898.35,1355651.95,10220029.42,10445298.63,10041155.629999999,404143.0,239513.07,1,-0.0
2022,307031,1391853777001,EMPACADORA DE PRODUCTOS DEL MAR ZAMBRANO & MACIAS RODAVICMAR S.A.,C1020.02,C1020.02,Industria: elaboración y conservación de pescado,MANTA,MANTA,ACTIVA,balances_2022_1.txt,NIIF_jerarquico,33,2797.75,39539.51,-36741.76,0.0,0.0,0.0,0.0,-60.0,1,0.0
2022,307043,1391853971001,PESQUERA Y FRIGORIFICOS POSLIGUA PYFP PESFRI CIA.LTDA.,A0311.01,A0311.01,Armadores / pesca marítima,JARAMIJÓ,JARAMIJÓ,ACTIVA,balances_2022_1.txt,NIIF_jerarquico,53,93823.72,10911.37,82912.35,94673.1,94673.1,35140.83,59532.27,49919.55,1,0.0
2022,307087,1391854137001,EMPACADORA MKF MARK FISH S.A.,C1020.04,C1020.04,Industria: elaboración y conservación de pescado,MANTA,MANTA,ACTIVA,balances_2022_1.txt,NIIF_jerarquico,8,800.0,0.0,800.0,0.0,0.0,0.0,0.0,0.0,1,0.0
2022,307815,1391857233001,PESCAPECES S.A.,A0311.01,A0311.01,Armadores / pesca marítima,MANTA,MANTA,DISOLUCIÓN Y LIQUIDACIÓN OFICIO INSCRITA EN RM,balances_2022_1.txt,NIIF_jerarquico,124,14511844.97,12133442.13,2378402.84,6744638.27,6768755.079999999,6481470.98,287284.1,219772.34,1,0.0
2022,308992,1391865147001,COMERCIALIZADORA Y TRANSPORTE RASAMFISH COM&TRANS RASAMFISH RASAMFISH COMPAÑIA DE RESPONSABILIDAD LIMITADA,C1020.02,C1020.02,Industria: elaboración y conservación de pescado,MANTA,MANTA,ACTIVA,balances_2022_1.txt,NIIF_jerarquico,10,223000.0,0.0,223000.0,0.0,0.0,0.0,0.0,0.0,1,0.0
2022,309035,1391865376001,DISTRIBUIDORA PROCESADORA DE PESCA DISPROPESCA S.A.,A0311.01,A0311.01,Armadores / pesca marítima,MANTA,MANTA,ACTIVA,balances_2022_1.txt,NIIF_jerarquico,112,498494.17,343409.14,155085.03,1593510.09,1596656.34,1534247.79,62408.55,39148.77,1,-0.0
2022,309585,1391868618001,SOLORZANO & AVILA EXPORTADORA DEL MAR EVVERFISH S.A.,A0311.01,A0311.01,Armadores / pesca marítima,MANTA,MANTA,ACTIVA,balances_2022_1.txt,NIIF_jerarquico,33,494934.42,423950.71,70983.71,1389260.2,1389260.2,1312022.0,0.0,13183.71,1,-0.0
2022,311172,1391876327001,CORPORACION VJX S.A.,C1020.02,C1020.02,Industria: elaboración y conservación de pescado,MANTA,MANTA,ACTIVA,balances_2022_1.txt,NIIF_jerarquico,15,1030.36,200.15,830.21,0.0,0.0,0.0,0.0,0.0,1,-0.0
2022,311358,1391877293001,TUNA QUEEN TUQUEEN S.A.,A0311.03,A0311.03,Armadores / pesca marítima,MANTA,MANTA,ACTIVA,balances_2022_1.txt,NIIF_jerarquico,7,800.0,0.0,800.0,0.0,0.0,0.0,0.0,0.0,1,0.0
2022,311606,1391878605001,YESMAR S.A.,A0311.01,A0311.01,Armadores / pesca marítima,JARAMIJÓ,JARAMIJÓ,ACTIVA,balances_2022_1.txt,NIIF_jerarquico,8,900.0,0.0,900.0,0.0,0.0,0.0,0.0,0.0,1,0.0
2022,312950,1391897529001,BLUE-TRADING S.A.,A0311.01,A0311.01,Armadores / pesca marítima,MANTA,MANTA,ACTIVA,balances_2022_1.txt,NIIF_jerarquico,7,800.0,0.0,800.0,0.0,0.0,0.0,0.0,0.0,1,0.0
2022,313585,1391900767001,GIGAPESCA CIA.LTDA.,A0311.01,A0311.01,Armadores / pesca marítima,MANTA,MANTA,ACTIVA,balances_2022_1.txt,NIIF_jerarquico,8,400.0,0.0,400.0,0.0,0.0,0.0,0.0,0.0,1,0.0
2022,314426,1391904029001,SUR TUNA SURTUNA S.A.,A0311.01,A0311.01,Armadores / pesca marítima,MANTA,MANTA,ACTIVA,balances_2022_1.txt,NIIF_jerarquico,102,13611264.35,12289832.62,1321431.73,5736023.52,5736868.55,5523055.34,213813.21,128915.89,1,0.0
2022,315542,1391907893001,PESCA INDUSTRIALIZACION Y EXPORTACION PESINEX S.A.,A0311.01,A0311.01,Armadores / pesca marítima,MANTA,MANTA,ACTIVA,balances_2022_1.txt,NIIF_jerarquico,11,1005.28,0.0,1005.28,0.0,0.0,0.0,0.0,0.0,1,0.0
2022,315660,1391908326001,INDUSTRIA BIOACUATICA DEL PACIFICO SA IBP S.A.,C1020.06,C1020.06,Industria: elaboración y conservación de pescado,MANTA,MANTA,ACTIVA,balances_2022_1.txt,NIIF_jerarquico,96,287125.89,259148.13,27977.76,220220.47,220220.47,202912.34000000003,17308.13,11509.98,1,0.0
2022,321436,1391922736001,SHRIMPSOCIETY S.A.,C1020.03,C1020.03,Industria: elaboración y conservación de pescado,MANTA,MANTA,ACTIVA,balances_2022_1.txt,NIIF_jerarquico,23,5465.75,1585.2,3880.55,9396.93,9396.93,0.0,0.0,3080.55,1,0.0
2022,322631,1391924585001,TUNABEACH FRONT S.A.,A0311.03,A0311.03,Armadores / pesca marítima,MANTA,MANTA,ACTIVA,balances_2022_1.txt,NIIF_jerarquico,17,56060.7,55260.7,800.0,0.0,0.0,0.0,0.0,0.0,1,0.0
2022,323449,1391925301001,PESQUERA ECUATUNA S.A.,A0311.01,A0311.01,Armadores / pesca marítima,MANTA,MANTA,ACTIVA,balances_2022_1.txt,NIIF_jerarquico,8,5000.0,0.0,5000.0,0.0,0.0,0.0,0.0,0.0,1,0.0
2022,323587,1391925611001,CAPIFISH S.A.,A0311.01,A0311.01,Armadores / pesca marítima,MANTA,MANTA,ACTIVA,balances_2022_1.txt,NIIF_jerarquico,90,6157848.0,6004605.28,153242.72,4125896.51,4125896.6599999997,3918743.99,207152.67,126487.41,1,-0.0
2022,323972,1391926189001,TUNAAUGERE S.A.,A0311.01,A0311.01,Armadores / pesca marítima,MANTA,MANTA,ACTIVA,balances_2022_1.txt,NIIF_jerarquico,18,800.0,60.0,740.0,0.0,0.0,0.0,0.0,-60.0,1,0.0
2022,323973,1391926197001,FORTETUNA S.A.,A0311.01,A0311.01,Armadores / pesca marítima,MANTA,MANTA,ACTIVA,balances_2022_1.txt,NIIF_jerarquico,18,800.0,60.0,740.0,0.0,0.0,0.0,0.0,-60.0,1,0.0
2022,325989,1391929501001,FISHOLTMANT CIA.LTDA.,C1020.02,C1020.02,Industria: elaboración y conservación de pescado,MANTA,MANTA,ACTIVA,balances_2022_1.txt,NIIF_jerarquico,28,40976.79,130000.0,-89023.21,0.0,0.0,90623.21,0.0,-90623.21,1,0.0
2022,326644,1391930550001,CONSERLUJAZ MANTA S.A.,A0311.01,A0311.01,Armadores / pesca marítima,MANTA,MANTA,ACTIVA,balances_2022_1.txt,NIIF_jerarquico,8,800.0,0.0,800.0,0.0,0.0,0.0,0.0,0.0,1,0.0
2022,329027,1391931919001,PESQUERA-TRANSOCEANICA S.A.S.,A0311.01,A0311.01,Armadores / pesca marítima,MANTA,MANTA,ACTIVA,balances_2022_1.txt,NIIF_jerarquico,16,310000.0,300000.0,10000.0,0.0,0.0,0.0,0.0,0.0,1,0.0
2022,329258,1391931935001,SERVICIOS PESQUEROS Y CONEXAS DE GENNA LOURIDO SERPEDG S.A.S.,A0311.01,A0311.01,Armadores / pesca marítima,MANTA,MANTA,ACTIVA,balances_2022_1.txt,NIIF_jerarquico,38,55441.53,1826.16,53615.37,144495.0,144495.0,98687.42000000001,0.0,39622.01,1,-0.0
2022,330490,1391932107001,DIMARPESCA S.A.,A0311.01,A0311.01,Armadores / pesca marítima,MANTA,MANTA,ACTIVA,balances_2022_1.txt,NIIF_jerarquico,29,116946.51,20062.66,96883.85,2761369.63,2761369.63,0.0,112804.53,95883.85,1,-0.0
2022,330529,1391932097001,MOLTUNA S.A.S.,A0311.03,A0311.03,Armadores / pesca marítima,MANTA,MANTA,ACTIVA,balances_2022_1.txt,NIIF_jerarquico,9,1200.0,0.0,1200.0,0.0,0.0,0.0,0.0,0.0,1,0.0
2022,330884,1391932127001,GILCOR S.A.S.,C1020.06,C1020.06,Industria: elaboración y conservación de pescado,MANTA,MANTA,ACTIVA,balances_2022_1.txt,NIIF_jerarquico,31,140602.79,24726.23,115876.56,1557327.6,1557327.6,1421943.4100000001,135384.19,115076.56,1,0.0
2022,333514,1391932400001,SEAFOOD INVESTMENT S.A.S.,A0311.01,A0311.01,Armadores / pesca marítima,MANTA,MANTA,ACTIVA,balances_2022_1.txt,NIIF_jerarquico,40,8388.91,60.0,8328.91,9800.01,9800.01,2411.1,7388.91,7328.91,1,0.0
2022,335653,1391932632001,BIGTUNA S.A.,A0311.01,A0311.01,Armadores / pesca marítima,MANTA,MANTA,ACTIVA,balances_2022_1.txt,NIIF_jerarquico,40,9160844.86,9159844.86,1000.0,0.0,0.0,0.0,0.0,0.0,1,0.0
2022,339478,1391933055001,DIST. OF FISH GARCIA S.A.S.,A0311.01,A0311.01,Armadores / pesca marítima,MANTA,MANTA,ACTIVA,balances_2022_1.txt,NIIF_jerarquico,33,6603.41,0.0,6603.41,325228.74,325228.74,319625.33,5603.41,5603.41,1,0.0
2022,341265,1391933443001,CHCM FISHING COMPANY S.A.,A0311.03,A0311.03,Armadores / pesca marítima,MANTA,MANTA,ACTIVA,balances_2022_1.txt,NIIF_jerarquico,18,17360.59,16560.59,800.0,0.0,0.0,0.0,0.0,0.0,1,0.0
2022,34175,1390141692001,EMPACADORA BILBO S.A. BILBOSA,C1020.01,C1020.01,Industria: elaboración y conservación de pescado,MANTA,MANTA,ACTIVA,balances_2022_1.txt,NIIF_jerarquico,177,36555964.37,25703588.05,10852376.32,40174947.51,40174947.51,37937137.76,236278.21,52611.17,1,-0.0
2022,34292,1390144039001,PESCADO FRESCO DE EXPORTACION PEFREXPORT S.A.,C1020.04,C1020.04,Industria: elaboración y conservación de pescado,MANTA,MANTA,ACTIVA,balances_2022_1.txt,NIIF_jerarquico,42,1688.37,121246.96,-119558.59,0.0,3.3,110116.34,-110113.04,-110113.04,1,-0.0
2022,34328,1390145493001,FISHCORP S.A.,A0311.01,A0311.01,Armadores / pesca marítima,JARAMIJÓ,JARAMIJÓ,ACTIVA,balances_2022_1.txt,NIIF_jerarquico,103,29633183.32,22903886.01,6729297.31,22322665.25,23541099.9,24130127.3,-589027.4,-589027.4,1,-0.0
2022,34346,1390145957001,PESQUERA PERALTA SOCIEDAD ANONIMA PESPERALTA,A0311.01,A0311.01,Armadores / pesca marítima,MANTA,MANTA,ACTIVA,balances_2022_1.txt,NIIF_jerarquico,21,25677.63,13702.58,11975.05,0.0,0.0,0.0,0.0,0.0,1,0.0
2022,34388,1390147186001,MARBELIZE S.A.,C1020.04,C1020.04,Industria: elaboración y conservación de pescado,JARAMIJÓ,JARAMIJÓ,ACTIVA,balances_2022_1.txt,NIIF_jerarquico,193,71804427.82,64071295.03,7733132.79,109960697.76,112561111.11,111862129.72,698981.39,409037.24,1,-0.0
2022,34420,1390148212001,MANABITA DE COMERCIO S.A. MANCORSACOM,C1020.04,C1020.04,Industria: elaboración y conservación de pescado,JARAMIJÓ,JARAMIJÓ,ACTIVA,balances_2022_1.txt,NIIF_jerarquico,162,8133485.7,1967412.85,6166072.85,12911887.34,12916145.74,10873721.9,2042423.84,1428316.03,1,0.0
2022,34442,1390149154001,SHELLFISH S.A.,A0311.01,A0311.01,Armadores / pesca marítima,MANTA,MANTA,ACTIVA,balances_2022_1.txt,NIIF_jerarquico,92,1695422.35,917884.91,777537.44,3224669.74,3224669.74,2748491.06,476178.68,231901.31,1,0.0
2022,34449,1390149219001,EUROFISH S.A.,C1020.04,C1020.04,Industria: elaboración y conservación de pescado,MONTECRISTI,MONTECRISTI,ACTIVA,balances_2022_1.txt,NIIF_jerarquico,170,156466686.0,90963174.0,65503512.0,210630040.0,218953873.0,218771633.0,182240.0,-24769.0,1,0.0
2022,34453,1390149316001,MADEPACIF S.A.,C1020.02,C1020.02,Industria: elaboración y conservación de pescado,MANTA,MANTA,DISOLUCIÓN Y LIQUIDACIÓN OFICIO INSCRITA EN RM,balances_2022_1.txt,NIIF_jerarquico,5,962.0,0.0,962.0,0.0,0.0,0.0,0.0,0.0,1,0.0
2022,34521,1391700776001,TECNICA Y COMERCIO DE LA PESCA C.A. TECOPESCA,A0311.01,A0311.01,Armadores / pesca marítima,JARAMIJÓ,JARAMIJÓ,ACTIVA,balances_2022_1.txt,NIIF_jerarquico,214,136767228.84,91439686.98,45327541.86,136068167.07,138380965.10999998,137684372.2,696592.91,23229.55,1,0.0
2022,34525,1391700830001,"MANACRIPEX CIA. LTDA. MANABITA DE CRIA , PESCA Y EXPORTACION",A0311.03,A0311.03,Armadores / pesca marítima,JARAMIJÓ,JARAMIJÓ,ACTIVA,balances_2022_1.txt,NIIF_jerarquico,135,27054464.33,8222400.37,18832063.96,6396218.51,6406193.43,6299927.77,96290.74,-5116.42,1,-0.0
2022,34611,1391709765001,PESQUERA UGAVI S.A.,A0311.03,A0311.03,Armadores / pesca marítima,MANTA,MANTA,ACTIVA,balances_2022_1.txt,NIIF_jerarquico,139,48957798.4,26900886.46,22056911.94,24894036.43,24896660.86,23907429.630000003,989231.23,230037.48,1,-0.0
2022,34614,1391701926001,INDUSTRIA ATUNERA S.A. INDUATUN,A0311.01,A0311.01,Armadores / pesca marítima,MANTA,MANTA,ACTIVA,balances_2022_1.txt,NIIF_jerarquico,106,16194124.26,8017511.41,8176612.85,3832636.94,3832636.94,3789826.21,36389.12,3565.08,1,0.0
2022,34630,1391702094001,DIAZ VASQUEZ DIVA S.A.,A0311.01,A0311.01,Armadores / pesca marítima,MANTA,MANTA,ACTIVA,balances_2022_1.txt,NIIF_jerarquico,42,4667569.33,2992138.09,1675431.24,0.0,0.0,0.0,0.0,-9652.81,1,0.0
2022,34725,1391726740001,INMOTUNA S.A.,A0311.01,A0311.01,Armadores / pesca marítima,MANTA,MANTA,ACTIVA,balances_2022_1.txt,NIIF_jerarquico,51,474479.4,195321.72,279157.68,0.0,0.0,3773.23,-3773.23,-2829.92,1,0.0
2022,34727,1391716702001,MEGAOCEAN S.A,A0311.01,A0311.01,Armadores / pesca marítima,MANTA,MANTA,ACTIVA,balances_2022_1.txt,NIIF_jerarquico,111,5082473.26,3107749.26,1974724.0,2845994.61,2845994.61,2823033.3,22961.31,7334.31,1,0.0
2022,34759,1391717474001,PROVIPACIF S.A,A0311.01,A0311.01,Armadores / pesca marítima,MANTA,MANTA,ACTIVA,balances_2022_1.txt,NIIF_jerarquico,69,8482743.7,1103574.58,7379169.12,7423.25,14846.5,180544.63,0.0,-173121.38,1,-0.0
2022,34863,1391722486001,UNIOCEAN S.A.,A0311.03,A0311.03,Armadores / pesca marítima,MANTA,MANTA,ACTIVA,balances_2022_1.txt,NIIF_jerarquico,124,23243549.36,9794881.44,13448667.92,8328204.3,8328204.3,8728950.36,-400746.06,-454085.17,1,0.0
2022,34903,1391723318001,OCEANFISH S.A.,A0311.01,A0311.01,Armadores / pesca marítima,MANTA,MANTA,ACTIVA,balances_2022_1.txt,NIIF_jerarquico,144,14953560.79,9478081.69,5475479.1,15935790.27,15935790.27,15920610.4,15179.87,-18715.25,1,0.0
2022,34919,1391724500001,PESCIMERA S.A,A0311.01,A0311.01,Armadores / pesca marítima,MANTA,MANTA,ACTIVA,balances_2022_1.txt,NIIF_jerarquico,101,5083688.34,2151932.14,2931756.2,2421589.57,2431186.0,2676994.99,-245808.99,-245808.99,1,-0.0
2022,34948,1391724837001,PRODUCTOS PESQUEROS S.A. PRODUPES,C1020.06,C1020.06,Industria: elaboración y conservación de pescado,MONTECRISTI,MONTECRISTI,ACTIVA,balances_2022_1.txt,NIIF_jerarquico,111,12701120.4,2897396.29,9803724.11,32907250.47,32907250.47,31403106.71,1278522.2,726465.44,1,0.0
2022,34958,1391725426001,CARIBBEAN ATLANTIC CARTLANT S.A.,A0311.01,A0311.01,Armadores / pesca marítima,MANTA,MANTA,ACTIVA,balances_2022_1.txt,NIIF_jerarquico,8,800.0,0.0,800.0,0.0,0.0,0.0,0.0,0.0,1,0.0
2022,35171,1390140319001,"FRIGORIFICO Y LABORATORIO SAN MATEO, FRIGOLAB SAN MATEO CIA. LTDA.",A0311.01,A0311.01,Armadores / pesca marítima,JARAMIJÓ,JARAMIJÓ,ACTIVA,balances_2022_1.txt,NIIF_jerarquico,143,40445635.96,30727869.74,9717766.22,58112881.01,58114007.01,54501240.9,757325.86,278563.59,1,0.0
2022,35254,1390143024001,PES NUNEZ SANTANA PESNUSAN CIA. LTDA.,C1020.02,C1020.02,Industria: elaboración y conservación de pescado,MONTECRISTI,MONTECRISTI,ACTIVA,balances_2022_1.txt,NIIF_jerarquico,107,984232.55,877627.51,106605.04,6016374.48,6016374.48,6023251.75,-6877.27,-6877.27,1,0.0
2022,35294,1390144861001,MAREROCE EXPORT IMPORT CIA. LTDA.,C1020.01,C1020.01,Industria: elaboración y conservación de pescado,JARAMIJÓ,JARAMIJÓ,ACTIVA,balances_2022_1.txt,NIIF_jerarquico,84,8811262.16,5441311.39,3369950.77,9760536.92,9760536.92,7266907.57,48086.93,31881.63,1,0.0
2022,35359,1390148034001,PESQUERA CHOPITEA CIA. LTDA.,A0311.01,A0311.01,Armadores / pesca marítima,MANTA,MANTA,ACTIVA,balances_2022_1.txt,NIIF_jerarquico,84,663323.41,389748.11,273575.3,23550.18,23550.18,67084.02,-43533.84,-44165.62,1,0.0
2022,35364,1390148433001,ALIMENTOS INTEGRADOS ALINTEGRA CIA. LTDA.,C1020.05,C1020.05,Industria: elaboración y conservación de pescado,MANTA,MANTA,ACTIVA,balances_2022_1.txt,NIIF_jerarquico,19,58018.87,6267.19,51751.68,0.0,0.0,0.0,0.0,-6267.19,1,0.0
2022,35420,1391700938001,MANATUN CIA. LTDA.,A0311.01,A0311.01,Armadores / pesca marítima,MANTA,MANTA,DISOLUCIÓN Y LIQUIDACIÓN OFICIO INSCRITA EN RM,balances_2022_1.txt,NIIF_jerarquico,23,33813.62,328.51,33485.11,0.0,0.0,0.0,0.0,0.0,1,0.0
2022,35688,1391729391001,PESQUERA BETH EEL S.A.,A0311.01,A0311.01,Armadores / pesca marítima,MONTECRISTI,MONTECRISTI,ACTIVA,balances_2022_1.txt,NIIF_jerarquico,51,344866.9,260538.2,84328.7,32999.65,33112.75,75372.73000000001,-42259.98,-42259.98,1,0.0
2022,35766,1391732872001,FRIGORIFICO Y CONSERVERA DE LA PESCA FRICOPES S.A.,A0311.01,A0311.01,Armadores / pesca marítima,MANTA,MANTA,ACTIVA,balances_2022_1.txt,NIIF_jerarquico,111,1876614.66,309745.75,1566868.91,3371632.66,3428921.45,3370327.5,58593.95,13175.21,1,0.0
2022,35826,1391732813001,FISHMAR S.A.,A0311.01,A0311.01,Armadores / pesca marítima,MANTA,MANTA,ACTIVA,balances_2022_1.txt,NIIF_jerarquico,93,4610532.69,402741.17,4207791.52,1824510.21,1824510.21,878910.34,945599.87,597333.98,1,0.0
2022,35888,1391734271001,USAFISH S.A.,C1020.02,C1020.02,Industria: elaboración y conservación de pescado,MANTA,MANTA,ACTIVA,balances_2022_1.txt,NIIF_jerarquico,91,13824937.32,8325209.91,5499727.41,28044010.03,28044010.03,27303479.669999998,741016.51,629864.03,1,0.0
2022,35973,1391736452001,B&B TUNE_SUPPLIERS S.A.,A0311.01,A0311.01,Armadores / pesca marítima,MANTA,MANTA,ACTIVA,balances_2022_1.txt,NIIF_jerarquico,138,34369312.23,13035763.98,21333548.25,12183032.26,12263764.16,11059364.74,1123667.52,624463.77,1,-0.0
2022,369,1790034305001,SEAFMAN SOCIEDAD ECUATORIANA DE ALIMENTOS Y FRIGORIFICOS MANTA C.A.,C1020.02,C1020.02,Industria: elaboración y conservación de pescado,MANTA,MANTA,ACTIVA,balances_2022_1.txt,NIIF_jerarquico,149,69683492.82,50737273.82,18946219.0,165600974.45,165600974.45,163931814.72,1669159.72,1001399.81,1,-0.0
2022,39949,1391773439001,PESCAEXITO CIA. LTDA.,A0311.01,A0311.01,Armadores / pesca marítima,MANTA,MANTA,ACTIVA,balances_2022_1.txt,NIIF_jerarquico,84,623512.48,324470.39,299042.09,326030.57,326030.57,269404.94,0.0,43791.73,1,-0.0
2022,61759,1391775903001,CONSULTORES INDUSTRIALES Y PRODUCTOS DEL MAR S.A. CIPROMAR,A0311.01,A0311.01,Armadores / pesca marítima,MANTA,MANTA,ACTIVA,balances_2022_1.txt,NIIF_jerarquico,85,496818.4,221345.28,275473.12,3712524.17,3712524.17,3649184.2600000002,63339.91,53838.92,1,0.0
2022,62647,1391776683001,FRANCHI FISH S.A.,A0311.01,A0311.01,Armadores / pesca marítima,MANTA,MANTA,ACTIVA,balances_2022_1.txt,NIIF_jerarquico,86,141952.34,144130.53,-2178.19,1628716.85,1653772.48,1719863.18,0.0,-66090.7,1,-0.0
2022,63129,1391777434001,MUNDOTRADE S.A.,A0311.01,A0311.01,Armadores / pesca marítima,MANTA,MANTA,DISOLUCIÓN Y LIQUIDACIÓN OFICIO INSCRITA EN RM,balances_2022_1.txt,NIIF_jerarquico,22,30275.97,19085.71,11190.26,0.0,0.0,0.0,0.0,0.0,1,0.0
2022,636,1390005713001,INDUSTRIA ECUATORIANA PRODUCTORA DE ALIMENTOS CA INEPACA,C1020.02,C1020.02,Industria: elaboración y conservación de pescado,MANTA,MANTA,ACTIVA,balances_2022_1.txt,NIIF_jerarquico,135,62305149.98,10583092.84,51722057.14,63994106.82,67018467.230000004,58757647.769999996,5236459.05,3203589.27,1,0.0
2022,63945,1391778732001,INTERNACIONAL SEAFOOD FOODINTER S.A.,C1020.03,C1020.03,Industria: elaboración y conservación de pescado,MANTA,MANTA,DISOLUCIÓN Y LIQUIDACIÓN OFICIO NO INSCRITA EN RM,balances_2022_1.txt,NIIF_jerarquico,19,752.44,21332.93,-20580.49,0.0,0.0,0.0,0.0,0.0,1,0.0
2022,64976,1391779801001,EMPACADORA ALKRISTO DEL MAR S.A. EMPALMAR,A0311.01,A0311.01,Armadores / pesca marítima,MANTA,MANTA,ACTIVA,balances_2022_1.txt,NIIF_jerarquico,96,2354969.23,1519736.44,835232.79,5427472.17,5427472.17,5386891.18,40580.99,25585.06,1,0.0
2022,700234,1391824416001,GOODMARCOM S.A.,A0311.03,A0311.03,Armadores / pesca marítima,JARAMIJÓ,JARAMIJÓ,ACTIVA,balances_2022_1.txt,NIIF_jerarquico,106,11871876.45,10149405.99,1722470.46,24131002.88,24131005.459999997,23335915.34,795090.12,675826.6,1,-0.0
2022,702387,1391825676001,CORPORACION FRANK REVELO. EXPORTACION - IMPORTACION - PESQUERA AGRICOLA. EXPORMANTA S.A.,A0311.01,A0311.01,Armadores / pesca marítima,MANTA,MANTA,ACTIVA,balances_2022_1.txt,NIIF_jerarquico,74,343776.13,248990.21,94785.92,1164568.28,1164568.28,1065478.3,83787.83,52786.33,1,0.0
2022,7027,1390050352001,CONSERVAS ISABEL ECUATORIANA S.A.,C1020.02,C1020.02,Industria: elaboración y conservación de pescado,MANTA,MANTA,ACTIVA,balances_2022_1.txt,NIIF_jerarquico,177,124157759.0,60688290.0,63469469.0,165620496.0,167145091.0,143310660.0,6133875.0,3872081.0,1,0.0
2022,703246,1391827598001,COMERCIALIZADORA DEL MAR PEZ&PEZ S.A.,A0311.01,A0311.01,Armadores / pesca marítima,MANTA,MANTA,ACTIVA,balances_2022_1.txt,NIIF_jerarquico,113,1835734.49,910267.43,925467.06,6506531.71,6506531.71,6463944.9799999995,42586.73,25633.58,1,-0.0
2022,703855,1391829469001,NAVIERA ECUATORIANA PICHINCHA NAVIP S.A.,A0311.03,A0311.03,Armadores / pesca marítima,MANTA,MANTA,ACTIVA,balances_2022_1.txt,NIIF_jerarquico,46,763373.06,1000987.19,-237614.13,53000.1,53000.1,54235.23,-1235.13,-1632.63,1,0.0
2022,704035,1391829426001,INDUSTRIAS CIBIS SANUS INDUCIBIS S.A.,C1020.02,C1020.02,Industria: elaboración y conservación de pescado,MANTA,MANTA,ACTIVA,balances_2022_1.txt,NIIF_jerarquico,8,800.0,0.0,800.0,0.0,0.0,0.0,0.0,0.0,1,0.0
2022,704360,1391830068001,PESQUERA TUNAQUICK S.A.,A0311.01,A0311.01,Armadores / pesca marítima,MONTECRISTI,MONTECRISTI,ACTIVA,balances_2022_1.txt,NIIF_jerarquico,106,8322820.2,7900964.74,421855.46,14488712.16,14488712.16,16160725.67,80951.12,80951.12,1,-0.0
2022,704997,1391831846001,COMERCIALIZADORA HERNAN CHICA IMEXTUNACONP S.A.,A0311.01,A0311.01,Armadores / pesca marítima,MANTA,MANTA,ACTIVA,balances_2022_1.txt,NIIF_jerarquico,84,1493789.9,1453853.31,39936.59,7307273.33,7316322.48,7306607.5,9714.98,9714.98,1,-0.0
2022,707762,1391837135001,CONSERVAS DEL MAR MARCONSERVA S.A.,A0311.01,A0311.01,Armadores / pesca marítima,JARAMIJÓ,JARAMIJÓ,DISOLUCIÓN Y LIQUIDACIÓN OFICIO NO INSCRITA EN RM,balances_2022_1.txt,NIIF_jerarquico,26,1384518.02,369428.93,1015089.09,0.0,0.0,0.0,0.0,0.0,1,0.0
2022,708436,1391840241001,PESQUERA DEL SUR PESQUESURSA S.A.,A0311.03,A0311.03,Armadores / pesca marítima,MONTECRISTI,MONTECRISTI,ACTIVA,balances_2022_1.txt,NIIF_jerarquico,92,3466851.01,2250812.4,1216038.61,2598562.59,2598562.59,1817940.0,508468.89,389197.36,1,-0.0
2022,708841,1391841981001,FISHINGDEGFER S.A.,A0311.01,A0311.01,Armadores / pesca marítima,MANTA,MANTA,ACTIVA,balances_2022_1.txt,NIIF_jerarquico,37,4224.26,3755.02,469.24,0.0,0.0,125.8,-125.8,-125.8,1,0.0
2022,708842,1391841124001,EXPORTADORA PACIFICO EXPORTPACIFIC S.A.,C1020.02,C1020.02,Industria: elaboración y conservación de pescado,MANTA,MANTA,ACTIVA,balances_2022_1.txt,NIIF_jerarquico,8,1000.0,0.0,1000.0,0.0,0.0,0.0,0.0,0.0,1,0.0
2022,709051,1391841485001,ESPADEROS-PACIFICO S.A.,A0311.01,A0311.01,Armadores / pesca marítima,MANTA,MANTA,ACTIVA,balances_2022_1.txt,NIIF_jerarquico,51,1408414.28,915520.0,492894.28,407605.79,407605.79,1519.24,406075.29,406075.29,1,0.0
2022,709326,1391842309001,SULLIVAN BAY PESCA SBP-ECUADOR S.A.,A0311.01,A0311.01,Armadores / pesca marítima,MANTA,MANTA,ACTIVA,balances_2022_1.txt,NIIF_jerarquico,45,4012.76,481.91,3530.85,153539.78,153539.78,150327.02000000002,3212.76,2730.85,1,0.0
2022,709774,1391844174001,ATLANTIS EC COMERCIALIZACION DE PESCADO FRESCO Y CONGELADO COMERFRESCON COMPAÑIA DE RESPONSABILIDAD LIMITADA,A0311.01,A0311.01,Armadores / pesca marítima,MANTA,MANTA,ACTIVA,balances_2022_1.txt,NIIF_jerarquico,29,1386.84,1898.37,-511.53,66.74,66.74,120.56,-53.82,-113.82,1,0.0
2022,709840,1391846339001,PESQUERA ALZAMFISH S.A.,A0311.01,A0311.01,Armadores / pesca marítima,MANTA,MANTA,DISOLUCIÓN Y LIQUIDACIÓN DE PLENO DERECHO INSC. RM,balances_2022_1.txt,NIIF_jerarquico,7,15000.0,0.0,15000.0,0.0,0.0,0.0,0.0,0.0,1,0.0
2022,709973,1391845960001,FRESCOPES S.A.,A0311.01,A0311.01,Armadores / pesca marítima,MANTA,MANTA,ACTIVA,balances_2022_1.txt,NIIF_jerarquico,7,800.0,0.0,800.0,0.0,0.0,0.0,0.0,0.0,1,0.0
2022,710004,1391846185001,COMERCIALIZADORA SERVICIOS LOGÍSTICOS OPERFRESH S.A.,A0311.01,A0311.01,Armadores / pesca marítima,MANTA,MANTA,DISOLUCIÓN Y LIQUIDACIÓN OFICIO INSCRITA EN RM,balances_2022_1.txt,NIIF_jerarquico,43,92497.16,91218.34,1278.82,2938454.7,2938454.7,2938440.97,0.0,13.73,1,0.0
2022,711302,1391850336001,PROCONMAN S.A.,A0311.01,A0311.01,Armadores / pesca marítima,MANTA,MANTA,ACTIVA,balances_2022_1.txt,NIIF_jerarquico,57,396053.54,47685.0,348368.54,686871.58,686871.58,585347.65,101523.93,67310.37,1,0.0
2022,713870,1391858973001,PISCANTUR S.A.,A0311.03,A0311.03,Armadores / pesca marítima,JARAMIJÓ,JARAMIJÓ,ACTIVA,balances_2022_1.txt,NIIF_jerarquico,93,10550634.91,8489602.31,2061032.6,6458730.96,6458730.96,5884581.51,552536.54,469656.06,1,-0.0
2022,714154,1391858892001,IMPORT & EXPORT SKYFISH S.A.,A0311.01,A0311.01,Armadores / pesca marítima,MANTA,MANTA,ACTIVA,balances_2022_1.txt,NIIF_jerarquico,26,19503.52,8832.18,10671.34,0.0,0.0,7.32,0.0,-7.32,1,0.0
2022,714314,1391859589001,ECOPEZ EXPORT SOCIEDAD ANÓNIMA,A0311.01,A0311.01,Armadores / pesca marítima,MONTECRISTI,MONTECRISTI,ACTIVA,balances_2022_1.txt,NIIF_jerarquico,8,800.0,0.0,800.0,0.0,0.0,0.0,0.0,0.0,1,0.0
2022,714437,1391859937001,CONSERVERA MAR Y PESCA CONMARPES S.A.,C1020.04,C1020.04,Industria: elaboración y conservación de pescado,JARAMIJÓ,JARAMIJÓ,ACTIVA,balances_2022_1.txt,NIIF_jerarquico,7,2000.0,0.0,2000.0,0.0,0.0,0.0,0.0,0.0,1,0.0
2022,714869,1391862075001,COMPAÑIA VILLACIS & ESPINOZA ROSMARFISH S.A.,A0311.01,A0311.01,Armadores / pesca marítima,MANTA,MANTA,ACTIVA,balances_2022_1.txt,NIIF_jerarquico,55,85896.89,5322.94,80573.95,550324.09,550324.09,524235.76,26088.33,17142.9,1,0.0
2022,714890,1391861591001,COMERCIALIZADORA FREDDY & MARLON GOSENFISH S.A.,A0311.01,A0311.01,Armadores / pesca marítima,MANTA,MANTA,ACTIVA,balances_2022_1.txt,NIIF_jerarquico,111,2664302.6,1257618.94,1406683.66,726941.19,726941.19,674720.98,25250.37,12695.01,1,0.0
2022,714926,1391861788001,NEGOCIOS INDUSTRIALES DEL MAR NEGOINMAR S.A.,C1020.02,C1020.02,Industria: elaboración y conservación de pescado,MANTA,MANTA,ACTIVA,balances_2022_1.txt,NIIF_jerarquico,7,800.0,0.0,800.0,0.0,0.0,0.0,0.0,0.0,1,0.0
2022,715262,1391864477001,PESQUERAKORPEZ S.A.,A0311.01,A0311.01,Armadores / pesca marítima,MANTA,MANTA,ACTIVA,balances_2022_1.txt,NIIF_jerarquico,68,2022877.57,1585888.04,436989.53,2196858.14,2196858.14,2145277.25,51580.89,38685.67,1,0.0
2022,715711,1391865198001,"FREDDY & JERONIMO CAÑARTE ZAMBRANO VENTA, PROCESO Y COMERCIALIZACIÓN DE PRODUCTOS DE LA PESCA FREJERFISH S.A.",A0311.01,A0311.01,Armadores / pesca marítima,MANTA,MANTA,ACTIVA,balances_2022_1.txt,NIIF_jerarquico,58,38454.59,22466.34,15988.25,131160.0,131160.0,113293.15000000001,8224.51,6152.68,1,-0.0
2022,716330,1391867603001,YESFISH S.A.,C1020.02,C1020.02,Industria: elaboración y conservación de pescado,JARAMIJÓ,JARAMIJÓ,ACTIVA,balances_2022_1.txt,NIIF_jerarquico,64,355324.16,339514.52,15809.64,1770698.57,1770698.57,1760550.51,10148.46,6728.43,1,-0.0
2022,716882,1391869215001,CHONILLO FISH CHONIFISH S.A.,A0311.01,A0311.01,Armadores / pesca marítima,JARAMIJÓ,JARAMIJÓ,ACTIVA,balances_2022_1.txt,NIIF_jerarquico,55,65169.67,25223.03,39946.64,697581.27,697581.27,645652.41,51928.86,38946.64,1,0.0
2022,717158,1391870884001,ALCERTUNA S.A.,A0311.01,A0311.01,Armadores / pesca marítima,MANTA,MANTA,DISOLUCIÓN Y LIQUIDACIÓN DE PLENO DERECHO INSC. RM,balances_2022_1.txt,NIIF_jerarquico,10,10000.0,0.0,10000.0,0.0,0.0,0.0,0.0,0.0,1,0.0
2022,717406,1391882440001,B.K. MAR EXPORTADORA E IMPORTADORA BKMAREI S.A.,A0311.01,A0311.01,Armadores / pesca marítima,MANTA,MANTA,ACTIVA,balances_2022_1.txt,NIIF_jerarquico,8,800.0,0.0,800.0,0.0,0.0,0.0,0.0,0.0,1,0.0
2022,717746,1391876483001,PESQUERA SALVAFISH S.A.,A0311.01,A0311.01,Armadores / pesca marítima,MANTA,MANTA,DISOLUCIÓN Y LIQUIDACIÓN OFICIO INSCRITA EN RM,balances_2022_1.txt,NIIF_jerarquico,67,4724076.0,4009449.0,714627.0,2514456.0,2516203.0,1590314.0,925889.0,868074.0,1,0.0
2022,717750,1391875940001,SERVIBUQUES S.A.,A0311.01,A0311.01,Armadores / pesca marítima,MANTA,MANTA,ACTIVA,balances_2022_1.txt,NIIF_jerarquico,17,1327.87,254.61,1073.26,0.0,0.0,0.0,0.0,0.0,1,-0.0
2022,718126,1391873190001,ATUNERA VERMONT ATUNVERMONT S.A.,A0311.03,A0311.03,Armadores / pesca marítima,MANTA,MANTA,ACTIVA,balances_2022_1.txt,NIIF_jerarquico,75,1214256.44,947579.44,266677.0,616167.35,616167.35,448371.43,167795.92,122086.27,1,0.0
2022,718613,1391875061001,SEAFOODPREMIUMEXPORT CIA.LTDA.,A0311.03,A0311.03,Armadores / pesca marítima,MANTA,MANTA,ACTIVA,balances_2022_1.txt,NIIF_jerarquico,8,4135.91,0.0,4135.91,0.0,0.0,0.0,0.0,0.0,1,0.0
2022,718977,1391877633001,INVERSIONES CURIMAGUA S.A.,A0311.01,A0311.01,Armadores / pesca marítima,MANTA,MANTA,DISOLUCIÓN Y LIQUIDACIÓN OFICIO INSCRITA EN RM,balances_2022_1.txt,NIIF_jerarquico,81,116172.28,104112.28,12060.0,92198.82,92198.82,88937.18,3261.64,1452.96,1,0.0
2022,719385,1391877765001,PESQUERA DOÑAROGE S.A.,A0311.03,A0311.03,Armadores / pesca marítima,MANTA,MANTA,ACTIVA,balances_2022_1.txt,NIIF_jerarquico,96,4349308.94,3351767.74,997541.2,2382548.35,2398567.2800000003,2360924.43,37642.85,14351.65,1,0.0
2022,719388,1391877811001,PESQUERAROCIO S.A.,A0311.03,A0311.03,Armadores / pesca marítima,MANTA,MANTA,ACTIVA,balances_2022_1.txt,NIIF_jerarquico,111,5872840.71,1552841.85,4319998.86,7018629.34,7029476.58,6877604.82,151871.76,88396.77,1,-0.0
2022,719390,1391877838001,PESQUERA DOÑAMARUJA S.A.,A0311.03,A0311.03,Armadores / pesca marítima,MANTA,MANTA,ACTIVA,balances_2022_1.txt,NIIF_jerarquico,96,3268101.32,1750245.17,1517856.15,2480851.42,2500587.54,2431916.23,68671.31,41426.89,1,0.0
2022,719391,1391877803001,PESQUERA DONBARTOLO S.A.,A0311.03,A0311.03,Armadores / pesca marítima,MANTA,MANTA,ACTIVA,balances_2022_1.txt,NIIF_jerarquico,101,4099185.73,813915.6,3285270.13,3329475.71,3333132.73,3202805.64,130327.09,78302.99,1,0.0
2022,719589,1391878508001,GEMIMARKSA S.A.,C1020.06,C1020.06,Industria: elaboración y conservación de pescado,MONTECRISTI,MONTECRISTI,ACTIVA,balances_2022_1.txt,NIIF_jerarquico,78,253804.2,216148.8,37655.4,1099880.82,1100193.26,1080075.6,20117.66,12825.0,1,0.0
2022,720249,0993151556001,OCEANMANABI S.A.,A0311.01,A0311.01,Armadores / pesca marítima,MANTA,MANTA,ACTIVA,balances_2022_1.txt,NIIF_jerarquico,20,1005.0,0.0,1005.0,5.0,5.0,0.0,5.0,5.0,1,0.0
2022,720604,1391881525001,EXPORTADORA JUAN FISH JUANFISH S.A.,A0311.01,A0311.01,Armadores / pesca marítima,MANTA,MANTA,ACTIVA,balances_2022_1.txt,NIIF_jerarquico,8,800.0,0.0,800.0,0.0,0.0,0.0,0.0,0.0,1,0.0
2022,72073,0991313788001,ASISERVY S.A.,C1020.02,C1020.02,Industria: elaboración y conservación de pescado,JARAMIJÓ,JARAMIJÓ,ACTIVA,balances_2022_1.txt,NIIF_jerarquico,203,90696156.84,63823461.23,26872695.61,128864156.86,130584346.35,127680594.92,1301625.93,544465.11,1,0.0
2022,72096,0991316531001,AGROL S.A.,A0311.01,A0311.01,Armadores / pesca marítima,MANTA,MANTA,ACTIVA,balances_2022_1.txt,NIIF_jerarquico,72,5014121.97,4558689.48,455432.49,748772.72,1497545.44,707433.49,41339.23,41339.23,1,-0.0
2022,723990,1391904401001,CENTRO DE BIOTECNOLOGIAS OMICAS CEBIOMICS S.A.,A0311.01,A0311.01,Armadores / pesca marítima,MONTECRISTI,MONTECRISTI,ACTIVA,balances_2022_1.txt,NIIF_jerarquico,70,110044.35,119423.77,-9379.42,26109.75,26109.75,27638.71,-1528.96,-1528.96,1,0.0
2022,724337,1391904983001,PEZ KOI PEZKOI S.A.,A0311.01,A0311.01,Armadores / pesca marítima,MANTA,MANTA,ACTIVA,balances_2022_1.txt,NIIF_jerarquico,8,800.0,0.0,800.0,0.0,0.0,0.0,0.0,0.0,1,0.0
2022,724578,1391905505001,DELIMARINA S.A.,C1020.04,C1020.04,Industria: elaboración y conservación de pescado,MANTA,MANTA,ACTIVA,balances_2022_1.txt,NIIF_jerarquico,57,194955.93,100992.51,93963.42,1049643.2,1049643.2,1021262.66,28380.54,24123.46,1,0.0
2022,724980,1391906277001,ALBACORA-FISH S.A.,A0311.01,A0311.01,Armadores / pesca marítima,MANTA,MANTA,ACTIVA,balances_2022_1.txt,NIIF_jerarquico,98,2647936.34,1928805.46,719130.88,7428948.0,7432417.53,6790693.0200000005,641724.51,494278.64,1,-0.0
2022,726893,1391911726001,MOLLITIAM S.A.,A0311.03,A0311.03,Armadores / pesca marítima,JARAMIJÓ,JARAMIJÓ,ACTIVA,balances_2022_1.txt,NIIF_jerarquico,63,23679288.94,24427554.13,-748265.19,0.0,4503.15,152938.96000000002,-249361.38,-249361.38,1,0.0
2022,727297,1391912196001,PESCAFRESDELECUADOR S.A.,A0311.03,A0311.03,Armadores / pesca marítima,MANTA,MANTA,ACTIVA,balances_2022_1.txt,NIIF_jerarquico,5,800.0,0.0,800.0,0.0,0.0,0.0,0.0,0.0,1,0.0
2022,727394,1391912684001,ATUNERA DEL PACIFICO SUR ATUNSUR S.A.,A0311.01,A0311.01,Armadores / pesca marítima,MANTA,MANTA,ACTIVA,balances_2022_1.txt,NIIF_jerarquico,48,96900.28,110445.01,-13544.73,24000.0,24000.0,39819.38,-15826.23,-16034.2,1,0.0
2022,728270,1391913796001,INDUSTRIA ATUNERA REYAZUL S.A.,A0311.01,A0311.01,Armadores / pesca marítima,MANTA,MANTA,ACTIVA,balances_2022_1.txt,NIIF_jerarquico,69,2209293.49,832614.35,1376679.14,3849668.61,3849668.61,3293277.21,556391.4,401992.79,1,0.0
2022,729264,1391917449001,JRMOREIRA CIA.LTDA.,A0311.01,A0311.01,Armadores / pesca marítima,MANTA,MANTA,ACTIVA,balances_2022_1.txt,NIIF_jerarquico,35,184800.0,132869.59,51930.41,3032715.0,3032715.0,2978554.62,54160.38,38995.47,1,0.0
2022,730479,1391920911001,EMPRESA DE ALIMENTOS MONTECRISTI EMPAMON S.A.,C1020.02,C1020.02,Industria: elaboración y conservación de pescado,MANTA,MANTA,ACTIVA,balances_2022_1.txt,NIIF_jerarquico,111,1195098.67,1084423.21,110675.46,1889006.84,1896027.2000000002,1877882.46,18144.74,8439.38,1,-0.0
2022,731170,1391917406001,PRODUCTORA ATUNERA MOLINA VALLE PROTUNA S.A.,A0311.03,A0311.03,Armadores / pesca marítima,MANTA,MANTA,ACTIVA,balances_2022_1.txt,NIIF_jerarquico,19,810.57,500.0,310.57,0.0,0.0,0.0,0.0,0.0,1,0.0
2022,731645,1391917708001,HARIBALAN S.A.S.,C1020.05,C1020.05,Industria: elaboración y conservación de pescado,MANTA,MANTA,ACTIVA,balances_2022_1.txt,NIIF_jerarquico,46,143406.73,66918.3,76488.43,1959308.03,1959308.03,1857456.79,101851.24,76388.43,1,0.0
2022,731843,1391917589001,ALIMENTOS CONGELADOS ALIMARE S.A.,C1020.02,C1020.02,Industria: elaboración y conservación de pescado,JARAMIJÓ,JARAMIJÓ,ACTIVA,balances_2022_1.txt,NIIF_jerarquico,82,923848.51,806095.72,117752.79,3368265.19,3368265.19,3179654.93,188610.26,115432.31,1,0.0
2022,732752,1391918682001,ISLAS-CIES S.A.,A0311.01,A0311.01,Armadores / pesca marítima,MONTECRISTI,MONTECRISTI,ACTIVA,balances_2022_1.txt,NIIF_jerarquico,4,5000.0,0.0,5000.0,0.0,0.0,0.0,0.0,0.0,1,0.0
2022,734074,1391927061001,EMPRESA PESQUERA CAPFERGUE S.A.,A0311.01,A0311.01,Armadores / pesca marítima,MANTA,MANTA,ACTIVA,balances_2022_1.txt,NIIF_jerarquico,19,250.0,4869.1,-4619.1,0.0,0.0,0.0,0.0,0.0,1,0.0
2022,735196,1391923023001,PARIMASECOM S.A.S.,A0311.03,A0311.03,Armadores / pesca marítima,MONTECRISTI,MONTECRISTI,ACTIVA,balances_2022_1.txt,NIIF_jerarquico,4,100.0,0.0,100.0,0.0,0.0,0.0,0.0,0.0,1,0.0
2022,735565,1391923848001,COMPAÑIA DE EXPORTADORES DE PRODUCTOS DEL MAR ''EXPO&MAR'' S.A.,C1020.04,C1020.04,Industria: elaboración y conservación de pescado,MANTA,MANTA,ACTIVA,balances_2022_1.txt,NIIF_jerarquico,38,324911.88,87412.12,237499.76,357027.35,357027.35,348313.29,8714.06,6796.97,1,0.0
2022,736025,1391924267001,SOISAMAR S.A.S.,A0311.01,A0311.01,Armadores / pesca marítima,JARAMIJÓ,JARAMIJÓ,ACTIVA,balances_2022_1.txt,NIIF_jerarquico,46,400024.17,153358.28,246665.89,433338.3,433338.3,399262.08,34076.22,26579.45,1,-0.0
2022,737090,1391926499001,DEXICON S.A.,C1020.02,C1020.02,Industria: elaboración y conservación de pescado,MANTA,MANTA,ACTIVA,balances_2022_1.txt,NIIF_jerarquico,84,2343337.88,1861019.61,482318.27,7087676.66,7087676.66,6534719.73,552956.93,470013.39,1,-0.0
2022,737763,1391927711001,RENAPACIFIC IMPORTADORA Y EXPORTADORA S.A.,A0311.01,A0311.01,Armadores / pesca marítima,MANTA,MANTA,ACTIVA,balances_2022_1.txt,NIIF_jerarquico,48,465974.5,463834.99,2139.51,591828.18,768583.5800000001,591477.4600000001,186.01,139.51,1,0.0
2022,738014,1391928688001,UMITUNA S.A.,A0311.01,A0311.01,Armadores / pesca marítima,MANTA,MANTA,ACTIVA,balances_2022_1.txt,NIIF_jerarquico,29,51270.26,50270.26,1000.0,0.0,7344.83,569.59,0.0,0.0,1,0.0
2022,739713,1391931808001,DISTRIBUIDORA DE PRODUCTOS ALIMENTICIOSFCP S.A.,C1020.02,C1020.02,Industria: elaboración y conservación de pescado,JARAMIJÓ,JARAMIJÓ,ACTIVA,balances_2022_1.txt,NIIF_jerarquico,47,14070.13,28243.77,-14173.64,28765.04,28765.04,43828.78,-15063.74,-15063.74,1,-0.0
2022,742497,1391932359001,PRODUCTOS ALIMENTICIOS CONGELADOS PROALICONSA S.A.,A0311.01,A0311.01,Armadores / pesca marítima,MONTECRISTI,MONTECRISTI,ACTIVA,balances_2022_1.txt,NIIF_jerarquico,8,800.0,0.0,800.0,0.0,0.0,0.0,0.0,0.0,1,0.0
2022,743246,1391932440001,MANTAFISHERMAN S.A.S.,A0311.01,A0311.01,Armadores / pesca marítima,JARAMIJÓ,JARAMIJÓ,ACTIVA,balances_2022_1.txt,NIIF_jerarquico,20,226661.94,225661.94,1000.0,0.0,0.0,0.0,0.0,0.0,1,0.0
2022,743413,1391932427001,PROYECTOS NEYZOA S.A.S.,A0311.01,A0311.01,Armadores / pesca marítima,JARAMIJÓ,JARAMIJÓ,ACTIVA,balances_2022_1.txt,NIIF_jerarquico,20,155864.08,155064.08,800.0,0.0,0.0,0.0,0.0,0.0,1,0.0
2022,744546,1391932662001,PESQUERA DEL PACIFICO PESDEPAC S.A.,C1020.04,C1020.04,Industria: elaboración y conservación de pescado,MONTECRISTI,MONTECRISTI,ACTIVA,balances_2022_1.txt,NIIF_jerarquico,43,8873.2,6318.94,2554.26,2452.44,2452.44,698.1800000000001,1754.26,1754.26,1,0.0
2022,79132,0991417117001,MARMONTESAN S.A.,A0311.01,A0311.01,Armadores / pesca marítima,MONTECRISTI,MONTECRISTI,ACTIVA,balances_2022_1.txt,NIIF_jerarquico,52,173449.4,146636.34,26813.06,328079.18,328079.18,320371.06,0.0,794.66,1,-0.0
2022,83238,0991469095001,TADEL S.A.,C1020.05,C1020.05,Industria: elaboración y conservación de pescado,JARAMIJÓ,JARAMIJÓ,ACTIVA,balances_2022_1.txt,NIIF_jerarquico,141,48683055.17,8358608.42,40324446.75,49686946.95,49692304.09,37454786.09,6888450.3,4370290.51,1,0.0
2022,95584,1391738803001,EYCO S.A.,A0311.01,A0311.01,Armadores / pesca marítima,MANTA,MANTA,ACTIVA,balances_2022_1.txt,NIIF_jerarquico,81,972382.26,594162.68,378219.58,9397303.54,9397303.54,9110246.9,287056.64,189139.19,1,-0.0
2022,95604,1391739524001,PROHAPEZ MANTA S.A.,A0311.01,A0311.01,Armadores / pesca marítima,MONTECRISTI,MONTECRISTI,ACTIVA,balances_2022_1.txt,NIIF_jerarquico,28,2000.0,50.0,1950.0,2500.0,2500.0,2550.0,0.0,200.0,1,0.0
2022,95611,0992471557001,EMPROPESCA S.A.,A0311.01,A0311.01,Armadores / pesca marítima,MANTA,MANTA,ACTIVA,balances_2022_1.txt,NIIF_jerarquico,34,31973.56,432570.36,-400596.8,0.0,0.0,0.0,0.0,0.0,1,0.0
2022,95657,1391740433001,COMERCIALIZADORA DE PRODUCTOS DEL MAR SINAI S. A.,A0311.01,A0311.01,Armadores / pesca marítima,MONTECRISTI,MONTECRISTI,ACTIVA,balances_2022_1.txt,NIIF_jerarquico,53,486741.2,56724.87,430016.33,1317729.95,1317729.95,1292060.45,25669.5,25669.5,1,0.0
2022,95725,1391742320001,TUNIDOS DEL PACIFICO S.A.,C1020.02,C1020.02,Industria: elaboración y conservación de pescado,MANTA,MANTA,DISOLUCIÓN Y LIQUIDACIÓN OFICIO INSCRITA EN RM,balances_2022_1.txt,NIIF_jerarquico,3,800.0,0.0,800.0,0.0,0.0,0.0,0.0,0.0,1,0.0
2022,95806,1391744064001,PESPESCA S.A.,C1020.07,C1020.07,Industria: elaboración y conservación de pescado,MONTECRISTI,MONTECRISTI,ACTIVA,balances_2022_1.txt,NIIF_jerarquico,153,48254160.1,27202857.93,21051302.17,65090161.08,65100383.239999995,63882327.129999995,1218056.11,580995.14,1,0.0
2022,95871,1391744943001,AMATXU MARIA LUISA CIA. LTDA.,A0311.01,A0311.01,Armadores / pesca marítima,MANTA,MANTA,ACTIVA,balances_2022_1.txt,NIIF_jerarquico,89,479197.73,272934.48,206263.25,223167.78,223167.78,218882.78,4285.0,381.37,1,0.0
2022,95900,1391745656001,OCEAN FARM S.A.,A0311.01,A0311.01,Armadores / pesca marítima,MANTA,MANTA,ACTIVA,balances_2022_1.txt,NIIF_jerarquico,61,447431.52,319822.94,127608.58,0.0,0.0,105804.26,-105804.26,-105864.26,1,0.0
2022,95926,1391746830001,FRESH FISH DEL ECUADOR CIA. LTDA.,A0311.01,A0311.01,Armadores / pesca marítima,MANTA,MANTA,ACTIVA,balances_2022_1.txt,NIIF_jerarquico,162,9377683.84,6971891.5,2405792.34,15771567.78,15932474.24,15518898.75,252669.03,159182.57,1,0.0
2022,95993,1391747314001,INDUSTRIAS DE PRODUCTOS DEL MAR S.A. IDELMAR,A0311.01,A0311.01,Armadores / pesca marítima,MANTA,MANTA,ACTIVA,balances_2022_1.txt,NIIF_jerarquico,104,4440491.27,2806860.41,1633630.86,5044871.7,5052625.65,4868359.140000001,176512.56,95370.26,1,-0.0
2022,96020,1391748027001,DELIPESCA S.A.,A0311.01,A0311.01,Armadores / pesca marítima,MANTA,MANTA,ACTIVA,balances_2022_1.txt,NIIF_jerarquico,115,36787610.2,29974337.24,6813272.96,5131467.99,9741967.99,5022547.28,92582.6,4219.28,1,0.0
2022,96128,1391750811001,ISIMARE S.A.,A0311.01,A0311.01,Armadores / pesca marítima,JARAMIJÓ,JARAMIJÓ,ACTIVA,balances_2022_1.txt,NIIF_jerarquico,133,1390561.91,907376.54,483185.37,826014.81,826014.81,769395.0,56619.81,56619.81,1,-0.0
2022,96213,1391753071001,EUROTUNA S.A.,A0311.01,A0311.01,Armadores / pesca marítima,MANTA,MANTA,ACTIVA,balances_2022_1.txt,NIIF_jerarquico,28,165306.0,77732.0,87574.0,244298.0,252304.0,175162.0,0.0,-2669.0,1,0.0
2022,96216,1391752377001,MARINE PROTEIN MARPROT S.A.,A0311.01,A0311.01,Armadores / pesca marítima,MONTECRISTI,MONTECRISTI,ACTIVA,balances_2022_1.txt,NIIF_jerarquico,152,8769180.65,6502420.39,2266760.26,8264986.62,8264986.62,6028458.46,0.0,668339.47,1,0.0
2022,96218,1391752822001,MARCARIBE S.A.,A0311.01,A0311.01,Armadores / pesca marítima,MANTA,MANTA,ACTIVA,balances_2022_1.txt,NIIF_jerarquico,13,7794.29,0.0,7794.29,0.0,0.0,0.0,0.0,0.0,1,0.0
2022,96265,1391753233001,TECNIMAR CIA. LTDA.,A0311.01,A0311.01,Armadores / pesca marítima,MANTA,MANTA,ACTIVA,balances_2022_1.txt,NIIF_jerarquico,14,1658.63,0.0,1658.63,0.0,0.0,0.0,0.0,0.0,1,0.0
2022,99022,0991520767001,GALDECUN S.A.,C1020.06,C1020.06,Industria: elaboración y conservación de pescado,JARAMIJÓ,JARAMIJÓ,ACTIVA,balances_2022_1.txt,NIIF_jerarquico,114,3748982.93,2889229.67,859753.26,7715553.5,7716639.58,7812321.7,36472.8,2607.31,1,0.0
2023,100223,1391782926001,ALIMENTOS DEL MAR MARFOODSA S.A.,A0311.01,A0311.01,Armadores / pesca marítima,JARAMIJÓ,JARAMIJÓ,ACTIVA,balances_2023_1.txt,NIIF_jerarquico,52,99441.36,27809.6,71631.76,34000.0,34000.0,30856.81,3143.19,218.17,1,0.0
2023,10060,1390021646001,PESPACA PESQUERA DEL PACIFICO CA,C1020.02,C1020.02,Industria: elaboración y conservación de pescado,MANTA,MANTA,ACTIVA,balances_2023_1.txt,NIIF_jerarquico,66,1823253.08,1064831.32,758421.76,580000.0,580000.0,582721.62,-2721.62,-2765.79,1,0.0
2023,109262,0992262427001,GEOPAXI S.A.,A0311.01,A0311.01,Armadores / pesca marítima,MANTA,MANTA,DISOLUCIÓN Y LIQUIDACIÓN OFICIO INSCRITA EN RM,balances_2023_1.txt,NIIF_jerarquico,118,19011352.08,13082711.66,5928640.42,10496823.02,11595165.24,12974952.18,-1379786.94,-1365841.2,1,-0.0
2023,111848,0992299231001,ELVAYKA KYOEI S.A.,A0311.01,A0311.01,Armadores / pesca marítima,MANTA,MANTA,ACTIVA,balances_2023_1.txt,NIIF_jerarquico,137,42493031.11,30042526.94,12450504.17,27784499.88,28583051.93,27224029.61,1359022.32,794409.35,1,-0.0
2023,114130,0992331283001,XUK S.A.,A0311.01,A0311.01,Armadores / pesca marítima,JARAMIJÓ,JARAMIJÓ,ACTIVA,balances_2023_1.txt,NIIF_jerarquico,114,2996170.27,1254851.23,1741319.04,4595487.31,4595487.31,4346238.68,249248.63,109928.37,1,0.0
2023,115653,0992354186001,TUNAEXPORT S.A.S.,A0311.01,A0311.01,Armadores / pesca marítima,MANTA,MANTA,ACTIVA,balances_2023_1.txt,NIIF_jerarquico,96,10250595.69,5388885.3,4861710.39,4179682.12,4179682.12,5312442.11,-1132759.99,-1132759.99,1,0.0
2023,12582,1390034063001,EMPRESA DEL MAR CIA LTDA,A0311.01,A0311.01,Armadores / pesca marítima,MANTA,MANTA,ACTIVA,balances_2023_1.txt,NIIF_jerarquico,83,358313.99,332341.55,25972.44,123289.56,162276.37,161290.76,985.61,533.61,1,0.0
2023,126601,0992505621001,SUNSTAR S.A.,A0311.01,A0311.01,Armadores / pesca marítima,MANTA,MANTA,ACTIVA,balances_2023_1.txt,NIIF_jerarquico,52,68115.56,91981.51,-23865.95,0.0,0.0,2683.11,-2683.11,-2683.11,1,0.0
2023,128384,0992530332001,ASTILLERO ESPERANZA DEL MAR C.A. ASTIESMAR,A0311.01,A0311.01,Armadores / pesca marítima,JARAMIJÓ,JARAMIJÓ,ACTIVA,balances_2023_1.txt,NIIF_jerarquico,142,10038382.26,6229232.95,3809149.31,937462.52,1875513.8399999999,1796971.5499999998,78542.29,15158.9,1,-0.0
2023,134444,0992623284001,POKINCI S.A.,C1020.02,C1020.02,Industria: elaboración y conservación de pescado,JARAMIJÓ,JARAMIJÓ,ACTIVA,balances_2023_1.txt,NIIF_jerarquico,27,5651224.18,3553671.87,2097552.31,0.0,0.0,0.0,0.0,0.0,1,-0.0
2023,137966,1391785003001,COMERCIALIZADORA TONINO SEA FOOD S.A. COMTOSEAFOOD,A0311.01,A0311.01,Armadores / pesca marítima,MANTA,MANTA,ACTIVA,balances_2023_1.txt,NIIF_jerarquico,30,212729.25,187710.42,25018.83,0.02,0.02,0.02,0.0,0.0,1,-0.0
2023,139001,1391785402001,PESQUERA MONTECRISTI S.A. PESQUEMONSA,A0311.01,A0311.01,Armadores / pesca marítima,MANTA,MANTA,ACTIVA,balances_2023_1.txt,NIIF_jerarquico,111,5056462.88,1873552.1,3182910.78,5554807.57,5554807.57,5354845.25,199962.32,76253.01,1,0.0
2023,139004,1391799101001,PUERTOMAR S.A.,A0311.03,A0311.03,Armadores / pesca marítima,JARAMIJÓ,JARAMIJÓ,ACTIVA,balances_2023_1.txt,NIIF_jerarquico,130,26724067.7,17116090.2,9607977.5,57613960.07,57614064.58,56383220.68,1230843.9,1046217.31,1,0.0
2023,141044,1391790619001,FULL MOON ECUADOR FULMEC S.A.,A0311.01,A0311.01,Armadores / pesca marítima,MANTA,MANTA,ACTIVA,balances_2023_1.txt,NIIF_jerarquico,57,128984.12,110303.79,18680.33,1516010.5,1516010.5,1510158.62,5851.88,5851.88,1,0.0
2023,141596,1391788185001,COVEROSA S.A.,A0311.01,A0311.01,Armadores / pesca marítima,MANTA,MANTA,ACTIVA,balances_2023_1.txt,NIIF_jerarquico,84,499850.13,330367.06,169483.07,2621564.77,2621564.77,2598631.4299999997,22933.34,19493.34,1,0.0
2023,143165,1391790589001,ACUICOLA Y PISCICOLA LA ISLA S.A. ACUISLA,A0311.01,A0311.01,Armadores / pesca marítima,MANTA,MANTA,ACTIVA,balances_2023_1.txt,NIIF_jerarquico,41,208435.2,61700.13,146735.07,58936.78,58936.78,56221.98,2714.8,2714.8,1,0.0
2023,143580,1391790260001,OSAKAFISH S.A.,A0311.01,A0311.01,Armadores / pesca marítima,MANTA,MANTA,DISOLUCIÓN Y LIQUIDACIÓN OFICIO INSCRITA EN RM,balances_2023_1.txt,NIIF_jerarquico,57,1822.65,26057.32,-24234.67,247070.0,247070.0,244819.37,2250.63,-25948.89,1,0.0
2023,143702,1391790279001,AGRICOLA Y PISCICOLA SUSSMANN DELGADO AGROSUSSDEL S.A.,A0311.01,A0311.01,Armadores / pesca marítima,MANTA,MANTA,ACTIVA,balances_2023_1.txt,NIIF_jerarquico,54,164791.29,42909.86,121881.43,696351.0,696351.0,685910.06,10440.94,6916.09,1,0.0
2023,143706,1391790287001,PESQUERA ATUNES DEL PACIFICO S.A. ''ATUNPACIFICOSA'',A0311.03,A0311.03,Armadores / pesca marítima,MANTA,MANTA,ACTIVA,balances_2023_1.txt,NIIF_jerarquico,98,4570148.48,1049393.85,3520754.63,1546510.8,1547643.31,1152433.53,395209.78,232214.19,1,0.0
2023,144167,1391791488001,GRUPO DEGFER CIA. LTDA.,A0311.01,A0311.01,Armadores / pesca marítima,JARAMIJÓ,JARAMIJÓ,ACTIVA,balances_2023_1.txt,NIIF_jerarquico,186,77476806.8,41169673.21,36307133.59,42473856.44,43214201.39,42683103.68,531097.71,67436.71,1,-0.0
2023,144336,1391791097001,PESCADOS Y MARISCOS DEL PACIFICO S.A. PESMARPAC,A0311.01,A0311.01,Armadores / pesca marítima,JARAMIJÓ,JARAMIJÓ,ACTIVA,balances_2023_1.txt,NIIF_jerarquico,88,3414837.51,3088830.58,326006.93,2752413.57,2752413.57,2667162.7800000003,85250.79,56521.27,1,-0.0
2023,144480,1391791178001,ALETAMARILLA S.A.,A0311.01,A0311.01,Armadores / pesca marítima,MANTA,MANTA,ACTIVA,balances_2023_1.txt,NIIF_jerarquico,103,2818195.54,392248.08,2425947.46,2289117.64,2289117.64,2256796.44,32321.2,10455.78,1,0.0
2023,144740,1391799624001,LOGISTICA INTERNACIONAL LOGISINSA S.A.,A0311.01,A0311.01,Armadores / pesca marítima,MANTA,MANTA,ACTIVA,balances_2023_1.txt,NIIF_jerarquico,84,3557025.18,2350318.27,1206706.91,2609022.75,2609022.75,2252227.19,356795.56,222826.95,1,0.0
2023,145016,1391791895001,INDUSTRIAL PESQUERA DEL PACIFICO S.A. INPESPA,A0311.01,A0311.01,Armadores / pesca marítima,MANTA,MANTA,ACTIVA,balances_2023_1.txt,NIIF_jerarquico,15,800.0,0.0,800.0,0.0,0.0,14854.48,-14854.48,0.0,1,0.0
2023,145888,1391793308001,PESFRESCO S.A.,A0311.01,A0311.01,Armadores / pesca marítima,MANTA,MANTA,ACTIVA,balances_2023_1.txt,NIIF_jerarquico,97,159595.76,91544.27,68051.49,463625.32,464777.27,475039.3,-10262.03,-11237.69,1,0.0
2023,145894,1391793065001,EMPACADORA DE MARISCOS ECUAMARISC CIA. LTDA.,A0311.01,A0311.01,Armadores / pesca marítima,MANTA,MANTA,ACTIVA,balances_2023_1.txt,NIIF_jerarquico,26,638326.83,610959.35,27367.48,117934.0,117934.0,117934.0,0.0,0.0,1,-0.0
2023,146215,1391792999001,SARDINAS DEL PACIFICO S.A. SARDIPAC,A0311.01,A0311.01,Armadores / pesca marítima,JARAMIJÓ,JARAMIJÓ,ACTIVA,balances_2023_1.txt,NIIF_jerarquico,112,6917701.0,5646816.0,1270885.0,13605036.0,13605036.0,12486786.0,1118250.0,729785.0,1,0.0
2023,146541,1391793405001,ASOCIACION DE PESCA EXPORTABLE ASOPESEX C.A.,A0311.01,A0311.01,Armadores / pesca marítima,MANTA,MANTA,ACTIVA,balances_2023_1.txt,NIIF_jerarquico,8,800.0,0.0,800.0,0.0,0.0,0.0,0.0,0.0,1,0.0
2023,146715,1391793731001,VIDA MARINA VIMARINA CIA. LTDA.,C1020.04,C1020.04,Industria: elaboración y conservación de pescado,MANTA,MANTA,ACTIVA,balances_2023_1.txt,NIIF_jerarquico,66,463442.66,179611.65,283831.01,380781.11,380781.11,378421.47,2359.64,2005.69,1,0.0
2023,146994,1391793960001,PD-PESCA S.A.,A0311.01,A0311.01,Armadores / pesca marítima,JARAMIJÓ,JARAMIJÓ,ACTIVA,balances_2023_1.txt,NIIF_jerarquico,44,122140.29,130300.9,-8160.61,68769.8,68769.8,68754.17,15.63,-47.81,1,-0.0
2023,148632,1391796056001,INTERATLANTIC S.A.,A0311.01,A0311.01,Armadores / pesca marítima,MANTA,MANTA,ACTIVA,balances_2023_1.txt,NIIF_jerarquico,43,30049.61,359.24,29690.37,36259.63,36259.63,39291.14,-3031.51,-3031.51,1,0.0
2023,149717,1391797672001,FERPIL'S S.A.,A0311.01,A0311.01,Armadores / pesca marítima,MANTA,MANTA,ACTIVA,balances_2023_1.txt,NIIF_jerarquico,10,3285.74,0.0,3285.74,0.0,0.0,0.0,0.0,0.0,1,0.0
2023,164355,1391797958001,PRODUMAN ECUADOR CIA. LTDA.,A0311.01,A0311.01,Armadores / pesca marítima,MANTA,MANTA,ACTIVA,balances_2023_1.txt,NIIF_jerarquico,45,405386.59,417174.97,-11788.38,0.0,0.0,14167.63,-14167.63,-14167.63,1,0.0
2023,166157,1391800290001,COMERCIALIZADORA DE PRODUCTOS PESQUEROS S.A. COMPROPEZ,A0311.01,A0311.01,Armadores / pesca marítima,JARAMIJÓ,JARAMIJÓ,ACTIVA,balances_2023_1.txt,NIIF_jerarquico,95,656716.47,382471.21,274245.26,511011.9,511011.9,496519.64,14492.26,5830.04,1,-0.0
2023,166188,1391799713001,FRIGORIFICO Y LABORATORIO DE PESCA FRILABPESCA S.A.,A0311.01,A0311.01,Armadores / pesca marítima,MANTA,MANTA,ACTIVA,balances_2023_1.txt,NIIF_jerarquico,109,364239.06,143302.19,220936.87,1015292.91,1015292.91,966393.5800000001,48899.33,3566.66,1,0.0
2023,166190,1391799748001,TECNICA DE LA MARICULTURA S.A. TECNIMARSA,A0311.01,A0311.01,Armadores / pesca marítima,MANTA,MANTA,ACTIVA,balances_2023_1.txt,NIIF_jerarquico,26,43709.75,24251.56,19458.19,0.0,0.0,0.0,0.0,0.0,1,0.0
2023,166486,1391800568001,ECUAOCEAN S.A.,A0311.01,A0311.01,Armadores / pesca marítima,MANTA,MANTA,ACTIVA,balances_2023_1.txt,NIIF_jerarquico,10,52845.45,0.0,52845.45,0.0,0.0,0.0,0.0,0.0,1,0.0
2023,169235,1391803850001,MARPESCA ECUADOR S.A.,A0311.01,A0311.01,Armadores / pesca marítima,MONTECRISTI,MONTECRISTI,ACTIVA,balances_2023_1.txt,NIIF_jerarquico,38,38789.09,40102.92,-1313.83,0.0,0.0,2984.18,-2984.18,-4287.92,1,-0.0
2023,169323,1391804083001,PESDEMAR S.A.,A0311.01,A0311.01,Armadores / pesca marítima,MANTA,MANTA,ACTIVA,balances_2023_1.txt,NIIF_jerarquico,45,140772.66,10425.46,130347.2,306861.64,306861.64,274280.68,32580.96,22759.07,1,0.0
2023,170293,1391805381001,BRISATUN S.A.,A0311.01,A0311.01,Armadores / pesca marítima,MANTA,MANTA,DISOLUCIÓN Y LIQUIDACIÓN OFICIO INSCRITA EN RM,balances_2023_1.txt,NIIF_jerarquico,112,7592821.25,4981615.96,2611205.29,5419818.05,5501871.17,6290484.9399999995,-788613.77,-787011.76,1,0.0
2023,170806,1391806000001,FLOSERPESCA S.A.,C1020.02,C1020.02,Industria: elaboración y conservación de pescado,MANTA,MANTA,ACTIVA,balances_2023_1.txt,NIIF_jerarquico,66,282436.44,118163.86,164272.58,966031.79,966031.79,933686.27,32345.52,21445.08,1,0.0
2023,171950,1391807651001,MONMIFISH S.A.,A0311.01,A0311.01,Armadores / pesca marítima,MANTA,MANTA,ACTIVA,balances_2023_1.txt,NIIF_jerarquico,91,19306404.52,19146344.68,160059.84,42454610.38,42512161.49,42130382.230000004,381779.26,244520.19,1,-0.0
2023,172315,1391807627001,COMPAÑÍA AL MAR PESCA ALMARPEZ S.A.,A0311.01,A0311.01,Armadores / pesca marítima,MANTA,MANTA,ACTIVA,balances_2023_1.txt,NIIF_jerarquico,83,370249.29,345142.22,25107.07,361453.97,361453.97,354631.69999999995,6822.27,4523.17,1,0.0
2023,172770,1391808143001,PRODUCTOS DEL MAR PROMARIT S.A.,C1020.07,C1020.07,Industria: elaboración y conservación de pescado,MANTA,MANTA,ACTIVA,balances_2023_1.txt,NIIF_jerarquico,52,330560.57,102081.05,228479.52,604259.95,604259.95,592657.87,11602.08,11602.08,1,0.0
2023,173162,1391808690001,CULTIVO DE PECES S.A. CULTIPESCA,C1020.07,C1020.07,Industria: elaboración y conservación de pescado,MANTA,MANTA,ACTIVA,balances_2023_1.txt,NIIF_jerarquico,19,26341.21,17126.98,9214.23,0.0,0.0,0.0,0.0,0.0,1,0.0
2023,173324,1391809522001,V&BFISH S.A.,A0311.01,A0311.01,Armadores / pesca marítima,MANTA,MANTA,ACTIVA,balances_2023_1.txt,NIIF_jerarquico,58,462116.37,307324.58,154791.79,2421081.96,2421081.96,2392633.64,28448.32,21336.24,1,-0.0
2023,176832,1391814968001,BLAUFISH CIA. LTDA.,A0311.01,A0311.01,Armadores / pesca marítima,MANTA,MANTA,ACTIVA,balances_2023_1.txt,NIIF_jerarquico,91,681258.88,357836.02,323422.86,602234.43,619234.43,592876.13,26358.3,16181.03,1,0.0
2023,176961,1391814992001,"NAMAFRU NATURAL, MARISCO Y FRUTAS S.A.S.",A0311.01,A0311.01,Armadores / pesca marítima,JARAMIJÓ,JARAMIJÓ,ACTIVA,balances_2023_1.txt,NIIF_jerarquico,8,12500.0,0.0,12500.0,0.0,0.0,0.0,0.0,0.0,1,0.0
2023,177304,1391815239001,EMPACADORA FRIPEZ S.A.,A0311.01,A0311.01,Armadores / pesca marítima,MANTA,MANTA,ACTIVA,balances_2023_1.txt,NIIF_jerarquico,97,1771631.8,1470311.49,301320.31,4393673.18,4393673.18,4264338.8,129334.38,72821.85,1,0.0
2023,178208,1391817371001,OCEAN KEY S.A. OCEANMANTA,A0311.01,A0311.01,Armadores / pesca marítima,MANTA,MANTA,ACTIVA,balances_2023_1.txt,NIIF_jerarquico,84,3187100.9,852771.64,2334329.26,2846515.16,2846515.16,2127410.44,719104.72,719104.72,1,0.0
2023,179101,1391817320001,BOTE MIMORENITA4 S.A.,A0311.01,A0311.01,Armadores / pesca marítima,MANTA,MANTA,ACTIVA,balances_2023_1.txt,NIIF_jerarquico,12,2003.9,0.0,2003.9,0.0,0.0,0.0,0.0,0.0,1,0.0
2023,179519,1391817789001,CAMARONERA DEL PACIFICO S.A. PACIFCAM,A0311.01,A0311.01,Armadores / pesca marítima,MANTA,MANTA,ACTIVA,balances_2023_1.txt,NIIF_jerarquico,73,4426573.87,4209789.83,216784.04,1365141.14,1365141.14,1339934.37,25206.77,18905.08,1,0.0
2023,180892,1391819129001,CONSERVERATROPICAL CIA. LTDA.,C1020.02,C1020.02,Industria: elaboración y conservación de pescado,MANTA,MANTA,ACTIVA,balances_2023_1.txt,NIIF_jerarquico,23,54087.37,30701.17,23386.2,0.0,0.0,0.0,0.0,0.0,1,0.0
2023,18528,1790943178001,PRODUCTOS DEL MAR Y SABORES NACIONALES PROMARSAN CIA. LTDA.,C1020.04,C1020.04,Industria: elaboración y conservación de pescado,JARAMIJÓ,JARAMIJÓ,ACTIVA,balances_2023_1.txt,NIIF_jerarquico,113,3003884.73,2030800.02,973084.71,2900672.16,2927422.64,2925050.75,2371.89,73.52,1,0.0
2023,19582,1390073891001,TRANSMARINA CA,A0311.03,A0311.03,Armadores / pesca marítima,MONTECRISTI,MONTECRISTI,ACTIVA,balances_2023_1.txt,NIIF_jerarquico,148,55139441.73,43617543.53,11521898.2,52081896.06,52081896.06,53153487.39,-1071591.33,-1071591.33,1,-0.0
2023,205129,1391765770001,EMPACADORA MADEZA S.A.,C1020.02,C1020.02,Industria: elaboración y conservación de pescado,MANTA,MANTA,ACTIVA,balances_2023_1.txt,NIIF_jerarquico,73,372146.14,383191.1,-11044.96,2071709.85,2071709.85,2064076.3399999999,7633.51,4866.36,1,0.0
2023,205167,1391766793001,POLARISPESCA S.A.,A0311.01,A0311.01,Armadores / pesca marítima,MANTA,MANTA,ACTIVA,balances_2023_1.txt,NIIF_jerarquico,91,2748620.91,1856876.86,891744.05,7418336.25,7418905.39,7344455.29,74450.1,34499.31,1,0.0
2023,205205,1391767943001,ALHO FISH S.A.,A0311.01,A0311.01,Armadores / pesca marítima,MANTA,MANTA,ACTIVA,balances_2023_1.txt,NIIF_jerarquico,31,341266.01,136804.35,204461.66,1700.0,1700.0,952.96,747.04,747.04,1,0.0
2023,205233,1391768567001,TXOPITUNA ECUADOR CIA. LTDA.,A0311.03,A0311.03,Armadores / pesca marítima,MANTA,MANTA,ACTIVA,balances_2023_1.txt,NIIF_jerarquico,123,1822122.07,323504.78,1498617.29,743435.24,772312.67,738304.4,34008.27,18783.28,1,0.0
2023,25440,0990555761001,PESDEL S.A.,A0311.01,A0311.01,Armadores / pesca marítima,JARAMIJÓ,JARAMIJÓ,ACTIVA,balances_2023_1.txt,NIIF_jerarquico,170,56713515.18,27290404.24,29423110.94,27041024.71,27185888.41,25832283.29,1353605.12,555684.73,1,0.0
2023,301126,1391824483001,INDUSTRIA NH SIMILA NHSIMIL CIA.LTDA.,C1020.06,C1020.06,Industria: elaboración y conservación de pescado,MANTA,MANTA,ACTIVA,balances_2023_1.txt,NIIF_jerarquico,8,800.0,0.0,800.0,0.0,0.0,0.0,0.0,0.0,1,0.0
2023,301695,1391827113001,TIANXINGS S.A.,A0311.01,A0311.01,Armadores / pesca marítima,MANTA,MANTA,ACTIVA,balances_2023_1.txt,NIIF_jerarquico,48,964622.43,966163.13,-1540.7,0.0,0.0,6161.84,-6161.84,-6161.84,1,0.0
2023,305275,1391843976001,XLPESCA S.A.,A0311.01,A0311.01,Armadores / pesca marítima,MANTA,MANTA,INACTIVA,balances_2023_1.txt,NIIF_jerarquico,8,800.0,0.0,800.0,0.0,0.0,0.0,0.0,0.0,1,0.0
2023,306408,1391850859001,SEA&LAND COMERCIO E INVERSIONES MARINAS S.A.,A0311.01,A0311.01,Armadores / pesca marítima,MANTA,MANTA,ACTIVA,balances_2023_1.txt,NIIF_jerarquico,10,4000.0,0.0,4000.0,0.0,0.0,0.0,0.0,0.0,1,0.0
2023,306409,1391850867001,WORLD FISH AND SEAFOOD PROCESADORA Y COMERCIALIZADORA ''WORLDFISH'' COMPAÑIA ANÓNIMA,A0311.01,A0311.01,Armadores / pesca marítima,MANTA,MANTA,ACTIVA,balances_2023_1.txt,NIIF_jerarquico,38,2281523.67,833578.95,1447944.72,0.0,0.0,0.0,0.0,0.0,1,0.0
2023,306489,1391851138001,LOGISTIC CONTAINER & TRANSPORT ECUADOR IMPORTADORA Y EXPORTADORA LCTE S.A.,A0311.01,A0311.01,Armadores / pesca marítima,MANTA,MANTA,ACTIVA,balances_2023_1.txt,NIIF_jerarquico,109,6309476.6,4838407.45,1471069.15,7747801.68,7978751.88,7708294.0,270457.88,115417.2,1,-0.0
2023,307031,1391853777001,EMPACADORA DE PRODUCTOS DEL MAR ZAMBRANO & MACIAS RODAVICMAR S.A.,C1020.02,C1020.02,Industria: elaboración y conservación de pescado,MANTA,MANTA,ACTIVA,balances_2023_1.txt,NIIF_jerarquico,33,2797.75,39539.51,-36741.76,0.0,0.0,0.0,0.0,-60.0,1,0.0
2023,307043,1391853971001,PESQUERA Y FRIGORIFICOS POSLIGUA PYFP PESFRI CIA.LTDA.,A0311.01,A0311.01,Armadores / pesca marítima,JARAMIJÓ,JARAMIJÓ,ACTIVA,balances_2023_1.txt,NIIF_jerarquico,57,113182.94,4567.64,108615.3,50408.75,50408.75,31049.53,19359.22,16090.23,1,0.0
2023,307087,1391854137001,EMPACADORA MKF MARK FISH S.A.,C1020.04,C1020.04,Industria: elaboración y conservación de pescado,MANTA,MANTA,ACTIVA,balances_2023_1.txt,NIIF_jerarquico,8,800.0,0.0,800.0,0.0,0.0,0.0,0.0,0.0,1,0.0
2023,307815,1391857233001,PESCAPECES S.A.,A0311.01,A0311.01,Armadores / pesca marítima,MANTA,MANTA,DISOLUCIÓN Y LIQUIDACIÓN OFICIO INSCRITA EN RM,balances_2023_1.txt,NIIF_jerarquico,119,16490804.9,14450389.1,2040415.8,4592724.64,4703026.859999999,5050082.26,-347055.4,-345601.77,1,0.0
2023,308992,1391865147001,COMERCIALIZADORA Y TRANSPORTE RASAMFISH COM&TRANS RASAMFISH RASAMFISH COMPAÑIA DE RESPONSABILIDAD LIMITADA,C1020.02,C1020.02,Industria: elaboración y conservación de pescado,MANTA,MANTA,ACTIVA,balances_2023_1.txt,NIIF_jerarquico,8,1000.0,0.0,1000.0,0.0,0.0,0.0,0.0,0.0,1,0.0
2023,309035,1391865376001,DISTRIBUIDORA PROCESADORA DE PESCA DISPROPESCA S.A.,A0311.01,A0311.01,Armadores / pesca marítima,MANTA,MANTA,ACTIVA,balances_2023_1.txt,NIIF_jerarquico,103,499233.21,324018.75,175214.46,2667795.54,2667803.99,2636199.32,31604.67,20129.43,1,0.0
2023,309585,1391868618001,SOLORZANO & AVILA EXPORTADORA DEL MAR EVVERFISH S.A.,A0311.01,A0311.01,Armadores / pesca marítima,MANTA,MANTA,ACTIVA,balances_2023_1.txt,NIIF_jerarquico,67,451621.09,378185.73,73435.36,963106.84,963106.84,967356.4199999999,-4249.58,-4249.57,1,0.0
2023,311172,1391876327001,CORPORACION VJX S.A.,C1020.02,C1020.02,Industria: elaboración y conservación de pescado,MANTA,MANTA,ACTIVA,balances_2023_1.txt,NIIF_jerarquico,15,1030.36,200.15,830.21,0.0,0.0,0.0,0.0,0.0,1,-0.0
2023,311358,1391877293001,TUNA QUEEN TUQUEEN S.A.,A0311.03,A0311.03,Armadores / pesca marítima,MANTA,MANTA,ACTIVA,balances_2023_1.txt,NIIF_jerarquico,9,800.0,0.0,800.0,0.0,0.0,0.0,0.0,0.0,1,0.0
2023,311606,1391878605001,YESMAR S.A.,A0311.01,A0311.01,Armadores / pesca marítima,JARAMIJÓ,JARAMIJÓ,ACTIVA,balances_2023_1.txt,NIIF_jerarquico,8,900.0,0.0,900.0,0.0,0.0,0.0,0.0,0.0,1,0.0
2023,312950,1391897529001,BLUE-TRADING S.A.,A0311.01,A0311.01,Armadores / pesca marítima,MANTA,MANTA,ACTIVA,balances_2023_1.txt,NIIF_jerarquico,8,800.0,0.0,800.0,0.0,0.0,0.0,0.0,0.0,1,0.0
2023,313585,1391900767001,GIGAPESCA CIA.LTDA.,A0311.01,A0311.01,Armadores / pesca marítima,MANTA,MANTA,ACTIVA,balances_2023_1.txt,NIIF_jerarquico,8,400.0,0.0,400.0,0.0,0.0,0.0,0.0,0.0,1,0.0
2023,314426,1391904029001,SUR TUNA SURTUNA S.A.,A0311.01,A0311.01,Armadores / pesca marítima,MANTA,MANTA,ACTIVA,balances_2023_1.txt,NIIF_jerarquico,104,11748970.2,10615604.58,1133365.62,4587414.86,4589559.78,4581360.41,8199.37,8199.37,1,-0.0
2023,315542,1391907893001,PESCA INDUSTRIALIZACION Y EXPORTACION PESINEX S.A.,A0311.01,A0311.01,Armadores / pesca marítima,MANTA,MANTA,ACTIVA,balances_2023_1.txt,NIIF_jerarquico,9,800.0,0.0,800.0,0.0,0.0,0.0,0.0,0.0,1,0.0
2023,315660,1391908326001,INDUSTRIA BIOACUATICA DEL PACIFICO SA IBP S.A.,C1020.06,C1020.06,Industria: elaboración y conservación de pescado,MANTA,MANTA,ACTIVA,balances_2023_1.txt,NIIF_jerarquico,87,427809.12,368623.99,59185.13,849126.71,849126.71,815933.07,33193.64,22007.37,1,0.0
2023,321436,1391922736001,SHRIMPSOCIETY S.A.,C1020.03,C1020.03,Industria: elaboración y conservación de pescado,MANTA,MANTA,ACTIVA,balances_2023_1.txt,NIIF_jerarquico,49,113080.78,95526.36,17554.42,20995.02,20995.02,7321.15,13673.87,13673.87,1,0.0
2023,322631,1391924585001,TUNABEACH FRONT S.A.,A0311.03,A0311.03,Armadores / pesca marítima,MANTA,MANTA,ACTIVA,balances_2023_1.txt,NIIF_jerarquico,21,56120.7,55320.7,800.0,0.0,0.0,0.0,0.0,0.0,1,0.0
2023,323449,1391925301001,PESQUERA ECUATUNA S.A.,A0311.01,A0311.01,Armadores / pesca marítima,MANTA,MANTA,ACTIVA,balances_2023_1.txt,NIIF_jerarquico,8,5000.0,0.0,5000.0,0.0,0.0,0.0,0.0,0.0,1,0.0
2023,323587,1391925611001,CAPIFISH S.A.,A0311.01,A0311.01,Armadores / pesca marítima,MANTA,MANTA,ACTIVA,balances_2023_1.txt,NIIF_jerarquico,102,6094856.14,5935853.01,159003.13,3159745.26,3163018.0199999996,3149761.62,13256.4,6716.41,1,-0.0
2023,323972,1391926189001,TUNAAUGERE S.A.,A0311.01,A0311.01,Armadores / pesca marítima,MANTA,MANTA,ACTIVA,balances_2023_1.txt,NIIF_jerarquico,18,800.0,60.0,740.0,0.0,0.0,0.0,0.0,-60.0,1,0.0
2023,323973,1391926197001,FORTETUNA S.A.,A0311.01,A0311.01,Armadores / pesca marítima,MANTA,MANTA,ACTIVA,balances_2023_1.txt,NIIF_jerarquico,23,800.0,120.0,680.0,0.0,0.0,0.0,0.0,-60.0,1,0.0
2023,325989,1391929501001,FISHOLTMANT CIA.LTDA.,C1020.02,C1020.02,Industria: elaboración y conservación de pescado,MANTA,MANTA,ACTIVA,balances_2023_1.txt,NIIF_jerarquico,45,85452.24,190000.0,-104547.76,190228.66,190228.66,213954.05,-23725.39,-15524.55,1,0.0
2023,326644,1391930550001,CONSERLUJAZ MANTA S.A.,A0311.01,A0311.01,Armadores / pesca marítima,MANTA,MANTA,ACTIVA,balances_2023_1.txt,NIIF_jerarquico,8,800.0,0.0,800.0,0.0,0.0,0.0,0.0,0.0,1,0.0
2023,329258,1391931935001,SERVICIOS PESQUEROS Y CONEXAS DE GENNA LOURIDO SERPEDG S.A.S.,A0311.01,A0311.01,Armadores / pesca marítima,MANTA,MANTA,ACTIVA,balances_2023_1.txt,NIIF_jerarquico,41,57100.06,826.63,56273.43,240100.0,240100.0,236615.31,3484.69,2430.98,1,0.0
2023,330490,1391932107001,DIMARPESCA S.A.,A0311.01,A0311.01,Armadores / pesca marítima,MANTA,MANTA,ACTIVA,balances_2023_1.txt,NIIF_jerarquico,50,311716.83,192750.43,118966.4,5134855.13,5134855.13,5100215.83,34639.3,22082.55,1,0.0
2023,330529,1391932097001,MOLTUNA S.A.S.,A0311.03,A0311.03,Armadores / pesca marítima,MANTA,MANTA,ACTIVA,balances_2023_1.txt,NIIF_jerarquico,9,1200.0,0.0,1200.0,0.0,0.0,0.0,0.0,0.0,1,0.0
2023,330884,1391932127001,GILCOR S.A.S.,C1020.06,C1020.06,Industria: elaboración y conservación de pescado,MANTA,MANTA,ACTIVA,balances_2023_1.txt,NIIF_jerarquico,36,63848.38,9573.28,54275.1,491983.33,491983.33,457618.82,34364.51,29209.83,1,0.0
2023,333514,1391932400001,SEAFOOD INVESTMENT S.A.S.,A0311.01,A0311.01,Armadores / pesca marítima,MANTA,MANTA,ACTIVA,balances_2023_1.txt,NIIF_jerarquico,35,8909.43,127.71,8781.72,4950.0,4950.0,4369.48,580.52,452.81,1,0.0
2023,335653,1391932632001,BIGTUNA S.A.,A0311.01,A0311.01,Armadores / pesca marítima,MANTA,MANTA,ACTIVA,balances_2023_1.txt,NIIF_jerarquico,94,8370406.85,7667574.2,702832.65,5163981.94,5163981.94,5150253.21,13728.73,3301.65,1,-0.0
2023,339478,1391933055001,DIST. OF FISH GARCIA S.A.S.,A0311.01,A0311.01,Armadores / pesca marítima,MANTA,MANTA,ACTIVA,balances_2023_1.txt,NIIF_jerarquico,65,294041.57,83511.52,210530.05,1611246.32,1611246.32,1596872.18,14374.14,8092.64,1,0.0
2023,341265,1391933443001,CHCM FISHING COMPANY S.A.,A0311.03,A0311.03,Armadores / pesca marítima,MANTA,MANTA,ACTIVA,balances_2023_1.txt,NIIF_jerarquico,16,16526.51,15726.51,800.0,0.0,0.0,0.0,0.0,0.0,1,-0.0
2023,34175,1390141692001,EMPACADORA BILBO S.A. BILBOSA,C1020.01,C1020.01,Industria: elaboración y conservación de pescado,MANTA,MANTA,ACTIVA,balances_2023_1.txt,NIIF_jerarquico,183,39304959.43,28350201.76,10954757.67,26127341.92,30545832.89,30339045.75,206787.14,175769.07,1,-0.0
2023,34292,1390144039001,PESCADO FRESCO DE EXPORTACION PEFREXPORT S.A.,C1020.04,C1020.04,Industria: elaboración y conservación de pescado,MANTA,MANTA,ACTIVA,balances_2023_1.txt,NIIF_jerarquico,48,1688.37,149421.62,-147733.25,0.0,794.94,28969.6,-28174.66,-28174.66,1,0.0
2023,343136,1391934129001,FISHLOGIST DEL ECUADOR S.A.S.,A0311.01,A0311.01,Armadores / pesca marítima,MANTA,MANTA,ACTIVA,balances_2023_1.txt,NIIF_jerarquico,40,389188.52,284038.71,105149.81,25000.0,2265000.0,2159950.19,105049.81,105049.81,1,0.0
2023,34328,1390145493001,FISHCORP S.A.,A0311.01,A0311.01,Armadores / pesca marítima,JARAMIJÓ,JARAMIJÓ,ACTIVA,balances_2023_1.txt,NIIF_jerarquico,106,28985835.85,22868804.26,6117031.59,20408719.06,20893634.66,21505900.380000003,-612265.72,-612265.72,1,0.0
2023,34346,1390145957001,PESQUERA PERALTA SOCIEDAD ANONIMA PESPERALTA,A0311.01,A0311.01,Armadores / pesca marítima,MANTA,MANTA,ACTIVA,balances_2023_1.txt,NIIF_jerarquico,22,56340.87,44365.82,11975.05,0.0,0.0,0.0,0.0,0.0,1,0.0
2023,34388,1390147186001,MARBELIZE S.A.,C1020.04,C1020.04,Industria: elaboración y conservación de pescado,JARAMIJÓ,JARAMIJÓ,ACTIVA,balances_2023_1.txt,NIIF_jerarquico,194,69743245.19,61665154.05,8078091.14,109507465.59,110999509.4,110124933.23,874576.17,377144.52,1,0.0
2023,34420,1390148212001,MANABITA DE COMERCIO S.A. MANCORSACOM,C1020.04,C1020.04,Industria: elaboración y conservación de pescado,JARAMIJÓ,JARAMIJÓ,ACTIVA,balances_2023_1.txt,NIIF_jerarquico,161,8711626.19,3052583.45,5659042.74,13650951.67,13692705.6,12202505.05,1490200.55,975281.09,1,-0.0
2023,34442,1390149154001,SHELLFISH S.A.,A0311.01,A0311.01,Armadores / pesca marítima,MANTA,MANTA,ACTIVA,balances_2023_1.txt,NIIF_jerarquico,95,1661644.99,733263.58,928381.41,2869203.38,2869203.38,2602394.73,266808.65,150843.97,1,0.0
2023,34449,1390149219001,EUROFISH S.A.,C1020.04,C1020.04,Industria: elaboración y conservación de pescado,MONTECRISTI,MONTECRISTI,ACTIVA,balances_2023_1.txt,NIIF_jerarquico,176,133024746.69,68192643.12,64832103.57,174775143.37,186423903.13,185508451.21999997,915451.91,734694.03,1,-0.0
2023,34521,1391700776001,TECNICA Y COMERCIO DE LA PESCA C.A. TECOPESCA,A0311.01,A0311.01,Armadores / pesca marítima,JARAMIJÓ,JARAMIJÓ,ACTIVA,balances_2023_1.txt,NIIF_jerarquico,211,140155010.65,98573529.65,41581481.0,148519944.12,149993865.11,148782911.85,1210953.26,311437.59,1,0.0
2023,34525,1391700830001,"MANACRIPEX CIA. LTDA. MANABITA DE CRIA , PESCA Y EXPORTACION",A0311.03,A0311.03,Armadores / pesca marítima,JARAMIJÓ,JARAMIJÓ,ACTIVA,balances_2023_1.txt,NIIF_jerarquico,132,27048443.59,7936037.88,19112405.71,7736283.09,7756939.85,7401899.96,355039.89,203242.62,1,0.0
2023,346070,1391934568001,MOLE FISH S.A.S.,A0311.01,A0311.01,Armadores / pesca marítima,MANTA,MANTA,ACTIVA,balances_2023_1.txt,NIIF_jerarquico,8,400.0,0.0,400.0,0.0,0.0,0.0,0.0,0.0,1,0.0
2023,34611,1391709765001,PESQUERA UGAVI S.A.,A0311.03,A0311.03,Armadores / pesca marítima,MANTA,MANTA,ACTIVA,balances_2023_1.txt,NIIF_jerarquico,143,45746850.52,23488971.55,22257878.97,25711710.48,25712228.79,25129457.36,582771.43,45618.33,1,0.0
2023,34614,1391701926001,INDUSTRIA ATUNERA S.A. INDUATUN,A0311.01,A0311.01,Armadores / pesca marítima,MANTA,MANTA,ACTIVA,balances_2023_1.txt,NIIF_jerarquico,126,15441184.97,7487957.49,7953227.48,2241872.63,3512298.88,3468221.86,44077.02,-5674.81,1,0.0
2023,34630,1391702094001,DIAZ VASQUEZ DIVA S.A.,A0311.01,A0311.01,Armadores / pesca marítima,MANTA,MANTA,ACTIVA,balances_2023_1.txt,NIIF_jerarquico,41,4619697.05,2962037.56,1657659.49,0.0,0.0,28171.03,-28171.03,-28171.03,1,-0.0
2023,34725,1391726740001,INMOTUNA S.A.,A0311.01,A0311.01,Armadores / pesca marítima,MANTA,MANTA,ACTIVA,balances_2023_1.txt,NIIF_jerarquico,53,474748.03,196752.87,277995.16,0.0,0.0,1431.15,-1431.15,-1162.52,1,0.0
2023,34727,1391716702001,MEGAOCEAN S.A,A0311.01,A0311.01,Armadores / pesca marítima,MANTA,MANTA,ACTIVA,balances_2023_1.txt,NIIF_jerarquico,112,5275011.44,3261094.65,2013916.79,2960649.26,2960649.26,2891333.9,69315.36,39192.79,1,0.0
2023,34759,1391717474001,PROVIPACIF S.A,A0311.01,A0311.01,Armadores / pesca marítima,MANTA,MANTA,ACTIVA,balances_2023_1.txt,NIIF_jerarquico,84,8420380.25,1109875.27,7310504.98,0.0,0.0,68604.14,-68604.14,-68664.14,1,0.0
2023,34863,1391722486001,UNIOCEAN S.A.,A0311.03,A0311.03,Armadores / pesca marítima,MANTA,MANTA,ACTIVA,balances_2023_1.txt,NIIF_jerarquico,127,22734671.82,9258492.66,13476179.16,9469328.87,9709057.709999999,9429645.53,279412.18,-17430.97,1,0.0
2023,34903,1391723318001,OCEANFISH S.A.,A0311.01,A0311.01,Armadores / pesca marítima,MANTA,MANTA,ACTIVA,balances_2023_1.txt,NIIF_jerarquico,150,13858439.09,9346894.67,4511544.42,21490341.71,21513666.990000002,22425270.409999996,-911603.42,-881727.16,1,0.0
2023,34919,1391724500001,PESCIMERA S.A,A0311.01,A0311.01,Armadores / pesca marítima,MANTA,MANTA,ACTIVA,balances_2023_1.txt,NIIF_jerarquico,102,9020752.79,2011729.54,7009023.25,3060122.59,3062409.7199999997,3125170.42,-62760.7,-86363.59,1,-0.0
2023,34948,1391724837001,PRODUCTOS PESQUEROS S.A. PRODUPES,C1020.06,C1020.06,Industria: elaboración y conservación de pescado,MONTECRISTI,MONTECRISTI,ACTIVA,balances_2023_1.txt,NIIF_jerarquico,111,17862016.71,6312698.91,11549317.8,46721011.51,46721011.51,43729238.19,2991773.32,1691953.47,1,0.0
2023,34958,1391725426001,CARIBBEAN ATLANTIC CARTLANT S.A.,A0311.01,A0311.01,Armadores / pesca marítima,MANTA,MANTA,ACTIVA,balances_2023_1.txt,NIIF_jerarquico,8,800.0,0.0,800.0,0.0,0.0,0.0,0.0,0.0,1,0.0
2023,350020,1391935034001,EMPACADOS DEL MAR S.A.S.,A0311.01,A0311.01,Armadores / pesca marítima,MANTA,MANTA,ACTIVA,balances_2023_1.txt,NIIF_jerarquico,58,458783.66,444512.02,14271.64,393855.88,393855.88,376764.03,17091.85,13271.64,1,-0.0
2023,350230,1391935052001,PROVEPEC S.A.S.,A0311.01,A0311.01,Armadores / pesca marítima,MANTA,MANTA,ACTIVA,balances_2023_1.txt,NIIF_jerarquico,8,10000.0,0.0,10000.0,0.0,0.0,0.0,0.0,0.0,1,0.0
2023,350936,1391935136001,MARESFISH S.A.S.,A0311.01,A0311.01,Armadores / pesca marítima,MANTA,MANTA,ACTIVA,balances_2023_1.txt,NIIF_jerarquico,10,50.0,0.0,50.0,0.0,0.0,0.0,0.0,0.0,1,0.0
2023,351233,1391935171001,CAJON EC S.A.,A0311.01,A0311.01,Armadores / pesca marítima,MANTA,MANTA,ACTIVA,balances_2023_1.txt,NIIF_jerarquico,24,983.48,200.0,783.48,0.0,0.0,16.52,-16.52,-16.52,1,0.0
2023,35171,1390140319001,"FRIGORIFICO Y LABORATORIO SAN MATEO, FRIGOLAB SAN MATEO CIA. LTDA.",A0311.01,A0311.01,Armadores / pesca marítima,JARAMIJÓ,JARAMIJÓ,ACTIVA,balances_2023_1.txt,NIIF_jerarquico,143,40170105.7,30162012.23,10008093.47,47725068.04,47725068.04,47172239.16,552828.88,230610.81,1,0.0
2023,351920,1391935247001,CBVE S.A.S.,C1020.02,C1020.02,Industria: elaboración y conservación de pescado,MANTA,MANTA,ACTIVA,balances_2023_1.txt,NIIF_jerarquico,8,50.0,0.0,50.0,0.0,0.0,0.0,0.0,0.0,1,0.0
2023,35254,1390143024001,PES NUNEZ SANTANA PESNUSAN CIA. LTDA.,C1020.02,C1020.02,Industria: elaboración y conservación de pescado,MONTECRISTI,MONTECRISTI,ACTIVA,balances_2023_1.txt,NIIF_jerarquico,112,1118721.46,1008038.91,110682.55,4470449.5,4470449.5,4464299.4,6150.1,4077.51,1,-0.0
2023,352723,1391935323001,PACIFICOFISH S.A.,A0311.01,A0311.01,Armadores / pesca marítima,MANTA,MANTA,ACTIVA,balances_2023_1.txt,NIIF_jerarquico,14,53346.45,52346.45,1000.0,0.0,0.0,0.0,0.0,0.0,1,0.0
2023,352807,1391935334001,BLUEOCEANTEC S.A.,A0311.01,A0311.01,Armadores / pesca marítima,MANTA,MANTA,ACTIVA,balances_2023_1.txt,NIIF_jerarquico,9,800.0,0.0,800.0,0.0,0.0,0.0,0.0,0.0,1,0.0
2023,35294,1390144861001,MAREROCE EXPORT IMPORT CIA. LTDA.,C1020.01,C1020.01,Industria: elaboración y conservación de pescado,JARAMIJÓ,JARAMIJÓ,ACTIVA,balances_2023_1.txt,NIIF_jerarquico,90,9972769.25,8022403.85,1950365.4,6124363.18,6124363.18,6174078.609999999,-49715.43,-49715.43,1,0.0
2023,35359,1390148034001,PESQUERA CHOPITEA CIA. LTDA.,A0311.01,A0311.01,Armadores / pesca marítima,MANTA,MANTA,ACTIVA,balances_2023_1.txt,NIIF_jerarquico,83,628150.89,390972.09,237178.8,29258.9,29487.33,65823.83,-36336.5,-36396.5,1,0.0
2023,353593,1391935403001,AG3 GOLD COMPANY S.A.,C1020.02,C1020.02,Industria: elaboración y conservación de pescado,MANTA,MANTA,ACTIVA,balances_2023_1.txt,NIIF_jerarquico,8,1000.0,0.0,1000.0,0.0,0.0,0.0,0.0,0.0,1,0.0
2023,35364,1390148433001,ALIMENTOS INTEGRADOS ALINTEGRA CIA. LTDA.,C1020.05,C1020.05,Industria: elaboración y conservación de pescado,MANTA,MANTA,ACTIVA,balances_2023_1.txt,NIIF_jerarquico,27,58018.87,13027.47,44991.4,0.0,0.0,0.0,0.0,-6760.28,1,0.0
2023,354037,1391935452001,GALAPAGOS ECOFISH FISHGALA CIA.LTDA.,A0311.01,A0311.01,Armadores / pesca marítima,MANTA,MANTA,ACTIVA,balances_2023_1.txt,NIIF_jerarquico,23,10000.0,68.54,9931.46,0.0,0.0,68.54,-68.54,-68.54,1,0.0
2023,35420,1391700938001,MANATUN CIA. LTDA.,A0311.01,A0311.01,Armadores / pesca marítima,MANTA,MANTA,DISOLUCIÓN Y LIQUIDACIÓN OFICIO INSCRITA EN RM,balances_2023_1.txt,NIIF_jerarquico,23,33813.62,328.51,33485.11,0.0,0.0,0.0,0.0,0.0,1,0.0
2023,354389,1391935490001,ALDAN PACIFIC ECUADOR S.A.S.,A0311.01,A0311.01,Armadores / pesca marítima,MANTA,MANTA,ACTIVA,balances_2023_1.txt,NIIF_jerarquico,26,321934.56,21934.56,300000.0,0.0,0.0,0.0,0.0,0.0,1,0.0
2023,354413,1391935494001,ATUNES DEL PACIFICO ATUNPAC S.A.S.,A0311.01,A0311.01,Armadores / pesca marítima,MANTA,MANTA,ACTIVA,balances_2023_1.txt,NIIF_jerarquico,25,419.76,189.2,230.56,0.0,0.0,69.44,-69.44,-69.44,1,0.0
2023,354976,1391935544001,ZAMPA PESCA ZAMPESGROUP S.A.S.,A0311.01,A0311.01,Armadores / pesca marítima,MANTA,MANTA,ACTIVA,balances_2023_1.txt,NIIF_jerarquico,8,100.0,0.0,100.0,0.0,0.0,0.0,0.0,0.0,1,0.0
2023,35688,1391729391001,PESQUERA BETH EEL S.A.,A0311.01,A0311.01,Armadores / pesca marítima,MONTECRISTI,MONTECRISTI,ACTIVA,balances_2023_1.txt,NIIF_jerarquico,45,258571.98,175153.92,83418.06,0.0,85445.55,86356.19,-910.64,-910.64,1,0.0
2023,35766,1391732872001,FRIGORIFICO Y CONSERVERA DE LA PESCA FRICOPES S.A.,A0311.01,A0311.01,Armadores / pesca marítima,MANTA,MANTA,ACTIVA,balances_2023_1.txt,NIIF_jerarquico,109,1785498.05,217455.22,1568042.83,2244500.88,2281134.2399999998,2230675.77,50458.47,12769.44,1,0.0
2023,35826,1391732813001,FISHMAR S.A.,A0311.01,A0311.01,Armadores / pesca marítima,MANTA,MANTA,ACTIVA,balances_2023_1.txt,NIIF_jerarquico,96,4261828.72,395589.63,3866239.09,1879569.86,1881629.9000000001,912918.49,968711.41,613725.62,1,0.0
2023,35888,1391734271001,USAFISH S.A.,C1020.02,C1020.02,Industria: elaboración y conservación de pescado,MANTA,MANTA,ACTIVA,balances_2023_1.txt,NIIF_jerarquico,115,10220715.21,4545549.44,5675165.77,19395157.74,19395158.16,18968787.82,426370.34,362414.79,1,0.0
2023,35973,1391736452001,B&B TUNE_SUPPLIERS S.A.,A0311.01,A0311.01,Armadores / pesca marítima,MANTA,MANTA,ACTIVA,balances_2023_1.txt,NIIF_jerarquico,136,33163896.63,11876868.88,21287027.75,11712687.36,11764634.7,11515946.57,248688.13,67465.06,1,0.0
2023,369,1790034305001,SEAFMAN SOCIEDAD ECUATORIANA DE ALIMENTOS Y FRIGORIFICOS MANTA C.A.,C1020.02,C1020.02,Industria: elaboración y conservación de pescado,MANTA,MANTA,ACTIVA,balances_2023_1.txt,NIIF_jerarquico,163,81721557.32,61045852.49,20675704.83,183428410.55,183428410.55,180432827.46,2995583.09,1629583.41,1,-0.0
2023,39949,1391773439001,PESCAEXITO CIA. LTDA.,A0311.01,A0311.01,Armadores / pesca marítima,MANTA,MANTA,ACTIVA,balances_2023_1.txt,NIIF_jerarquico,57,392281.78,11492.38,380789.4,604933.6,604933.6,550265.8099999999,54667.79,46467.62,1,0.0
2023,61759,1391775903001,CONSULTORES INDUSTRIALES Y PRODUCTOS DEL MAR S.A. CIPROMAR,A0311.01,A0311.01,Armadores / pesca marítima,MANTA,MANTA,ACTIVA,balances_2023_1.txt,NIIF_jerarquico,90,483962.16,207708.17,276253.99,3158911.15,3158911.15,3157992.48,918.67,780.87,1,0.0
2023,62647,1391776683001,FRANCHI FISH S.A.,A0311.01,A0311.01,Armadores / pesca marítima,MANTA,MANTA,ACTIVA,balances_2023_1.txt,NIIF_jerarquico,87,140372.91,238638.43,-98265.52,1283153.18,1283308.3599999999,1379395.69,-96087.33,-96087.33,1,0.0
2023,636,1390005713001,INDUSTRIA ECUATORIANA PRODUCTORA DE ALIMENTOS CA INEPACA,C1020.02,C1020.02,Industria: elaboración y conservación de pescado,MANTA,MANTA,ACTIVA,balances_2023_1.txt,NIIF_jerarquico,138,63628961.33,11724936.08,51904025.25,57648445.35,57780464.83,54210921.949999996,3569542.88,2181968.11,1,0.0
2023,63945,1391778732001,INTERNACIONAL SEAFOOD FOODINTER S.A.,C1020.03,C1020.03,Industria: elaboración y conservación de pescado,MANTA,MANTA,DISOLUCIÓN Y LIQUIDACIÓN OFICIO NO INSCRITA EN RM,balances_2023_1.txt,NIIF_jerarquico,19,752.44,21332.93,-20580.49,0.0,0.0,0.0,0.0,0.0,1,0.0
2023,64976,1391779801001,EMPACADORA ALKRISTO DEL MAR S.A. EMPALMAR,A0311.01,A0311.01,Armadores / pesca marítima,MANTA,MANTA,ACTIVA,balances_2023_1.txt,NIIF_jerarquico,97,1763244.14,1505116.49,258127.65,10150559.65,10150559.65,10109786.43,40773.22,27037.33,1,-0.0
2023,700234,1391824416001,GOODMARCOM S.A.,A0311.03,A0311.03,Armadores / pesca marítima,JARAMIJÓ,JARAMIJÓ,ACTIVA,balances_2023_1.txt,NIIF_jerarquico,123,14364854.9,12242321.49,2122533.41,22784964.51,22785076.91,22138406.2,646670.71,549670.1,1,0.0
2023,702387,1391825676001,CORPORACION FRANK REVELO. EXPORTACION - IMPORTACION - PESQUERA AGRICOLA. EXPORMANTA S.A.,A0311.01,A0311.01,Armadores / pesca marítima,MANTA,MANTA,ACTIVA,balances_2023_1.txt,NIIF_jerarquico,18,72966.72,0.0,72966.72,250386.5,250386.5,178219.78,72166.72,72166.72,1,0.0
2023,7027,1390050352001,CONSERVAS ISABEL ECUATORIANA S.A.,C1020.02,C1020.02,Industria: elaboración y conservación de pescado,MANTA,MANTA,ACTIVA,balances_2023_1.txt,NIIF_jerarquico,180,129478134.26,63217609.53,66260524.73,178126692.4,179230281.59,172447903.03,6782378.56,3658441.03,1,0.0
2023,703246,1391827598001,COMERCIALIZADORA DEL MAR PEZ&PEZ S.A.,A0311.01,A0311.01,Armadores / pesca marítima,MANTA,MANTA,ACTIVA,balances_2023_1.txt,NIIF_jerarquico,125,2610001.0,1322842.82,1287158.18,5539654.79,5539654.79,5495033.11,44621.68,29584.18,1,0.0
2023,703855,1391829469001,NAVIERA ECUATORIANA PICHINCHA NAVIP S.A.,A0311.03,A0311.03,Armadores / pesca marítima,MANTA,MANTA,ACTIVA,balances_2023_1.txt,NIIF_jerarquico,36,506250.0,785039.83,-278789.83,0.0,0.0,41175.7,-41175.7,-41175.7,1,0.0
2023,704035,1391829426001,INDUSTRIAS CIBIS SANUS INDUCIBIS S.A.,C1020.02,C1020.02,Industria: elaboración y conservación de pescado,MANTA,MANTA,ACTIVA,balances_2023_1.txt,NIIF_jerarquico,8,800.0,0.0,800.0,0.0,0.0,0.0,0.0,0.0,1,0.0
2023,704360,1391830068001,PESQUERA TUNAQUICK S.A.,A0311.01,A0311.01,Armadores / pesca marítima,MONTECRISTI,MONTECRISTI,ACTIVA,balances_2023_1.txt,NIIF_jerarquico,100,17083766.47,16578630.94,505135.53,13408103.68,13408103.68,13312680.94,95422.74,95422.74,1,-0.0
2023,704997,1391831846001,COMERCIALIZADORA HERNAN CHICA IMEXTUNACONP S.A.,A0311.01,A0311.01,Armadores / pesca marítima,MANTA,MANTA,ACTIVA,balances_2023_1.txt,NIIF_jerarquico,82,1362617.54,1351717.47,10900.07,2939514.86,2942171.09,2971207.6,-29036.51,-29036.51,1,0.0
2023,708436,1391840241001,PESQUERA DEL SUR PESQUESURSA S.A.,A0311.03,A0311.03,Armadores / pesca marítima,MONTECRISTI,MONTECRISTI,ACTIVA,balances_2023_1.txt,NIIF_jerarquico,88,4169036.81,3003955.39,1165081.42,2038681.54,2038681.54,1998924.87,39756.67,-50551.74,1,0.0
2023,708841,1391841981001,FISHINGDEGFER S.A.,A0311.01,A0311.01,Armadores / pesca marítima,MANTA,MANTA,ACTIVA,balances_2023_1.txt,NIIF_jerarquico,23,4224.26,3755.02,469.24,0.0,0.0,0.0,0.0,0.0,1,0.0
2023,708842,1391841124001,EXPORTADORA PACIFICO EXPORTPACIFIC S.A.,C1020.02,C1020.02,Industria: elaboración y conservación de pescado,MANTA,MANTA,ACTIVA,balances_2023_1.txt,NIIF_jerarquico,8,1000.0,0.0,1000.0,0.0,0.0,0.0,0.0,0.0,1,0.0
2023,709051,1391841485001,ESPADEROS-PACIFICO S.A.,A0311.01,A0311.01,Armadores / pesca marítima,MANTA,MANTA,ACTIVA,balances_2023_1.txt,NIIF_jerarquico,39,1246803.0,755740.0,491063.0,0.0,0.0,1831.0,-1831.0,-1831.0,1,0.0
2023,709326,1391842309001,SULLIVAN BAY PESCA SBP-ECUADOR S.A.,A0311.01,A0311.01,Armadores / pesca marítima,MANTA,MANTA,ACTIVA,balances_2023_1.txt,NIIF_jerarquico,46,9268.98,1194.58,8074.4,402637.0,402637.0,395783.98,6853.02,4543.55,1,0.0
2023,709774,1391844174001,ATLANTIS EC COMERCIALIZACION DE PESCADO FRESCO Y CONGELADO COMERFRESCON COMPAÑIA DE RESPONSABILIDAD LIMITADA,A0311.01,A0311.01,Armadores / pesca marítima,MANTA,MANTA,ACTIVA,balances_2023_1.txt,NIIF_jerarquico,34,1386.84,2558.37,-1171.53,0.0,0.0,600.0,-600.0,-660.0,1,0.0
2023,709840,1391846339001,PESQUERA ALZAMFISH S.A.,A0311.01,A0311.01,Armadores / pesca marítima,MANTA,MANTA,DISOLUCIÓN Y LIQUIDACIÓN DE PLENO DERECHO INSC. RM,balances_2023_1.txt,NIIF_jerarquico,8,15000.0,0.0,15000.0,0.0,0.0,0.0,0.0,0.0,1,0.0
2023,709973,1391845960001,FRESCOPES S.A.,A0311.01,A0311.01,Armadores / pesca marítima,MANTA,MANTA,ACTIVA,balances_2023_1.txt,NIIF_jerarquico,29,47357.01,10708.11,36648.9,1019850.54,1019850.54,984001.64,35848.9,35848.9,1,0.0
2023,711302,1391850336001,PROCONMAN S.A.,A0311.01,A0311.01,Armadores / pesca marítima,MANTA,MANTA,ACTIVA,balances_2023_1.txt,NIIF_jerarquico,68,1241392.44,69077.27,1172315.17,918696.07,918696.07,726356.8600000001,192339.21,160541.94,1,0.0
2023,713870,1391858973001,PISCANTUR S.A.,A0311.03,A0311.03,Armadores / pesca marítima,JARAMIJÓ,JARAMIJÓ,ACTIVA,balances_2023_1.txt,NIIF_jerarquico,92,11625720.23,11103857.3,521862.93,2718559.7,2718559.7,4276933.390000001,-1558373.69,-1558373.69,1,-0.0
2023,714154,1391858892001,IMPORT & EXPORT SKYFISH S.A.,A0311.01,A0311.01,Armadores / pesca marítima,MANTA,MANTA,ACTIVA,balances_2023_1.txt,NIIF_jerarquico,8,10000.0,0.0,10000.0,0.0,0.0,0.0,0.0,0.0,1,0.0
2023,714314,1391859589001,ECOPEZ EXPORT SOCIEDAD ANÓNIMA,A0311.01,A0311.01,Armadores / pesca marítima,MONTECRISTI,MONTECRISTI,ACTIVA,balances_2023_1.txt,NIIF_jerarquico,8,800.0,0.0,800.0,0.0,0.0,0.0,0.0,0.0,1,0.0
2023,714437,1391859937001,CONSERVERA MAR Y PESCA CONMARPES S.A.,C1020.04,C1020.04,Industria: elaboración y conservación de pescado,JARAMIJÓ,JARAMIJÓ,ACTIVA,balances_2023_1.txt,NIIF_jerarquico,7,2000.0,0.0,2000.0,0.0,0.0,0.0,0.0,0.0,1,0.0
2023,714869,1391862075001,COMPAÑIA VILLACIS & ESPINOZA ROSMARFISH S.A.,A0311.01,A0311.01,Armadores / pesca marítima,MANTA,MANTA,ACTIVA,balances_2023_1.txt,NIIF_jerarquico,43,82920.11,633.25,82286.86,827062.25,827062.25,824375.3300000001,2686.92,1712.91,1,0.0
2023,714890,1391861591001,COMERCIALIZADORA FREDDY & MARLON GOSENFISH S.A.,A0311.01,A0311.01,Armadores / pesca marítima,MANTA,MANTA,ACTIVA,balances_2023_1.txt,NIIF_jerarquico,88,2557475.75,1065126.18,1492349.57,369764.98,369764.98,284099.07,85665.91,85665.91,1,0.0
2023,714926,1391861788001,NEGOCIOS INDUSTRIALES DEL MAR NEGOINMAR S.A.,C1020.02,C1020.02,Industria: elaboración y conservación de pescado,MANTA,MANTA,ACTIVA,balances_2023_1.txt,NIIF_jerarquico,8,800.0,0.0,800.0,0.0,0.0,0.0,0.0,0.0,1,0.0
2023,715262,1391864477001,PESQUERAKORPEZ S.A.,A0311.01,A0311.01,Armadores / pesca marítima,MANTA,MANTA,ACTIVA,balances_2023_1.txt,NIIF_jerarquico,74,1879334.64,1474835.22,404499.42,500815.16,500815.16,491470.42,9344.74,6195.56,1,-0.0
2023,715711,1391865198001,"FREDDY & JERONIMO CAÑARTE ZAMBRANO VENTA, PROCESO Y COMERCIALIZACIÓN DE PRODUCTOS DE LA PESCA FREJERFISH S.A.",A0311.01,A0311.01,Armadores / pesca marítima,MANTA,MANTA,ACTIVA,balances_2023_1.txt,NIIF_jerarquico,50,23228.15,14229.11,8999.04,250.0,250.0,7084.3,-6834.3,-6834.3,1,0.0
2023,716330,1391867603001,YESFISH S.A.,C1020.02,C1020.02,Industria: elaboración y conservación de pescado,JARAMIJÓ,JARAMIJÓ,ACTIVA,balances_2023_1.txt,NIIF_jerarquico,75,492474.32,307738.43,184735.89,2223869.04,2223869.04,2212662.81,11206.23,7429.73,1,0.0
2023,716882,1391869215001,CHONILLO FISH CHONIFISH S.A.,A0311.01,A0311.01,Armadores / pesca marítima,JARAMIJÓ,JARAMIJÓ,ACTIVA,balances_2023_1.txt,NIIF_jerarquico,63,34690.65,20442.61,14248.04,1104567.79,1104567.79,1083786.55,20781.24,13248.04,1,0.0
2023,717158,1391870884001,ALCERTUNA S.A.,A0311.01,A0311.01,Armadores / pesca marítima,MANTA,MANTA,DISOLUCIÓN Y LIQUIDACIÓN DE PLENO DERECHO INSC. RM,balances_2023_1.txt,NIIF_jerarquico,8,10000.0,0.0,10000.0,0.0,0.0,0.0,0.0,0.0,1,0.0
2023,717406,1391882440001,B.K. MAR EXPORTADORA E IMPORTADORA BKMAREI S.A.,A0311.01,A0311.01,Armadores / pesca marítima,MANTA,MANTA,ACTIVA,balances_2023_1.txt,NIIF_jerarquico,8,1000.0,0.0,1000.0,0.0,0.0,0.0,0.0,0.0,1,0.0
2023,717746,1391876483001,PESQUERA SALVAFISH S.A.,A0311.01,A0311.01,Armadores / pesca marítima,MANTA,MANTA,DISOLUCIÓN Y LIQUIDACIÓN OFICIO INSCRITA EN RM,balances_2023_1.txt,NIIF_jerarquico,67,7495996.43,6601436.99,894559.44,2061523.54,2061523.54,1892283.62,169239.92,169239.92,1,-0.0
2023,717750,1391875940001,SERVIBUQUES S.A.,A0311.01,A0311.01,Armadores / pesca marítima,MANTA,MANTA,ACTIVA,balances_2023_1.txt,NIIF_jerarquico,17,1327.87,254.61,1073.26,0.0,0.0,0.0,0.0,0.0,1,-0.0
2023,718126,1391873190001,ATUNERA VERMONT ATUNVERMONT S.A.,A0311.03,A0311.03,Armadores / pesca marítima,MANTA,MANTA,ACTIVA,balances_2023_1.txt,NIIF_jerarquico,66,1614028.84,1401466.46,212562.38,0.0,24672.51,75027.86,-50355.35,-54114.62,1,0.0
2023,718613,1391875061001,SEAFOODPREMIUMEXPORT CIA.LTDA.,A0311.03,A0311.03,Armadores / pesca marítima,MANTA,MANTA,ACTIVA,balances_2023_1.txt,NIIF_jerarquico,24,1053.25,0.0,1053.25,53.25,53.25,0.0,53.25,53.25,1,0.0
2023,719385,1391877765001,PESQUERA DOÑAROGE S.A.,A0311.03,A0311.03,Armadores / pesca marítima,MANTA,MANTA,ACTIVA,balances_2023_1.txt,NIIF_jerarquico,106,3837957.91,2314413.99,1523543.92,5017527.04,5028545.99,4247299.42,781246.57,521344.47,1,0.0
2023,719388,1391877811001,PESQUERAROCIO S.A.,A0311.03,A0311.03,Armadores / pesca marítima,MANTA,MANTA,ACTIVA,balances_2023_1.txt,NIIF_jerarquico,107,7518904.63,3650652.3,3868252.33,9232554.04,9259789.229999999,8324898.69,934890.54,580396.14,1,0.0
2023,719390,1391877838001,PESQUERA DOÑAMARUJA S.A.,A0311.03,A0311.03,Armadores / pesca marítima,MANTA,MANTA,ACTIVA,balances_2023_1.txt,NIIF_jerarquico,97,3114770.03,1594785.33,1519984.7,2531508.25,2546148.28,2052807.67,493340.61,312699.83,1,-0.0
2023,719391,1391877803001,PESQUERA DONBARTOLO S.A.,A0311.03,A0311.03,Armadores / pesca marítima,MANTA,MANTA,ACTIVA,balances_2023_1.txt,NIIF_jerarquico,96,3721911.78,479662.39,3242249.39,3167527.13,3209832.44,2540413.89,669418.55,427586.46,1,-0.0
2023,719589,1391878508001,GEMIMARKSA S.A.,C1020.06,C1020.06,Industria: elaboración y conservación de pescado,MONTECRISTI,MONTECRISTI,ACTIVA,balances_2023_1.txt,NIIF_jerarquico,73,408376.6,380957.0,27419.6,906816.68,906816.68,1012189.95,-105373.27,26619.6,1,-0.0
2023,720249,0993151556001,OCEANMANABI S.A.,A0311.01,A0311.01,Armadores / pesca marítima,MANTA,MANTA,ACTIVA,balances_2023_1.txt,NIIF_jerarquico,22,1005.0,0.0,1005.0,5.0,5.0,0.0,5.0,5.0,1,0.0
2023,720604,1391881525001,EXPORTADORA JUAN FISH JUANFISH S.A.,A0311.01,A0311.01,Armadores / pesca marítima,MANTA,MANTA,ACTIVA,balances_2023_1.txt,NIIF_jerarquico,57,154510.48,45771.99,108738.49,342824.2,342824.2,336171.18,6653.02,6653.02,1,0.0
2023,72073,0991313788001,ASISERVY S.A.,C1020.02,C1020.02,Industria: elaboración y conservación de pescado,JARAMIJÓ,JARAMIJÓ,ACTIVA,balances_2023_1.txt,NIIF_jerarquico,200,94871143.35,68383798.5,26487344.85,81151819.65,82423498.65,82027211.41,396287.24,171750.82,1,-0.0
2023,72096,0991316531001,AGROL S.A.,A0311.01,A0311.01,Armadores / pesca marítima,MANTA,MANTA,ACTIVA,balances_2023_1.txt,NIIF_jerarquico,78,5416760.8,4971982.13,444778.67,672716.68,672716.68,666440.5599999999,6276.12,4895.37,1,-0.0
2023,723990,1391904401001,CENTRO DE BIOTECNOLOGIAS OMICAS CEBIOMICS S.A.,A0311.01,A0311.01,Armadores / pesca marítima,MONTECRISTI,MONTECRISTI,ACTIVA,balances_2023_1.txt,NIIF_jerarquico,91,159813.96,192172.13,-32358.17,82477.8,82477.8,105322.12999999999,-22844.33,-22978.75,1,-0.0
2023,724337,1391904983001,PEZ KOI PEZKOI S.A.,A0311.01,A0311.01,Armadores / pesca marítima,MANTA,MANTA,ACTIVA,balances_2023_1.txt,NIIF_jerarquico,39,10743.83,2086.7,8657.13,327525.39,327525.39,318040.38,9485.01,7398.31,1,0.0
2023,724578,1391905505001,DELIMARINA S.A.,C1020.04,C1020.04,Industria: elaboración y conservación de pescado,MANTA,MANTA,ACTIVA,balances_2023_1.txt,NIIF_jerarquico,63,322618.45,202717.87,119900.58,693321.92,693321.92,662807.62,30514.3,25937.16,1,0.0
2023,724980,1391906277001,ALBACORA-FISH S.A.,A0311.01,A0311.01,Armadores / pesca marítima,MANTA,MANTA,ACTIVA,balances_2023_1.txt,NIIF_jerarquico,89,2591269.23,1982242.3,609026.93,3410075.42,3503105.59,3481853.54,21252.05,14922.16,1,-0.0
2023,726893,1391911726001,MOLLITIAM S.A.,A0311.03,A0311.03,Armadores / pesca marítima,JARAMIJÓ,JARAMIJÓ,ACTIVA,balances_2023_1.txt,NIIF_jerarquico,82,29213140.72,30578957.83,-1365817.11,242107.43,242385.44,859937.36,-617551.92,-617551.92,1,0.0
2023,727297,1391912196001,PESCAFRESDELECUADOR S.A.,A0311.03,A0311.03,Armadores / pesca marítima,MANTA,MANTA,ACTIVA,balances_2023_1.txt,NIIF_jerarquico,8,800.0,0.0,800.0,0.0,0.0,0.0,0.0,0.0,1,0.0
2023,727394,1391912684001,ATUNERA DEL PACIFICO SUR ATUNSUR S.A.,A0311.01,A0311.01,Armadores / pesca marítima,MANTA,MANTA,ACTIVA,balances_2023_1.txt,NIIF_jerarquico,43,75905.02,110105.15,-34200.13,0.0,0.0,20595.4,-20595.4,-20655.4,1,0.0
2023,728270,1391913796001,INDUSTRIA ATUNERA REYAZUL S.A.,A0311.01,A0311.01,Armadores / pesca marítima,MANTA,MANTA,ACTIVA,balances_2023_1.txt,NIIF_jerarquico,75,2132040.17,725598.06,1406442.11,2494214.87,2494214.87,2344853.36,149361.51,95217.96,1,-0.0
2023,729264,1391917449001,JRMOREIRA CIA.LTDA.,A0311.01,A0311.01,Armadores / pesca marítima,MANTA,MANTA,ACTIVA,balances_2023_1.txt,NIIF_jerarquico,46,764893.17,664364.44,100528.73,3554144.76,3554144.76,3489347.0,64797.76,48598.32,1,0.0
2023,730479,1391920911001,EMPRESA DE ALIMENTOS MONTECRISTI EMPAMON S.A.,C1020.02,C1020.02,Industria: elaboración y conservación de pescado,MANTA,MANTA,ACTIVA,balances_2023_1.txt,NIIF_jerarquico,118,1515236.0,1382892.79,132343.21,4099330.78,4099330.78,4044951.3200000003,54379.46,21667.75,1,-0.0
2023,731170,1391917406001,PRODUCTORA ATUNERA MOLINA VALLE PROTUNA S.A.,A0311.03,A0311.03,Armadores / pesca marítima,MANTA,MANTA,ACTIVA,balances_2023_1.txt,NIIF_jerarquico,12,310.57,0.0,310.57,0.0,0.0,0.0,0.0,0.0,1,0.0
2023,731645,1391917708001,HARIBALAN S.A.S.,C1020.05,C1020.05,Industria: elaboración y conservación de pescado,MANTA,MANTA,ACTIVA,balances_2023_1.txt,NIIF_jerarquico,66,329680.43,187742.04,141938.39,1820207.21,1820207.21,1732940.5999999999,87266.61,65449.96,1,-0.0
2023,731843,1391917589001,ALIMENTOS CONGELADOS ALIMARE S.A.,C1020.02,C1020.02,Industria: elaboración y conservación de pescado,JARAMIJÓ,JARAMIJÓ,ACTIVA,balances_2023_1.txt,NIIF_jerarquico,139,2199577.55,1489753.51,709824.04,12519667.51,12521680.65,12060110.08,461570.57,294014.68,1,-0.0
2023,732752,1391918682001,ISLAS-CIES S.A.,A0311.01,A0311.01,Armadores / pesca marítima,MONTECRISTI,MONTECRISTI,ACTIVA,balances_2023_1.txt,NIIF_jerarquico,8,5000.0,0.0,5000.0,0.0,0.0,0.0,0.0,0.0,1,0.0
2023,734074,1391927061001,EMPRESA PESQUERA CAPFERGUE S.A.,A0311.01,A0311.01,Armadores / pesca marítima,MANTA,MANTA,ACTIVA,balances_2023_1.txt,NIIF_jerarquico,15,250.0,4869.1,-4619.1,0.0,0.0,0.0,0.0,0.0,1,0.0
2023,735196,1391923023001,PARIMASECOM S.A.S.,A0311.03,A0311.03,Armadores / pesca marítima,MONTECRISTI,MONTECRISTI,ACTIVA,balances_2023_1.txt,NIIF_jerarquico,9,100.0,0.0,100.0,0.0,0.0,0.0,0.0,0.0,1,0.0
2023,735565,1391923848001,COMPAÑIA DE EXPORTADORES DE PRODUCTOS DEL MAR ''EXPO&MAR'' S.A.,C1020.04,C1020.04,Industria: elaboración y conservación de pescado,MANTA,MANTA,ACTIVA,balances_2023_1.txt,NIIF_jerarquico,69,568425.45,156621.43,411804.02,300983.36,300983.36,269719.19,31264.17,18641.67,1,-0.0
2023,736025,1391924267001,SOISAMAR S.A.S.,A0311.01,A0311.01,Armadores / pesca marítima,JARAMIJÓ,JARAMIJÓ,ACTIVA,balances_2023_1.txt,NIIF_jerarquico,56,416831.36,146315.98,270515.38,466539.83,466539.83,446963.48,19576.35,19576.35,1,0.0
2023,737090,1391926499001,DEXICON S.A.,C1020.02,C1020.02,Industria: elaboración y conservación de pescado,MANTA,MANTA,ACTIVA,balances_2023_1.txt,NIIF_jerarquico,99,3435012.14,2691014.24,743997.9,11038536.26,11038536.26,10758664.93,279871.33,237890.63,1,-0.0
2023,737763,1391927711001,RENAPACIFIC IMPORTADORA Y EXPORTADORA S.A.,A0311.01,A0311.01,Armadores / pesca marítima,MANTA,MANTA,ACTIVA,balances_2023_1.txt,NIIF_jerarquico,73,475955.41,473561.91,2393.5,280319.0,280344.89,280015.54,329.35,207.49,1,0.0
2023,738014,1391928688001,UMITUNA S.A.,A0311.01,A0311.01,Armadores / pesca marítima,MANTA,MANTA,ACTIVA,balances_2023_1.txt,NIIF_jerarquico,71,195363.62,178343.45,17020.17,1147045.1,1148172.29,1121567.79,26604.5,16020.17,1,-0.0
2023,739713,1391931808001,DISTRIBUIDORA DE PRODUCTOS ALIMENTICIOSFCP S.A.,C1020.02,C1020.02,Industria: elaboración y conservación de pescado,JARAMIJÓ,JARAMIJÓ,ACTIVA,balances_2023_1.txt,NIIF_jerarquico,77,78995.46,74137.65,4857.81,357663.01,357663.01,349447.67000000004,8215.34,1032.26,1,0.0
2023,742497,1391932359001,PRODUCTOS ALIMENTICIOS CONGELADOS PROALICONSA S.A.,A0311.01,A0311.01,Armadores / pesca marítima,MONTECRISTI,MONTECRISTI,ACTIVA,balances_2023_1.txt,NIIF_jerarquico,8,800.0,0.0,800.0,0.0,0.0,0.0,0.0,0.0,1,0.0
2023,743246,1391932440001,MANTAFISHERMAN S.A.S.,A0311.01,A0311.01,Armadores / pesca marítima,JARAMIJÓ,JARAMIJÓ,ACTIVA,balances_2023_1.txt,NIIF_jerarquico,44,291767.1,106440.92,185326.18,235000.0,235000.0,50673.82,184326.18,184326.18,1,0.0
2023,743413,1391932427001,PROYECTOS NEYZOA S.A.S.,A0311.01,A0311.01,Armadores / pesca marítima,JARAMIJÓ,JARAMIJÓ,ACTIVA,balances_2023_1.txt,NIIF_jerarquico,42,231648.6,155275.01,76373.59,37946.3,37946.3,36987.54,958.76,958.76,1,0.0
2023,744546,1391932662001,PESQUERA DEL PACIFICO PESDEPAC S.A.,C1020.04,C1020.04,Industria: elaboración y conservación de pescado,MONTECRISTI,MONTECRISTI,ACTIVA,balances_2023_1.txt,NIIF_jerarquico,44,47357.7,44563.75,2793.95,34738.6,34738.6,34370.1,368.5,299.59,1,-0.0
2023,750224,1391934730001,PESQUERA ADRIANA S.A.,A0311.03,A0311.03,Armadores / pesca marítima,MANTA,MANTA,ACTIVA,balances_2023_1.txt,NIIF_jerarquico,8,0.01,0.0,0.01,0.0,0.0,0.0,0.0,0.0,1,0.0
2023,750241,1391934731001,AEROFISH S.A.,A0311.01,A0311.01,Armadores / pesca marítima,MANTA,MANTA,ACTIVA,balances_2023_1.txt,NIIF_jerarquico,18,4736453.45,3287348.45,1449105.0,0.0,0.0,0.0,0.0,0.0,1,0.0
2023,750320,1391934789001,PESCADORES DEL MAR BERMEJO S.A.S.,A0311.01,A0311.01,Armadores / pesca marítima,MANTA,MANTA,ACTIVA,balances_2023_1.txt,NIIF_jerarquico,8,800.0,0.0,800.0,0.0,0.0,0.0,0.0,0.0,1,0.0
2023,751431,1391935120001,MEROFRESCO S.A.,A0311.03,A0311.03,Armadores / pesca marítima,MANTA,MANTA,ACTIVA,balances_2023_1.txt,NIIF_jerarquico,8,2000.0,0.0,2000.0,0.0,0.0,0.0,0.0,0.0,1,0.0
2023,752517,1391935384001,COMPAÑIA PUNTOMAR S.A.,C1020.09,C1020.09,Industria: elaboración y conservación de pescado,MANTA,MANTA,ACTIVA,balances_2023_1.txt,NIIF_jerarquico,48,3089.65,481.72,2607.93,36046.15,36046.15,33856.5,2189.65,1707.93,1,0.0
2023,753140,1391935618001,PESQUERA FINISTERRE S.A.,A0311.01,A0311.01,Armadores / pesca marítima,MANTA,MANTA,ACTIVA,balances_2023_1.txt,NIIF_jerarquico,12,6000.0,0.0,6000.0,0.0,0.0,0.0,0.0,0.0,1,0.0
2023,753609,1391935826001,TUNAFISHNG S.A.,A0311.01,A0311.01,Armadores / pesca marítima,MANTA,MANTA,ACTIVA,balances_2023_1.txt,NIIF_jerarquico,8,3000.0,0.0,3000.0,0.0,0.0,0.0,0.0,0.0,1,0.0
2023,753825,1391936248001,SANTOS VELEZ SV S.A.S.,A0311.01,A0311.01,Armadores / pesca marítima,MANTA,MANTA,ACTIVA,balances_2023_1.txt,NIIF_jerarquico,8,6000.0,0.0,6000.0,0.0,0.0,0.0,0.0,0.0,1,0.0
2023,79132,0991417117001,MARMONTESAN S.A.,A0311.01,A0311.01,Armadores / pesca marítima,MONTECRISTI,MONTECRISTI,ACTIVA,balances_2023_1.txt,NIIF_jerarquico,55,171811.27,143766.59,28044.68,23480.26,23480.26,22248.64,1231.62,1231.62,1,-0.0
2023,83238,0991469095001,TADEL S.A.,C1020.05,C1020.05,Industria: elaboración y conservación de pescado,JARAMIJÓ,JARAMIJÓ,ACTIVA,balances_2023_1.txt,NIIF_jerarquico,148,56080468.05,9515996.98,46564471.07,54006895.79,54479310.699999996,44852473.18,9626837.52,6183173.32,1,-0.0
2023,95584,1391738803001,EYCO S.A.,A0311.01,A0311.01,Armadores / pesca marítima,MANTA,MANTA,ACTIVA,balances_2023_1.txt,NIIF_jerarquico,99,1206737.56,648948.82,557788.74,9047465.35,9047465.35,8776621.97,270843.38,179569.16,1,0.0
2023,95604,1391739524001,PROHAPEZ MANTA S.A.,A0311.01,A0311.01,Armadores / pesca marítima,MONTECRISTI,MONTECRISTI,ACTIVA,balances_2023_1.txt,NIIF_jerarquico,28,3024.59,50.25,2974.34,101415.2,101415.2,101140.61,274.59,224.34,1,0.0
2023,95611,0992471557001,EMPROPESCA S.A.,A0311.01,A0311.01,Armadores / pesca marítima,MANTA,MANTA,ACTIVA,balances_2023_1.txt,NIIF_jerarquico,34,31973.56,432570.36,-400596.8,0.0,0.0,0.0,0.0,0.0,1,0.0
2023,95657,1391740433001,COMERCIALIZADORA DE PRODUCTOS DEL MAR SINAI S. A.,A0311.01,A0311.01,Armadores / pesca marítima,MONTECRISTI,MONTECRISTI,ACTIVA,balances_2023_1.txt,NIIF_jerarquico,57,252043.49,199810.43,52233.06,1192098.03,1192098.03,1157746.61,34351.42,25763.56,1,0.0
2023,95806,1391744064001,PESPESCA S.A.,C1020.07,C1020.07,Industria: elaboración y conservación de pescado,MONTECRISTI,MONTECRISTI,ACTIVA,balances_2023_1.txt,NIIF_jerarquico,169,48878289.99,27726037.65,21152252.34,60519117.24,60528216.260000005,60279747.4,248468.86,-86054.83,1,0.0
2023,95871,1391744943001,AMATXU MARIA LUISA CIA. LTDA.,A0311.01,A0311.01,Armadores / pesca marítima,MANTA,MANTA,ACTIVA,balances_2023_1.txt,NIIF_jerarquico,83,438857.94,231088.75,207769.19,208813.18,208813.18,203552.33000000002,5260.85,1505.94,1,0.0
2023,95900,1391745656001,OCEAN FARM S.A.,A0311.01,A0311.01,Armadores / pesca marítima,MANTA,MANTA,ACTIVA,balances_2023_1.txt,NIIF_jerarquico,66,329695.63,214705.82,114989.81,0.0,148451.95,161070.72,-12618.77,-12618.77,1,0.0
2023,95926,1391746830001,FRESH FISH DEL ECUADOR CIA. LTDA.,A0311.01,A0311.01,Armadores / pesca marítima,MANTA,MANTA,ACTIVA,balances_2023_1.txt,NIIF_jerarquico,159,10550484.63,7742731.62,2807753.01,19570910.58,20628246.009999998,20493929.04,134316.97,28221.9,1,0.0
2023,95993,1391747314001,INDUSTRIAS DE PRODUCTOS DEL MAR S.A. IDELMAR,A0311.01,A0311.01,Armadores / pesca marítima,MANTA,MANTA,ACTIVA,balances_2023_1.txt,NIIF_jerarquico,106,4080418.95,2427346.73,1653072.22,4932535.19,4932535.19,4850934.359999999,81600.83,19441.36,1,0.0
2023,96020,1391748027001,DELIPESCA S.A.,A0311.01,A0311.01,Armadores / pesca marítima,MANTA,MANTA,ACTIVA,balances_2023_1.txt,NIIF_jerarquico,135,36090705.66,29246965.65,6843740.01,4849781.5,5273822.7,5175664.42,98158.28,30467.05,1,-0.0
2023,96128,1391750811001,ISIMARE S.A.,A0311.01,A0311.01,Armadores / pesca marítima,JARAMIJÓ,JARAMIJÓ,ACTIVA,balances_2023_1.txt,NIIF_jerarquico,114,1450643.27,977112.08,473531.19,846653.24,846653.24,829813.7,16839.54,10178.1,1,0.0
2023,96213,1391753071001,EUROTUNA S.A.,A0311.01,A0311.01,Armadores / pesca marítima,MANTA,MANTA,ACTIVA,balances_2023_1.txt,NIIF_jerarquico,71,201948.41,109603.63,92344.78,173045.14,173045.14,167879.2,5165.94,5165.94,1,0.0
2023,96216,1391752377001,MARINE PROTEIN MARPROT S.A.,A0311.01,A0311.01,Armadores / pesca marítima,MONTECRISTI,MONTECRISTI,ACTIVA,balances_2023_1.txt,NIIF_jerarquico,153,9507834.29,6783253.28,2724581.01,6934450.18,7760150.52,7046111.11,714039.41,474097.97,1,-0.0
2023,96218,1391752822001,MARCARIBE S.A.,A0311.01,A0311.01,Armadores / pesca marítima,MANTA,MANTA,ACTIVA,balances_2023_1.txt,NIIF_jerarquico,13,7794.29,0.0,7794.29,0.0,0.0,0.0,0.0,0.0,1,0.0
2023,96265,1391753233001,TECNIMAR CIA. LTDA.,A0311.01,A0311.01,Armadores / pesca marítima,MANTA,MANTA,ACTIVA,balances_2023_1.txt,NIIF_jerarquico,14,1658.63,0.0,1658.63,0.0,0.0,0.0,0.0,0.0,1,0.0
2023,99022,0991520767001,GALDECUN S.A.,C1020.06,C1020.06,Industria: elaboración y conservación de pescado,JARAMIJÓ,JARAMIJÓ,ACTIVA,balances_2023_1.txt,NIIF_jerarquico,115,2903656.24,2009073.76,894582.48,10252715.47,10252715.47,10151327.68,101387.79,0.0,1,0.0
2024,100223,1391782926001,ALIMENTOS DEL MAR MARFOODSA S.A.,A0311.01,A0311.01,Armadores / pesca marítima,JARAMIJÓ,JARAMIJÓ,ACTIVA,balances_2024_1.txt,NIIF_jerarquico,54,111286.74,100711.31,10575.43,27000.0,28126.12,18097.67,10028.45,7795.79,1,0.0
2024,10060,1390021646001,PESPACA PESQUERA DEL PACIFICO CA,C1020.02,C1020.02,Industria: elaboración y conservación de pescado,MANTA,MANTA,ACTIVA,balances_2024_1.txt,NIIF_jerarquico,70,2505972.46,1746474.15,759498.31,600949.2,600949.2,599569.0,1380.2,1076.55,1,0.0
2024,111848,0992299231001,ELVAYKA KYOEI S.A.,A0311.01,A0311.01,Armadores / pesca marítima,MANTA,MANTA,ACTIVA,balances_2024_1.txt,NIIF_jerarquico,134,44438684.34,27512662.58,16926021.76,41566355.09,41677989.830000006,34786116.8,6891873.03,4401027.91,1,0.0
2024,114130,0992331283001,XUK S.A.,A0311.01,A0311.01,Armadores / pesca marítima,JARAMIJÓ,JARAMIJÓ,ACTIVA,balances_2024_1.txt,NIIF_jerarquico,107,3262975.14,1431530.88,1831444.26,5743035.47,5845502.239999999,5650224.37,195277.87,101714.79,1,0.0
2024,115653,0992354186001,TUNAEXPORT S.A.S.,A0311.01,A0311.01,Armadores / pesca marítima,MANTA,MANTA,ACTIVA,balances_2024_1.txt,NIIF_jerarquico,108,9006302.68,4071373.95,4934928.73,3882618.03,3882618.03,3739783.2199999997,142834.81,73218.34,1,-0.0
2024,12582,1390034063001,EMPRESA DEL MAR CIA LTDA,A0311.01,A0311.01,Armadores / pesca marítima,MANTA,MANTA,ACTIVA,balances_2024_1.txt,NIIF_jerarquico,62,280952.53,323270.82,-42318.29,0.0,0.0,68290.73,-68290.73,-68290.73,1,0.0
2024,126601,0992505621001,SUNSTAR S.A.,A0311.01,A0311.01,Armadores / pesca marítima,MANTA,MANTA,ACTIVA,balances_2024_1.txt,NIIF_jerarquico,42,67237.09,91675.36,-24438.27,0.0,0.0,572.32,-572.32,-572.32,1,-0.0
2024,128384,0992530332001,ASTILLERO ESPERANZA DEL MAR C.A. ASTIESMAR,A0311.01,A0311.01,Armadores / pesca marítima,JARAMIJÓ,JARAMIJÓ,ACTIVA,balances_2024_1.txt,NIIF_jerarquico,122,9427696.96,5548542.45,3879154.51,867546.89,1786237.87,1730101.9700000002,56135.9,41145.28,1,0.0
2024,137966,1391785003001,COMERCIALIZADORA TONINO SEA FOOD S.A. COMTOSEAFOOD,A0311.01,A0311.01,Armadores / pesca marítima,MANTA,MANTA,ACTIVA,balances_2024_1.txt,NIIF_jerarquico,11,25018.83,0.0,25018.83,0.0,0.0,0.0,0.0,0.0,1,0.0
2024,139001,1391785402001,PESQUERA MONTECRISTI S.A. PESQUEMONSA,A0311.01,A0311.01,Armadores / pesca marítima,MANTA,MANTA,ACTIVA,balances_2024_1.txt,NIIF_jerarquico,103,4979804.91,1789330.51,3190474.4,3974103.77,3974103.77,3963998.8899999997,10104.88,3523.51,1,0.0
2024,139004,1391799101001,PUERTOMAR S.A.,A0311.03,A0311.03,Armadores / pesca marítima,JARAMIJÓ,JARAMIJÓ,ACTIVA,balances_2024_1.txt,NIIF_jerarquico,127,30826093.68,20176738.15,10649355.53,78294804.34,78544157.01,76991213.52000001,1552943.49,1320001.97,1,0.0
2024,141044,1391790619001,FULL MOON ECUADOR FULMEC S.A.,A0311.01,A0311.01,Armadores / pesca marítima,MANTA,MANTA,ACTIVA,balances_2024_1.txt,NIIF_jerarquico,51,105311.68,34084.78,71226.9,1236824.0,1236824.0,1233277.43,3546.57,3546.57,1,0.0
2024,141596,1391788185001,COVEROSA S.A.,A0311.01,A0311.01,Armadores / pesca marítima,MANTA,MANTA,ACTIVA,balances_2024_1.txt,NIIF_jerarquico,85,497470.81,313175.67,184295.14,3558769.14,3558769.14,3534030.24,24738.9,14812.07,1,0.0
2024,143165,1391790589001,ACUICOLA Y PISCICOLA LA ISLA S.A. ACUISLA,A0311.01,A0311.01,Armadores / pesca marítima,MANTA,MANTA,ACTIVA,balances_2024_1.txt,NIIF_jerarquico,39,208455.2,62535.02,145920.18,1000.0,1000.0,900.0,100.0,100.0,1,0.0
2024,143702,1391790279001,AGRICOLA Y PISCICOLA SUSSMANN DELGADO AGROSUSSDEL S.A.,A0311.01,A0311.01,Armadores / pesca marítima,MANTA,MANTA,ACTIVA,balances_2024_1.txt,NIIF_jerarquico,56,370380.49,232521.05,137859.44,880175.3,880175.3,865615.3099999999,14559.99,14559.99,1,0.0
2024,143706,1391790287001,PESQUERA ATUNES DEL PACIFICO S.A. ''ATUNPACIFICOSA'',A0311.03,A0311.03,Armadores / pesca marítima,MANTA,MANTA,ACTIVA,balances_2024_1.txt,NIIF_jerarquico,94,4721864.03,1243338.28,3478525.75,2233718.4,2244907.17,1608128.77,636778.4,374101.62,1,0.0
2024,144167,1391791488001,GRUPO DEGFER CIA. LTDA.,A0311.01,A0311.01,Armadores / pesca marítima,JARAMIJÓ,JARAMIJÓ,ACTIVA,balances_2024_1.txt,NIIF_jerarquico,176,74582416.57,40695390.65,33887025.92,31615736.76,31831553.05,34299389.92,-2467836.87,-2446880.26,1,-0.0
2024,144336,1391791097001,PESCADOS Y MARISCOS DEL PACIFICO S.A. PESMARPAC,A0311.01,A0311.01,Armadores / pesca marítima,JARAMIJÓ,JARAMIJÓ,ACTIVA,balances_2024_1.txt,NIIF_jerarquico,109,1805233.4,1337270.0,467963.4,9512773.24,9512773.24,9225650.360000001,287122.88,190362.47,1,-0.0
2024,144480,1391791178001,ALETAMARILLA S.A.,A0311.01,A0311.01,Armadores / pesca marítima,MANTA,MANTA,ACTIVA,balances_2024_1.txt,NIIF_jerarquico,96,2357474.06,531789.52,1825684.54,1788096.96,1788096.96,2390445.88,-602348.92,-602348.92,1,0.0
2024,144740,1391799624001,LOGISTICA INTERNACIONAL LOGISINSA S.A.,A0311.01,A0311.01,Armadores / pesca marítima,MANTA,MANTA,ACTIVA,balances_2024_1.txt,NIIF_jerarquico,86,5719389.55,4485691.22,1233698.33,4828995.32,4828995.32,4837003.9,-8008.58,-8008.58,1,0.0
2024,145016,1391791895001,INDUSTRIAL PESQUERA DEL PACIFICO S.A. INPESPA,A0311.01,A0311.01,Armadores / pesca marítima,MANTA,MANTA,ACTIVA,balances_2024_1.txt,NIIF_jerarquico,23,12356.0,23365.36,-11009.36,0.0,0.0,11809.36,-11809.36,-11809.36,1,0.0
2024,145888,1391793308001,PESFRESCO S.A.,A0311.01,A0311.01,Armadores / pesca marítima,MANTA,MANTA,ACTIVA,balances_2024_1.txt,NIIF_jerarquico,91,172184.94,114292.15,57892.79,399545.29,401273.23,405991.4,-4718.17,-10158.7,1,0.0
2024,145894,1391793065001,EMPACADORA DE MARISCOS ECUAMARISC CIA. LTDA.,A0311.01,A0311.01,Armadores / pesca marítima,MANTA,MANTA,ACTIVA,balances_2024_1.txt,NIIF_jerarquico,42,287846.51,259424.75,28421.76,863071.31,863071.31,861719.67,1351.64,1054.28,1,0.0
2024,146215,1391792999001,SARDINAS DEL PACIFICO S.A. SARDIPAC,A0311.01,A0311.01,Armadores / pesca marítima,JARAMIJÓ,JARAMIJÓ,ACTIVA,balances_2024_1.txt,NIIF_jerarquico,117,8759371.0,6694606.0,2064765.0,16666934.0,16666934.0,15332645.0,1334289.0,870051.0,1,0.0
2024,146541,1391793405001,ASOCIACION DE PESCA EXPORTABLE ASOPESEX C.A.,A0311.01,A0311.01,Armadores / pesca marítima,MANTA,MANTA,ACTIVA,balances_2024_1.txt,NIIF_jerarquico,8,800.0,0.0,800.0,0.0,0.0,0.0,0.0,0.0,1,0.0
2024,146715,1391793731001,VIDA MARINA VIMARINA CIA. LTDA.,C1020.04,C1020.04,Industria: elaboración y conservación de pescado,MANTA,MANTA,ACTIVA,balances_2024_1.txt,NIIF_jerarquico,56,289097.59,6579.77,282517.82,260244.25,260244.25,258997.90999999997,1246.34,892.5,1,0.0
2024,146994,1391793960001,PD-PESCA S.A.,A0311.01,A0311.01,Armadores / pesca marítima,JARAMIJÓ,JARAMIJÓ,ACTIVA,balances_2024_1.txt,NIIF_jerarquico,38,187907.74,196068.35,-8160.61,0.0,0.0,0.0,0.0,0.0,1,-0.0
2024,148632,1391796056001,INTERATLANTIC S.A.,A0311.01,A0311.01,Armadores / pesca marítima,MANTA,MANTA,ACTIVA,balances_2024_1.txt,NIIF_jerarquico,50,48644.52,34948.29,13696.23,62130.09,62130.09,46849.53,15280.56,10354.32,1,-0.0
2024,149717,1391797672001,FERPIL'S S.A.,A0311.01,A0311.01,Armadores / pesca marítima,MANTA,MANTA,ACTIVA,balances_2024_1.txt,NIIF_jerarquico,26,3330.49,371.22,2959.27,0.0,0.0,326.47,-326.47,-326.47,1,-0.0
2024,164355,1391797958001,PRODUMAN ECUADOR CIA. LTDA.,A0311.01,A0311.01,Armadores / pesca marítima,MANTA,MANTA,ACTIVA,balances_2024_1.txt,NIIF_jerarquico,34,405190.59,416978.97,-11788.38,0.0,0.0,0.0,0.0,0.0,1,0.0
2024,166157,1391800290001,COMERCIALIZADORA DE PRODUCTOS PESQUEROS S.A. COMPROPEZ,A0311.01,A0311.01,Armadores / pesca marítima,JARAMIJÓ,JARAMIJÓ,ACTIVA,balances_2024_1.txt,NIIF_jerarquico,89,567989.8,281680.66,286309.14,292078.23,292078.23,265143.49,26934.74,10857.49,1,0.0
2024,166188,1391799713001,FRIGORIFICO Y LABORATORIO DE PESCA FRILABPESCA S.A.,A0311.01,A0311.01,Armadores / pesca marítima,MANTA,MANTA,ACTIVA,balances_2024_1.txt,NIIF_jerarquico,90,416979.35,215276.06,201703.29,192421.3,192421.3,192208.62,212.68,212.68,1,-0.0
2024,166190,1391799748001,TECNICA DE LA MARICULTURA S.A. TECNIMARSA,A0311.01,A0311.01,Armadores / pesca marítima,MANTA,MANTA,ACTIVA,balances_2024_1.txt,NIIF_jerarquico,24,43709.75,24251.56,19458.19,0.0,0.0,0.0,0.0,0.0,1,0.0
2024,166486,1391800568001,ECUAOCEAN S.A.,A0311.01,A0311.01,Armadores / pesca marítima,MANTA,MANTA,ACTIVA,balances_2024_1.txt,NIIF_jerarquico,10,52845.45,0.0,52845.45,0.0,0.0,0.0,0.0,0.0,1,0.0
2024,169235,1391803850001,MARPESCA ECUADOR S.A.,A0311.01,A0311.01,Armadores / pesca marítima,MONTECRISTI,MONTECRISTI,ACTIVA,balances_2024_1.txt,NIIF_jerarquico,36,38646.78,42802.92,-4156.14,0.0,0.0,2842.31,-2842.31,-7130.23,1,0.0
2024,169323,1391804083001,PESDEMAR S.A.,A0311.01,A0311.01,Armadores / pesca marítima,MANTA,MANTA,ACTIVA,balances_2024_1.txt,NIIF_jerarquico,44,166360.69,12471.89,153888.8,309938.28,309938.28,274430.58,35507.7,23541.6,1,0.0
2024,170806,1391806000001,FLOSERPESCA S.A.,C1020.02,C1020.02,Industria: elaboración y conservación de pescado,MANTA,MANTA,ACTIVA,balances_2024_1.txt,NIIF_jerarquico,56,428246.96,215971.0,212275.96,1369707.26,1369707.26,1321703.88,48003.38,48003.38,1,0.0
2024,171950,1391807651001,MONMIFISH S.A.,A0311.01,A0311.01,Armadores / pesca marítima,MANTA,MANTA,ACTIVA,balances_2024_1.txt,NIIF_jerarquico,101,13561866.59,12762032.78,799833.81,58997926.54,58997926.54,57573291.190000005,1424635.35,924014.35,1,0.0
2024,172315,1391807627001,COMPAÑÍA AL MAR PESCA ALMARPEZ S.A.,A0311.01,A0311.01,Armadores / pesca marítima,MANTA,MANTA,ACTIVA,balances_2024_1.txt,NIIF_jerarquico,79,271291.89,244228.49,27063.4,242677.63,242677.63,239726.86,2950.77,1956.33,1,0.0
2024,172770,1391808143001,PRODUCTOS DEL MAR PROMARIT S.A.,C1020.07,C1020.07,Industria: elaboración y conservación de pescado,MANTA,MANTA,ACTIVA,balances_2024_1.txt,NIIF_jerarquico,70,415157.13,143980.3,271176.83,690629.83,690629.83,631047.03,59582.8,42697.31,1,0.0
2024,173162,1391808690001,CULTIVO DE PECES S.A. CULTIPESCA,C1020.07,C1020.07,Industria: elaboración y conservación de pescado,MANTA,MANTA,ACTIVA,balances_2024_1.txt,NIIF_jerarquico,19,25941.21,16726.98,9214.23,0.0,0.0,0.0,0.0,0.0,1,0.0
2024,173324,1391809522001,V&BFISH S.A.,A0311.01,A0311.01,Armadores / pesca marítima,MANTA,MANTA,ACTIVA,balances_2024_1.txt,NIIF_jerarquico,66,456341.23,274989.19,181352.04,2756678.51,2756678.51,2715015.37,41663.14,26560.25,1,-0.0
2024,176832,1391814968001,BLAUFISH CIA. LTDA.,A0311.01,A0311.01,Armadores / pesca marítima,MANTA,MANTA,ACTIVA,balances_2024_1.txt,NIIF_jerarquico,90,770196.95,575343.89,194853.06,780608.56,780608.56,909178.3600000001,-128569.8,-128569.8,1,-0.0
2024,176961,1391814992001,"NAMAFRU NATURAL, MARISCO Y FRUTAS S.A.S.",A0311.01,A0311.01,Armadores / pesca marítima,JARAMIJÓ,JARAMIJÓ,ACTIVA,balances_2024_1.txt,NIIF_jerarquico,8,12500.0,0.0,12500.0,0.0,0.0,0.0,0.0,0.0,1,0.0
2024,177304,1391815239001,EMPACADORA FRIPEZ S.A.,A0311.01,A0311.01,Armadores / pesca marítima,MANTA,MANTA,ACTIVA,balances_2024_1.txt,NIIF_jerarquico,98,2361660.73,1952132.22,409528.51,2902963.0,2903034.0,2751089.3200000003,151944.68,87140.88,1,0.0
2024,178208,1391817371001,OCEAN KEY S.A. OCEANMANTA,A0311.01,A0311.01,Armadores / pesca marítima,MANTA,MANTA,ACTIVA,balances_2024_1.txt,NIIF_jerarquico,92,5235844.5,1740324.9,3495519.6,4061835.32,4061835.32,2900644.99,1161190.33,1161190.34,1,0.0
2024,179101,1391817320001,BOTE MIMORENITA4 S.A.,A0311.01,A0311.01,Armadores / pesca marítima,MANTA,MANTA,ACTIVA,balances_2024_1.txt,NIIF_jerarquico,10,2003.9,0.0,2003.9,0.0,0.0,0.0,0.0,0.0,1,0.0
2024,179519,1391817789001,CAMARONERA DEL PACIFICO S.A. PACIFCAM,A0311.01,A0311.01,Armadores / pesca marítima,MANTA,MANTA,ACTIVA,balances_2024_1.txt,NIIF_jerarquico,62,827562.82,608783.28,218779.54,109854.89,109854.89,108479.04000000001,1375.85,995.5,1,-0.0
2024,180892,1391819129001,CONSERVERATROPICAL CIA. LTDA.,C1020.02,C1020.02,Industria: elaboración y conservación de pescado,MANTA,MANTA,ACTIVA,balances_2024_1.txt,NIIF_jerarquico,23,54087.37,30701.17,23386.2,0.0,0.0,0.0,0.0,0.0,1,0.0
2024,18528,1790943178001,PRODUCTOS DEL MAR Y SABORES NACIONALES PROMARSAN CIA. LTDA.,C1020.04,C1020.04,Industria: elaboración y conservación de pescado,JARAMIJÓ,JARAMIJÓ,ACTIVA,balances_2024_1.txt,NIIF_jerarquico,117,3191839.92,2251868.91,939971.01,2772085.98,2777286.02,2768564.98,8721.04,1276.24,1,-0.0
2024,19582,1390073891001,TRANSMARINA CA,A0311.03,A0311.03,Armadores / pesca marítima,MONTECRISTI,MONTECRISTI,ACTIVA,balances_2024_1.txt,NIIF_jerarquico,153,51866126.85,40308946.89,11557179.96,29816719.83,41363415.72,43383130.919999994,-2019715.2,93806.79,1,0.0
2024,205129,1391765770001,EMPACADORA MADEZA S.A.,C1020.02,C1020.02,Industria: elaboración y conservación de pescado,MANTA,MANTA,ACTIVA,balances_2024_1.txt,NIIF_jerarquico,73,372146.14,383191.1,-11044.96,2071709.85,2071709.85,2064076.3399999999,7633.51,4866.36,1,0.0
2024,205167,1391766793001,POLARISPESCA S.A.,A0311.01,A0311.01,Armadores / pesca marítima,MANTA,MANTA,ACTIVA,balances_2024_1.txt,NIIF_jerarquico,68,361514.74,187319.33,174195.41,457009.1,457009.1,406306.35,50702.75,33399.67,1,0.0
2024,205205,1391767943001,ALHO FISH S.A.,A0311.01,A0311.01,Armadores / pesca marítima,MANTA,MANTA,ACTIVA,balances_2024_1.txt,NIIF_jerarquico,45,316866.01,110157.57,206708.44,46652.3,46652.3,44405.520000000004,2246.78,2246.78,1,0.0
2024,205233,1391768567001,TXOPITUNA ECUADOR CIA. LTDA.,A0311.03,A0311.03,Armadores / pesca marítima,MANTA,MANTA,ACTIVA,balances_2024_1.txt,NIIF_jerarquico,119,2400020.22,330937.14,2069083.08,840091.61,856886.36,858388.49,-1502.13,-5259.27,1,0.0
2024,25440,0990555761001,PESDEL S.A.,A0311.01,A0311.01,Armadores / pesca marítima,JARAMIJÓ,JARAMIJÓ,ACTIVA,balances_2024_1.txt,NIIF_jerarquico,167,52801912.64,23140091.38,29661821.26,30475906.98,31555528.6,29209089.439999998,2346439.16,1396468.92,1,0.0
2024,301126,1391824483001,INDUSTRIA NH SIMILA NHSIMIL CIA.LTDA.,C1020.06,C1020.06,Industria: elaboración y conservación de pescado,MANTA,MANTA,ACTIVA,balances_2024_1.txt,NIIF_jerarquico,8,800.0,0.0,800.0,0.0,0.0,0.0,0.0,0.0,1,0.0
2024,301695,1391827113001,TIANXINGS S.A.,A0311.01,A0311.01,Armadores / pesca marítima,MANTA,MANTA,ACTIVA,balances_2024_1.txt,NIIF_jerarquico,41,941366.0,943122.0,-1756.0,200534.0,200534.0,200749.0,-215.0,-215.0,1,0.0
2024,305275,1391843976001,XLPESCA S.A.,A0311.01,A0311.01,Armadores / pesca marítima,MANTA,MANTA,INACTIVA,balances_2024_1.txt,NIIF_jerarquico,8,800.0,0.0,800.0,0.0,0.0,0.0,0.0,0.0,1,0.0
2024,306408,1391850859001,SEA&LAND COMERCIO E INVERSIONES MARINAS S.A.,A0311.01,A0311.01,Armadores / pesca marítima,MANTA,MANTA,ACTIVA,balances_2024_1.txt,NIIF_jerarquico,10,4000.0,0.0,4000.0,0.0,0.0,0.0,0.0,0.0,1,0.0
2024,306409,1391850867001,WORLD FISH AND SEAFOOD PROCESADORA Y COMERCIALIZADORA ''WORLDFISH'' COMPAÑIA ANÓNIMA,A0311.01,A0311.01,Armadores / pesca marítima,MANTA,MANTA,ACTIVA,balances_2024_1.txt,NIIF_jerarquico,42,1961127.23,536369.64,1424757.59,0.0,0.0,0.0,0.0,0.0,1,-0.0
2024,306489,1391851138001,LOGISTIC CONTAINER & TRANSPORT ECUADOR IMPORTADORA Y EXPORTADORA LCTE S.A.,A0311.01,A0311.01,Armadores / pesca marítima,MANTA,MANTA,ACTIVA,balances_2024_1.txt,NIIF_jerarquico,116,12380032.84,10401897.37,1978135.47,4578184.97,5841279.0,5017427.18,823851.82,507066.32,1,0.0
2024,307031,1391853777001,EMPACADORA DE PRODUCTOS DEL MAR ZAMBRANO & MACIAS RODAVICMAR S.A.,C1020.02,C1020.02,Industria: elaboración y conservación de pescado,MANTA,MANTA,ACTIVA,balances_2024_1.txt,NIIF_jerarquico,33,2797.75,39539.51,-36741.76,0.0,0.0,0.0,0.0,-60.0,1,0.0
2024,307043,1391853971001,PESQUERA Y FRIGORIFICOS POSLIGUA PYFP PESFRI CIA.LTDA.,A0311.01,A0311.01,Armadores / pesca marítima,JARAMIJÓ,JARAMIJÓ,ACTIVA,balances_2024_1.txt,NIIF_jerarquico,55,26986.96,23839.25,3147.71,79698.97,79698.97,185166.56,-105467.59,-105467.59,1,-0.0
2024,307087,1391854137001,EMPACADORA MKF MARK FISH S.A.,C1020.04,C1020.04,Industria: elaboración y conservación de pescado,MANTA,MANTA,ACTIVA,balances_2024_1.txt,NIIF_jerarquico,8,800.0,0.0,800.0,0.0,0.0,0.0,0.0,0.0,1,0.0
2024,307815,1391857233001,PESCAPECES S.A.,A0311.01,A0311.01,Armadores / pesca marítima,MANTA,MANTA,DISOLUCIÓN Y LIQUIDACIÓN OFICIO INSCRITA EN RM,balances_2024_1.txt,NIIF_jerarquico,117,16818374.47,12103508.66,4714865.81,7893622.47,7893622.47,9402267.95,-1508645.48,-1508645.48,1,-0.0
2024,308992,1391865147001,COMERCIALIZADORA Y TRANSPORTE RASAMFISH COM&TRANS RASAMFISH RASAMFISH COMPAÑIA DE RESPONSABILIDAD LIMITADA,C1020.02,C1020.02,Industria: elaboración y conservación de pescado,MANTA,MANTA,ACTIVA,balances_2024_1.txt,NIIF_jerarquico,8,1000.0,0.0,1000.0,0.0,0.0,0.0,0.0,0.0,1,0.0
2024,309035,1391865376001,DISTRIBUIDORA PROCESADORA DE PESCA DISPROPESCA S.A.,A0311.01,A0311.01,Armadores / pesca marítima,MANTA,MANTA,ACTIVA,balances_2024_1.txt,NIIF_jerarquico,103,863580.57,654043.38,209537.19,1728357.25,1730564.58,1676010.23,54554.35,34322.73,1,-0.0
2024,311172,1391876327001,CORPORACION VJX S.A.,C1020.02,C1020.02,Industria: elaboración y conservación de pescado,MANTA,MANTA,ACTIVA,balances_2024_1.txt,NIIF_jerarquico,15,1030.36,200.15,830.21,0.0,0.0,0.0,0.0,0.0,1,-0.0
2024,311358,1391877293001,TUNA QUEEN TUQUEEN S.A.,A0311.03,A0311.03,Armadores / pesca marítima,MANTA,MANTA,ACTIVA,balances_2024_1.txt,NIIF_jerarquico,9,800.0,0.0,800.0,0.0,0.0,0.0,0.0,0.0,1,0.0
2024,311606,1391878605001,YESMAR S.A.,A0311.01,A0311.01,Armadores / pesca marítima,JARAMIJÓ,JARAMIJÓ,ACTIVA,balances_2024_1.txt,NIIF_jerarquico,8,900.0,0.0,900.0,0.0,0.0,0.0,0.0,0.0,1,0.0
2024,312950,1391897529001,BLUE-TRADING S.A.,A0311.01,A0311.01,Armadores / pesca marítima,MANTA,MANTA,ACTIVA,balances_2024_1.txt,NIIF_jerarquico,8,800.0,0.0,800.0,0.0,0.0,0.0,0.0,0.0,1,0.0
2024,313585,1391900767001,GIGAPESCA CIA.LTDA.,A0311.01,A0311.01,Armadores / pesca marítima,MANTA,MANTA,ACTIVA,balances_2024_1.txt,NIIF_jerarquico,8,400.0,0.0,400.0,0.0,0.0,0.0,0.0,0.0,1,0.0
2024,314426,1391904029001,SUR TUNA SURTUNA S.A.,A0311.01,A0311.01,Armadores / pesca marítima,MANTA,MANTA,ACTIVA,balances_2024_1.txt,NIIF_jerarquico,111,11043707.65,9792147.27,1251560.38,8582349.85,8584057.25,8316271.8,267785.45,163309.76,1,0.0
2024,315542,1391907893001,PESCA INDUSTRIALIZACION Y EXPORTACION PESINEX S.A.,A0311.01,A0311.01,Armadores / pesca marítima,MANTA,MANTA,ACTIVA,balances_2024_1.txt,NIIF_jerarquico,9,800.0,0.0,800.0,0.0,0.0,0.0,0.0,0.0,1,0.0
2024,315660,1391908326001,INDUSTRIA BIOACUATICA DEL PACIFICO SA IBP S.A.,C1020.06,C1020.06,Industria: elaboración y conservación de pescado,MANTA,MANTA,ACTIVA,balances_2024_1.txt,NIIF_jerarquico,78,399045.09,330026.81,69018.28,387748.56,387748.56,372917.26,14831.3,9833.15,1,0.0
2024,321436,1391922736001,SHRIMPSOCIETY S.A.,C1020.03,C1020.03,Industria: elaboración y conservación de pescado,MANTA,MANTA,ACTIVA,balances_2024_1.txt,NIIF_jerarquico,36,18344.73,0.0,18344.73,92298.16,92298.16,91507.85,790.31,790.31,1,0.0
2024,322631,1391924585001,TUNABEACH FRONT S.A.,A0311.03,A0311.03,Armadores / pesca marítima,MANTA,MANTA,ACTIVA,balances_2024_1.txt,NIIF_jerarquico,17,56060.7,55260.7,800.0,0.0,0.0,0.0,0.0,0.0,1,0.0
2024,323449,1391925301001,PESQUERA ECUATUNA S.A.,A0311.01,A0311.01,Armadores / pesca marítima,MANTA,MANTA,ACTIVA,balances_2024_1.txt,NIIF_jerarquico,10,5000.0,0.0,5000.0,0.0,0.0,0.0,0.0,0.0,1,0.0
2024,323587,1391925611001,CAPIFISH S.A.,A0311.01,A0311.01,Armadores / pesca marítima,MANTA,MANTA,ACTIVA,balances_2024_1.txt,NIIF_jerarquico,100,5685473.71,5510428.31,175045.4,3673875.71,4534451.83,4500667.18,33784.65,16239.27,1,0.0
2024,323972,1391926189001,TUNAAUGERE S.A.,A0311.01,A0311.01,Armadores / pesca marítima,MANTA,MANTA,ACTIVA,balances_2024_1.txt,NIIF_jerarquico,18,800.0,60.0,740.0,0.0,0.0,0.0,0.0,-60.0,1,0.0
2024,323973,1391926197001,FORTETUNA S.A.,A0311.01,A0311.01,Armadores / pesca marítima,MANTA,MANTA,ACTIVA,balances_2024_1.txt,NIIF_jerarquico,15,800.0,60.0,740.0,0.0,0.0,0.0,0.0,0.0,1,0.0
2024,325989,1391929501001,FISHOLTMANT CIA.LTDA.,C1020.02,C1020.02,Industria: elaboración y conservación de pescado,MANTA,MANTA,ACTIVA,balances_2024_1.txt,NIIF_jerarquico,35,2200.0,51847.19,-49647.19,4325.7,4325.7,55772.89,-51447.19,-51447.19,1,0.0
2024,326644,1391930550001,CONSERLUJAZ MANTA S.A.,A0311.01,A0311.01,Armadores / pesca marítima,MANTA,MANTA,ACTIVA,balances_2024_1.txt,NIIF_jerarquico,8,800.0,0.0,800.0,0.0,0.0,0.0,0.0,0.0,1,0.0
2024,329258,1391931935001,SERVICIOS PESQUEROS Y CONEXAS DE GENNA LOURIDO SERPEDG S.A.S.,A0311.01,A0311.01,Armadores / pesca marítima,MANTA,MANTA,ACTIVA,balances_2024_1.txt,NIIF_jerarquico,38,89395.2,25441.21,63953.99,273526.0,273526.0,261577.4,11948.6,7680.56,1,0.0
2024,330490,1391932107001,DIMARPESCA S.A.,A0311.01,A0311.01,Armadores / pesca marítima,MANTA,MANTA,ACTIVA,balances_2024_1.txt,NIIF_jerarquico,60,554541.13,260941.33,293599.8,6207331.7,6207331.7,5871386.95,335944.75,174633.4,1,0.0
2024,330529,1391932097001,MOLTUNA S.A.S.,A0311.03,A0311.03,Armadores / pesca marítima,MANTA,MANTA,ACTIVA,balances_2024_1.txt,NIIF_jerarquico,9,1200.0,0.0,1200.0,0.0,0.0,0.0,0.0,0.0,1,0.0
2024,330884,1391932127001,GILCOR S.A.S.,C1020.06,C1020.06,Industria: elaboración y conservación de pescado,MANTA,MANTA,ACTIVA,balances_2024_1.txt,NIIF_jerarquico,38,63848.38,6476.0,57372.38,340855.93,340855.93,327139.93,13716.0,11658.6,1,0.0
2024,335653,1391932632001,BIGTUNA S.A.,A0311.01,A0311.01,Armadores / pesca marítima,MANTA,MANTA,ACTIVA,balances_2024_1.txt,NIIF_jerarquico,92,7952361.25,7114688.32,837672.93,7609778.95,7609778.95,7470984.67,138794.28,138794.28,1,-0.0
2024,339478,1391933055001,DIST. OF FISH GARCIA S.A.S.,A0311.01,A0311.01,Armadores / pesca marítima,MANTA,MANTA,ACTIVA,balances_2024_1.txt,NIIF_jerarquico,69,398312.43,178438.07,219874.36,933277.08,933277.08,919183.1,14093.98,7934.91,1,0.0
2024,341265,1391933443001,CHCM FISHING COMPANY S.A.,A0311.03,A0311.03,Armadores / pesca marítima,MANTA,MANTA,ACTIVA,balances_2024_1.txt,NIIF_jerarquico,16,15740.18,14940.18,800.0,0.0,0.0,0.0,0.0,0.0,1,0.0
2024,34175,1390141692001,EMPACADORA BILBO S.A. BILBOSA,C1020.01,C1020.01,Industria: elaboración y conservación de pescado,MANTA,MANTA,ACTIVA,balances_2024_1.txt,NIIF_jerarquico,169,37090686.56,27086156.17,10004530.39,47955958.27,48056965.85,48851972.550000004,-795006.7,-795006.7,1,0.0
2024,34292,1390144039001,PESCADO FRESCO DE EXPORTACION PEFREXPORT S.A.,C1020.04,C1020.04,Industria: elaboración y conservación de pescado,MANTA,MANTA,ACTIVA,balances_2024_1.txt,NIIF_jerarquico,46,53.53,173144.7,-173091.17,0.0,245.5,25603.42,-25357.92,-25357.92,1,0.0
2024,343136,1391934129001,FISHLOGIST DEL ECUADOR S.A.S.,A0311.01,A0311.01,Armadores / pesca marítima,MANTA,MANTA,ACTIVA,balances_2024_1.txt,NIIF_jerarquico,40,374204.63,140838.1,233366.53,4588700.01,4588700.01,4460483.29,128216.72,128216.72,1,0.0
2024,34328,1390145493001,FISHCORP S.A.,A0311.01,A0311.01,Armadores / pesca marítima,JARAMIJÓ,JARAMIJÓ,ACTIVA,balances_2024_1.txt,NIIF_jerarquico,107,33365752.14,26846018.64,6519733.5,30658782.75,30883246.86,30480544.95,402701.91,402701.91,1,0.0
2024,34346,1390145957001,PESQUERA PERALTA SOCIEDAD ANONIMA PESPERALTA,A0311.01,A0311.01,Armadores / pesca marítima,MANTA,MANTA,ACTIVA,balances_2024_1.txt,NIIF_jerarquico,22,87100.22,75125.17,11975.05,0.0,0.0,0.0,0.0,0.0,1,0.0
2024,34388,1390147186001,MARBELIZE S.A.,C1020.04,C1020.04,Industria: elaboración y conservación de pescado,JARAMIJÓ,JARAMIJÓ,ACTIVA,balances_2024_1.txt,NIIF_jerarquico,198,80024014.66,66165685.55,13858329.11,148138317.73,148574921.54999998,139532585.31,9042336.24,5754750.58,1,0.0
2024,34420,1390148212001,MANABITA DE COMERCIO S.A. MANCORSACOM,C1020.04,C1020.04,Industria: elaboración y conservación de pescado,JARAMIJÓ,JARAMIJÓ,ACTIVA,balances_2024_1.txt,NIIF_jerarquico,156,8277629.74,1632907.05,6644722.69,17900312.62,17925433.71,16517809.940000001,1407623.77,966625.75,1,0.0
2024,34442,1390149154001,SHELLFISH S.A.,A0311.01,A0311.01,Armadores / pesca marítima,MANTA,MANTA,ACTIVA,balances_2024_1.txt,NIIF_jerarquico,86,1713825.09,875695.34,838129.75,2584369.59,2584369.59,2650117.38,-65747.79,-65747.79,1,0.0
2024,34449,1390149219001,EUROFISH S.A.,C1020.04,C1020.04,Industria: elaboración y conservación de pescado,MONTECRISTI,MONTECRISTI,ACTIVA,balances_2024_1.txt,NIIF_jerarquico,179,149900347.01,79597691.1,70302655.91,221204571.66,231981197.44,222376100.06,9605097.38,7934971.61,1,0.0
2024,34521,1391700776001,TECNICA Y COMERCIO DE LA PESCA C.A. TECOPESCA,A0311.01,A0311.01,Armadores / pesca marítima,JARAMIJÓ,JARAMIJÓ,ACTIVA,balances_2024_1.txt,NIIF_jerarquico,205,148590201.38,110552916.77,38037284.61,245535328.26,247704658.91,243586647.89,4118011.02,1390803.66,1,0.0
2024,34525,1391700830001,"MANACRIPEX CIA. LTDA. MANABITA DE CRIA , PESCA Y EXPORTACION",A0311.03,A0311.03,Armadores / pesca marítima,JARAMIJÓ,JARAMIJÓ,ACTIVA,balances_2024_1.txt,NIIF_jerarquico,131,27174704.15,8310682.81,18864021.34,6956492.25,6964394.14,7318855.87,-354461.73,-284008.72,1,0.0
2024,346070,1391934568001,MOLE FISH S.A.S.,A0311.01,A0311.01,Armadores / pesca marítima,MANTA,MANTA,ACTIVA,balances_2024_1.txt,NIIF_jerarquico,36,65314.2,61020.68,4293.52,253047.35,253047.35,252664.08000000002,383.27,383.27,1,-0.0
2024,34611,1391709765001,PESQUERA UGAVI S.A.,A0311.03,A0311.03,Armadores / pesca marítima,MANTA,MANTA,ACTIVA,balances_2024_1.txt,NIIF_jerarquico,137,49412174.64,27100541.24,22311633.4,29228276.45,29381016.81,28583398.97,797617.84,129045.8,1,0.0
2024,34614,1391701926001,INDUSTRIA ATUNERA S.A. INDUATUN,A0311.01,A0311.01,Armadores / pesca marítima,MANTA,MANTA,ACTIVA,balances_2024_1.txt,NIIF_jerarquico,124,14599096.88,6389036.75,8210060.13,3470803.67,3470803.67,3018645.1799999997,452158.49,256832.65,1,0.0
2024,34630,1391702094001,DIAZ VASQUEZ DIVA S.A.,A0311.01,A0311.01,Armadores / pesca marítima,MANTA,MANTA,ACTIVA,balances_2024_1.txt,NIIF_jerarquico,40,2248370.81,2242870.69,5500.12,0.0,0.0,7817.13,-7817.13,-7817.13,1,0.0
2024,34725,1391726740001,INMOTUNA S.A.,A0311.01,A0311.01,Armadores / pesca marítima,MANTA,MANTA,ACTIVA,balances_2024_1.txt,NIIF_jerarquico,44,474748.03,197643.6,277104.43,0.0,0.0,890.73,-890.73,-890.73,1,0.0
2024,34727,1391716702001,MEGAOCEAN S.A,A0311.01,A0311.01,Armadores / pesca marítima,MANTA,MANTA,ACTIVA,balances_2024_1.txt,NIIF_jerarquico,114,5457639.82,3442823.65,2014816.17,2020224.17,2221298.87,2220240.77,1058.1,899.38,1,0.0
2024,34759,1391717474001,PROVIPACIF S.A,A0311.01,A0311.01,Armadores / pesca marítima,MANTA,MANTA,ACTIVA,balances_2024_1.txt,NIIF_jerarquico,55,8178242.24,899930.39,7278311.85,0.0,0.0,32193.13,-32193.13,-32193.13,1,0.0
2024,34863,1391722486001,UNIOCEAN S.A.,A0311.03,A0311.03,Armadores / pesca marítima,MANTA,MANTA,ACTIVA,balances_2024_1.txt,NIIF_jerarquico,123,17596531.28,5241906.21,12354625.07,9283050.6,9283050.6,10310658.41,-1027607.81,-1131680.45,1,0.0
2024,34903,1391723318001,OCEANFISH S.A.,A0311.01,A0311.01,Armadores / pesca marítima,MANTA,MANTA,ACTIVA,balances_2024_1.txt,NIIF_jerarquico,150,13859865.39,9547876.06,4311989.33,20631522.52,20783709.86,20963789.88,-180080.02,-197263.67,1,0.0
2024,34919,1391724500001,PESCIMERA S.A,A0311.01,A0311.01,Armadores / pesca marítima,MANTA,MANTA,ACTIVA,balances_2024_1.txt,NIIF_jerarquico,97,7360002.15,1448507.74,5911494.41,2412884.31,2618533.77,3417660.42,-799126.65,-799126.65,1,0.0
2024,34948,1391724837001,PRODUCTOS PESQUEROS S.A. PRODUPES,C1020.06,C1020.06,Industria: elaboración y conservación de pescado,MONTECRISTI,MONTECRISTI,ACTIVA,balances_2024_1.txt,NIIF_jerarquico,111,16570184.12,3868445.44,12701738.68,44099984.42,44563832.33,42466295.989999995,2097536.34,1213962.84,1,0.0
2024,34958,1391725426001,CARIBBEAN ATLANTIC CARTLANT S.A.,A0311.01,A0311.01,Armadores / pesca marítima,MANTA,MANTA,ACTIVA,balances_2024_1.txt,NIIF_jerarquico,8,800.0,0.0,800.0,0.0,0.0,0.0,0.0,0.0,1,0.0
2024,350020,1391935034001,EMPACADOS DEL MAR S.A.S.,A0311.01,A0311.01,Armadores / pesca marítima,MANTA,MANTA,ACTIVA,balances_2024_1.txt,NIIF_jerarquico,79,1252387.0,713657.57,538729.43,2049718.26,2049718.26,1864260.47,185457.79,185457.79,1,0.0
2024,350230,1391935052001,PROVEPEC S.A.S.,A0311.01,A0311.01,Armadores / pesca marítima,MANTA,MANTA,ACTIVA,balances_2024_1.txt,NIIF_jerarquico,26,10136.31,136.26,10000.05,0.06,0.06,0.0,0.06,0.05,1,0.0
2024,350936,1391935136001,MARESFISH S.A.S.,A0311.01,A0311.01,Armadores / pesca marítima,MANTA,MANTA,ACTIVA,balances_2024_1.txt,NIIF_jerarquico,10,50.0,0.0,50.0,0.0,0.0,0.0,0.0,0.0,1,0.0
2024,351233,1391935171001,CAJON EC S.A.,A0311.01,A0311.01,Armadores / pesca marítima,MANTA,MANTA,ACTIVA,balances_2024_1.txt,NIIF_jerarquico,103,4211000.01,4183945.84,27054.17,1570460.48,1570460.48,1574189.79,-3729.31,-3729.31,1,-0.0
2024,35171,1390140319001,"FRIGORIFICO Y LABORATORIO SAN MATEO, FRIGOLAB SAN MATEO CIA. LTDA.",A0311.01,A0311.01,Armadores / pesca marítima,JARAMIJÓ,JARAMIJÓ,ACTIVA,balances_2024_1.txt,NIIF_jerarquico,145,29154428.45,18848530.42,10305898.03,40046326.02,40046326.02,39649291.17,397034.85,131868.77,1,-0.0
2024,351920,1391935247001,CBVE S.A.S.,C1020.02,C1020.02,Industria: elaboración y conservación de pescado,MANTA,MANTA,ACTIVA,balances_2024_1.txt,NIIF_jerarquico,10,50.0,0.0,50.0,0.0,0.0,0.0,0.0,0.0,1,0.0
2024,35254,1390143024001,PES NUNEZ SANTANA PESNUSAN CIA. LTDA.,C1020.02,C1020.02,Industria: elaboración y conservación de pescado,MONTECRISTI,MONTECRISTI,ACTIVA,balances_2024_1.txt,NIIF_jerarquico,102,1053937.88,980321.44,73616.44,1337073.41,1337073.41,1354215.28,-17141.87,-17141.87,1,-0.0
2024,352723,1391935323001,PACIFICOFISH S.A.,A0311.01,A0311.01,Armadores / pesca marítima,MANTA,MANTA,ACTIVA,balances_2024_1.txt,NIIF_jerarquico,31,53562.87,52424.9,1137.97,114530.0,114530.0,114313.58,216.42,137.97,1,0.0
2024,352807,1391935334001,BLUEOCEANTEC S.A.,A0311.01,A0311.01,Armadores / pesca marítima,MANTA,MANTA,ACTIVA,balances_2024_1.txt,NIIF_jerarquico,10,740.0,0.0,740.0,0.0,0.0,0.0,0.0,0.0,1,0.0
2024,35294,1390144861001,MAREROCE EXPORT IMPORT CIA. LTDA.,C1020.01,C1020.01,Industria: elaboración y conservación de pescado,JARAMIJÓ,JARAMIJÓ,ACTIVA,balances_2024_1.txt,NIIF_jerarquico,125,9562319.4,7667165.64,1895153.76,1648784.95,1648784.95,1703996.59,-55211.64,-55211.64,1,0.0
2024,35359,1390148034001,PESQUERA CHOPITEA CIA. LTDA.,A0311.01,A0311.01,Armadores / pesca marítima,MANTA,MANTA,ACTIVA,balances_2024_1.txt,NIIF_jerarquico,98,644724.61,352276.86,292447.75,283630.2,290909.63,212790.52,78119.11,69501.31,1,0.0
2024,353593,1391935403001,AG3 GOLD COMPANY S.A.,C1020.02,C1020.02,Industria: elaboración y conservación de pescado,MANTA,MANTA,ACTIVA,balances_2024_1.txt,NIIF_jerarquico,8,1000.0,0.0,1000.0,0.0,0.0,0.0,0.0,0.0,1,0.0
2024,35364,1390148433001,ALIMENTOS INTEGRADOS ALINTEGRA CIA. LTDA.,C1020.05,C1020.05,Industria: elaboración y conservación de pescado,MANTA,MANTA,ACTIVA,balances_2024_1.txt,NIIF_jerarquico,27,58018.87,19184.01,38834.86,0.0,0.0,0.0,0.0,-6156.54,1,0.0
2024,354037,1391935452001,GALAPAGOS ECOFISH FISHGALA CIA.LTDA.,A0311.01,A0311.01,Armadores / pesca marítima,MANTA,MANTA,ACTIVA,balances_2024_1.txt,NIIF_jerarquico,15,10000.0,68.54,9931.46,0.0,0.0,0.0,0.0,0.0,1,0.0
2024,354389,1391935490001,ALDAN PACIFIC ECUADOR S.A.S.,A0311.01,A0311.01,Armadores / pesca marítima,MANTA,MANTA,ACTIVA,balances_2024_1.txt,NIIF_jerarquico,88,2554379.56,3783553.67,-1229174.11,5527197.02,5527736.739999999,7256910.85,-1729174.11,-1729174.11,1,0.0
2024,354413,1391935494001,ATUNES DEL PACIFICO ATUNPAC S.A.S.,A0311.01,A0311.01,Armadores / pesca marítima,MANTA,MANTA,ACTIVA,balances_2024_1.txt,NIIF_jerarquico,54,213391.94,210597.03,2794.91,302374.62,302374.62,299810.27,2564.35,2564.35,1,0.0
2024,354976,1391935544001,ZAMPA PESCA ZAMPESGROUP S.A.S.,A0311.01,A0311.01,Armadores / pesca marítima,MANTA,MANTA,ACTIVA,balances_2024_1.txt,NIIF_jerarquico,8,100.0,0.0,100.0,0.0,0.0,0.0,0.0,0.0,1,0.0
2024,35688,1391729391001,PESQUERA BETH EEL S.A.,A0311.01,A0311.01,Armadores / pesca marítima,MONTECRISTI,MONTECRISTI,ACTIVA,balances_2024_1.txt,NIIF_jerarquico,45,262421.41,178976.85,83444.56,0.0,800.0,766.02,33.98,26.5,1,-0.0
2024,35766,1391732872001,FRIGORIFICO Y CONSERVERA DE LA PESCA FRICOPES S.A.,A0311.01,A0311.01,Armadores / pesca marítima,MANTA,MANTA,ACTIVA,balances_2024_1.txt,NIIF_jerarquico,113,2014725.71,408548.2,1606177.51,3261743.47,3332441.02,3253179.5,79261.52,38134.68,1,0.0
2024,35826,1391732813001,FISHMAR S.A.,A0311.01,A0311.01,Armadores / pesca marítima,MANTA,MANTA,ACTIVA,balances_2024_1.txt,NIIF_jerarquico,96,4004359.61,415782.78,3588576.83,1898141.5,1899880.79,923162.86,976717.93,615082.28,1,0.0
2024,358606,1391935923001,PRODUCTOS Y MARISCOS BSM S.A.S.,C1020.02,C1020.02,Industria: elaboración y conservación de pescado,MANTA,MANTA,ACTIVA,balances_2024_1.txt,NIIF_jerarquico,61,59740.7,52573.92,7166.78,84038.81,84038.81,75876.27,8162.54,6366.78,1,-0.0
2024,358791,1391935934001,BELOUVE S.A.S.,A0311.01,A0311.01,Armadores / pesca marítima,MANTA,MANTA,ACTIVA,balances_2024_1.txt,NIIF_jerarquico,88,12984402.5,7641471.28,5342931.22,1885812.34,1885872.3800000001,2143941.16,-258068.78,-258068.78,1,0.0
2024,35888,1391734271001,USAFISH S.A.,C1020.02,C1020.02,Industria: elaboración y conservación de pescado,MANTA,MANTA,ACTIVA,balances_2024_1.txt,NIIF_jerarquico,113,7816734.36,2058651.05,5758083.31,9726637.73,9726637.97,9515802.93,210835.04,179209.78,1,0.0
2024,35973,1391736452001,B&B TUNE_SUPPLIERS S.A.,A0311.01,A0311.01,Armadores / pesca marítima,MANTA,MANTA,ACTIVA,balances_2024_1.txt,NIIF_jerarquico,131,33363493.87,12622196.76,20741297.11,11998934.97,12344928.92,12359149.46,-14220.54,-126709.37,1,0.0
2024,361759,1391936187001,MARYTUNA S.A.,A0311.01,A0311.01,Armadores / pesca marítima,MANTA,MANTA,ACTIVA,balances_2024_1.txt,NIIF_jerarquico,49,32068.4,30899.12,1169.28,24293.51,24293.51,24021.29,272.22,169.28,1,0.0
2024,362316,1391936228001,PELAGICOS DEL LITORAL S.A.S.,A0311.01,A0311.01,Armadores / pesca marítima,MANTA,MANTA,ACTIVA,balances_2024_1.txt,NIIF_jerarquico,24,151913.78,151113.78,800.0,0.0,0.0,0.0,0.0,0.0,1,0.0
2024,362412,1391936236001,BOWEN-GROUP S.A.S.,A0311.01,A0311.01,Armadores / pesca marítima,MANTA,MANTA,ACTIVA,balances_2024_1.txt,NIIF_jerarquico,40,1062499.62,52730.69,1009768.93,55500.0,55500.0,54731.07,768.93,768.93,1,0.0
2024,362442,1391936241001,SEA BUSINESS EXPORT ÉXCÓMERFISH S.A.,A0311.01,A0311.01,Armadores / pesca marítima,MANTA,MANTA,ACTIVA,balances_2024_1.txt,NIIF_jerarquico,8,4000.0,0.0,4000.0,0.0,0.0,0.0,0.0,0.0,1,0.0
2024,362546,1391936247001,DELMARTRADE S.A.S.,C1020.04,C1020.04,Industria: elaboración y conservación de pescado,MANTA,MANTA,ACTIVA,balances_2024_1.txt,NIIF_jerarquico,20,106874.67,105874.67,1000.0,0.0,0.0,0.0,0.0,0.0,1,0.0
2024,362898,1391936279001,COMERCIALIZADORA DE MARISCOS JAZI S.A.S.,A0311.01,A0311.01,Armadores / pesca marítima,MANTA,MANTA,ACTIVA,balances_2024_1.txt,NIIF_jerarquico,10,5000.0,0.0,5000.0,0.0,0.0,0.0,0.0,0.0,1,0.0
2024,362999,1391936285001,BUEN VIENTO PRODUCCION PESQUERA PROBUENTO S.A.S.,A0311.01,A0311.01,Armadores / pesca marítima,MANTA,MANTA,ACTIVA,balances_2024_1.txt,NIIF_jerarquico,10,5000.0,0.0,5000.0,0.0,0.0,0.0,0.0,0.0,1,0.0
2024,363004,1391936286001,BUENAMAR PESQUERA BUENAMARPES S.A.S.,A0311.01,A0311.01,Armadores / pesca marítima,MANTA,MANTA,ACTIVA,balances_2024_1.txt,NIIF_jerarquico,10,5000.0,0.0,5000.0,0.0,0.0,0.0,0.0,0.0,1,0.0
2024,363459,1391936334001,TONFISK S.A.,A0311.03,A0311.03,Armadores / pesca marítima,MANTA,MANTA,ACTIVA,balances_2024_1.txt,NIIF_jerarquico,20,1004.01,0.88,1003.13,4.01,4.01,0.0,4.01,3.13,1,0.0
2024,365194,1391936482001,PROCESADORA ALFRO JIRO S.A.S.,A0311.01,A0311.01,Armadores / pesca marítima,MANTA,MANTA,ACTIVA,balances_2024_1.txt,NIIF_jerarquico,8,1000.0,0.0,1000.0,0.0,0.0,0.0,0.0,0.0,1,0.0
2024,367801,1391936715001,JARF MAR S.A.S.,A0311.01,A0311.01,Armadores / pesca marítima,MANTA,MANTA,ACTIVA,balances_2024_1.txt,NIIF_jerarquico,8,1000.0,0.0,1000.0,0.0,0.0,0.0,0.0,0.0,1,0.0
2024,369,1790034305001,SEAFMAN SOCIEDAD ECUATORIANA DE ALIMENTOS Y FRIGORIFICOS MANTA C.A.,C1020.02,C1020.02,Industria: elaboración y conservación de pescado,MANTA,MANTA,ACTIVA,balances_2024_1.txt,NIIF_jerarquico,158,67630109.92,41212314.98,26417794.94,167546068.07,167546068.07,158946573.19,8599494.88,5923779.23,1,0.0
2024,369209,1391936845001,OCEANMACA S.A.S.,A0311.03,A0311.03,Armadores / pesca marítima,MANTA,MANTA,ACTIVA,balances_2024_1.txt,NIIF_jerarquico,7,500.0,0.0,500.0,0.0,0.0,0.0,0.0,0.0,1,0.0
2024,369767,1391936883001,TUNAPRO S.A.S.,A0311.01,A0311.01,Armadores / pesca marítima,MANTA,MANTA,ACTIVA,balances_2024_1.txt,NIIF_jerarquico,11,400.0,0.0,400.0,0.0,0.0,0.0,0.0,0.0,1,0.0
2024,370050,1391936914001,VIMER S.A.,A0311.01,A0311.01,Armadores / pesca marítima,MANTA,MANTA,ACTIVA,balances_2024_1.txt,NIIF_jerarquico,8,5000.0,0.0,5000.0,0.0,0.0,0.0,0.0,0.0,1,0.0
2024,370889,1391937025001,JAH-HMH S.A.S.,A0311.01,A0311.01,Armadores / pesca marítima,MANTA,MANTA,ACTIVA,balances_2024_1.txt,NIIF_jerarquico,9,800.0,0.0,800.0,0.0,0.0,0.0,0.0,0.0,1,0.0
2024,39949,1391773439001,PESCAEXITO CIA. LTDA.,A0311.01,A0311.01,Armadores / pesca marítima,MANTA,MANTA,ACTIVA,balances_2024_1.txt,NIIF_jerarquico,57,397045.55,19809.56,377235.99,141484.29,141484.29,138035.32,3448.97,2931.62,1,0.0
2024,61759,1391775903001,CONSULTORES INDUSTRIALES Y PRODUCTOS DEL MAR S.A. CIPROMAR,A0311.01,A0311.01,Armadores / pesca marítima,MANTA,MANTA,ACTIVA,balances_2024_1.txt,NIIF_jerarquico,81,480281.08,123469.12,356811.96,6455358.79,6455358.79,6360584.7,94774.09,80557.97,1,0.0
2024,62647,1391776683001,FRANCHI FISH S.A.,A0311.01,A0311.01,Armadores / pesca marítima,MANTA,MANTA,ACTIVA,balances_2024_1.txt,NIIF_jerarquico,83,157167.37,260205.2,-103037.83,1012477.28,1012481.97,1017254.28,-4772.31,-4772.31,1,-0.0
2024,636,1390005713001,INDUSTRIA ECUATORIANA PRODUCTORA DE ALIMENTOS CA INEPACA,C1020.02,C1020.02,Industria: elaboración y conservación de pescado,MANTA,MANTA,ACTIVA,balances_2024_1.txt,NIIF_jerarquico,136,64518924.08,9097940.8,55420983.28,58194836.95,61880902.35,55054449.6,6826452.75,4171548.46,1,0.0
2024,63945,1391778732001,INTERNACIONAL SEAFOOD FOODINTER S.A.,C1020.03,C1020.03,Industria: elaboración y conservación de pescado,MANTA,MANTA,DISOLUCIÓN Y LIQUIDACIÓN OFICIO NO INSCRITA EN RM,balances_2024_1.txt,NIIF_jerarquico,12,752.44,0.0,752.44,0.0,0.0,0.0,0.0,0.0,1,0.0
2024,64976,1391779801001,EMPACADORA ALKRISTO DEL MAR S.A. EMPALMAR,A0311.01,A0311.01,Armadores / pesca marítima,MANTA,MANTA,ACTIVA,balances_2024_1.txt,NIIF_jerarquico,106,1770817.72,1481969.63,288848.09,4659524.75,4659524.75,4646826.16,12698.59,6055.08,1,0.0
2024,700234,1391824416001,GOODMARCOM S.A.,A0311.03,A0311.03,Armadores / pesca marítima,JARAMIJÓ,JARAMIJÓ,ACTIVA,balances_2024_1.txt,NIIF_jerarquico,112,13150885.95,10500404.04,2650481.91,25452421.01,25514546.720000003,23031808.08,2482738.64,666378.11,1,0.0
2024,702387,1391825676001,CORPORACION FRANK REVELO. EXPORTACION - IMPORTACION - PESQUERA AGRICOLA. EXPORMANTA S.A.,A0311.01,A0311.01,Armadores / pesca marítima,MANTA,MANTA,ACTIVA,balances_2024_1.txt,NIIF_jerarquico,18,5396.24,0.0,5396.24,10004.0,10004.0,5403.8,4600.2,4596.24,1,0.0
2024,7027,1390050352001,CONSERVAS ISABEL ECUATORIANA S.A.,C1020.02,C1020.02,Industria: elaboración y conservación de pescado,MANTA,MANTA,ACTIVA,balances_2024_1.txt,NIIF_jerarquico,179,126620638.6,56104762.0,70515876.6,179397835.22,180618027.79,170138137.0,10479890.79,5010161.53,1,0.0
2024,703246,1391827598001,COMERCIALIZADORA DEL MAR PEZ&PEZ S.A.,A0311.01,A0311.01,Armadores / pesca marítima,MANTA,MANTA,ACTIVA,balances_2024_1.txt,NIIF_jerarquico,108,2214749.79,914907.13,1299842.66,4444655.58,4444655.58,4430804.68,13850.9,7380.06,1,0.0
2024,704035,1391829426001,INDUSTRIAS CIBIS SANUS INDUCIBIS S.A.,C1020.02,C1020.02,Industria: elaboración y conservación de pescado,MANTA,MANTA,ACTIVA,balances_2024_1.txt,NIIF_jerarquico,8,800.0,0.0,800.0,0.0,0.0,0.0,0.0,0.0,1,0.0
2024,704360,1391830068001,PESQUERA TUNAQUICK S.A.,A0311.01,A0311.01,Armadores / pesca marítima,MONTECRISTI,MONTECRISTI,ACTIVA,balances_2024_1.txt,NIIF_jerarquico,95,11963017.26,11439816.0,523201.26,56850032.99,56850032.99,56724115.32,125917.67,125917.67,1,-0.0
2024,708436,1391840241001,PESQUERA DEL SUR PESQUESURSA S.A.,A0311.03,A0311.03,Armadores / pesca marítima,MONTECRISTI,MONTECRISTI,ACTIVA,balances_2024_1.txt,NIIF_jerarquico,99,5671204.86,4463851.66,1207353.2,1986711.64,1986711.64,1935335.83,51375.81,37579.77,1,0.0
2024,708841,1391841981001,FISHINGDEGFER S.A.,A0311.01,A0311.01,Armadores / pesca marítima,MANTA,MANTA,ACTIVA,balances_2024_1.txt,NIIF_jerarquico,23,4224.26,3755.02,469.24,0.0,0.0,0.0,0.0,0.0,1,0.0
2024,708842,1391841124001,EXPORTADORA PACIFICO EXPORTPACIFIC S.A.,C1020.02,C1020.02,Industria: elaboración y conservación de pescado,MANTA,MANTA,ACTIVA,balances_2024_1.txt,NIIF_jerarquico,8,1000.0,0.0,1000.0,0.0,0.0,0.0,0.0,0.0,1,0.0
2024,709051,1391841485001,ESPADEROS-PACIFICO S.A.,A0311.01,A0311.01,Armadores / pesca marítima,MANTA,MANTA,ACTIVA,balances_2024_1.txt,NIIF_jerarquico,48,1030194.69,481311.02,548883.67,62293.19,62293.19,4472.69,57820.5,57820.5,1,-0.0
2024,709326,1391842309001,SULLIVAN BAY PESCA SBP-ECUADOR S.A.,A0311.01,A0311.01,Armadores / pesca marítima,MANTA,MANTA,ACTIVA,balances_2024_1.txt,NIIF_jerarquico,33,11305.21,196.62,11108.59,55362.85,55362.85,52328.659999999996,3034.19,3034.19,1,-0.0
2024,709774,1391844174001,ATLANTIS EC COMERCIALIZACION DE PESCADO FRESCO Y CONGELADO COMERFRESCON COMPAÑIA DE RESPONSABILIDAD LIMITADA,A0311.01,A0311.01,Armadores / pesca marítima,MANTA,MANTA,ACTIVA,balances_2024_1.txt,NIIF_jerarquico,23,1386.84,2558.37,-1171.53,0.0,0.0,0.0,0.0,0.0,1,0.0
2024,709973,1391845960001,FRESCOPES S.A.,A0311.01,A0311.01,Armadores / pesca marítima,MANTA,MANTA,ACTIVA,balances_2024_1.txt,NIIF_jerarquico,36,71946.27,8935.7,63010.57,4651635.22,4651635.22,4592690.340000001,58944.88,26361.67,1,0.0
2024,711302,1391850336001,PROCONMAN S.A.,A0311.01,A0311.01,Armadores / pesca marítima,MANTA,MANTA,ACTIVA,balances_2024_1.txt,NIIF_jerarquico,64,1271306.04,57411.49,1213894.55,1504480.34,1504480.34,1271373.7,233106.64,233106.64,1,0.0
2024,713870,1391858973001,PISCANTUR S.A.,A0311.03,A0311.03,Armadores / pesca marítima,JARAMIJÓ,JARAMIJÓ,ACTIVA,balances_2024_1.txt,NIIF_jerarquico,84,1301386.16,3162004.52,-1860618.36,8048594.38,8074733.88,9785094.8,-1710360.92,-1710360.92,1,0.0
2024,714154,1391858892001,IMPORT & EXPORT SKYFISH S.A.,A0311.01,A0311.01,Armadores / pesca marítima,MANTA,MANTA,ACTIVA,balances_2024_1.txt,NIIF_jerarquico,8,10000.0,0.0,10000.0,0.0,0.0,0.0,0.0,0.0,1,0.0
2024,714437,1391859937001,CONSERVERA MAR Y PESCA CONMARPES S.A.,C1020.04,C1020.04,Industria: elaboración y conservación de pescado,JARAMIJÓ,JARAMIJÓ,ACTIVA,balances_2024_1.txt,NIIF_jerarquico,7,2000.0,0.0,2000.0,0.0,0.0,0.0,0.0,0.0,1,0.0
2024,714869,1391862075001,COMPAÑIA VILLACIS & ESPINOZA ROSMARFISH S.A.,A0311.01,A0311.01,Armadores / pesca marítima,MANTA,MANTA,ACTIVA,balances_2024_1.txt,NIIF_jerarquico,51,83298.22,419.93,82878.29,48466.94,48466.94,47574.89,892.05,591.43,1,0.0
2024,714890,1391861591001,COMERCIALIZADORA FREDDY & MARLON GOSENFISH S.A.,A0311.01,A0311.01,Armadores / pesca marítima,MANTA,MANTA,ACTIVA,balances_2024_1.txt,NIIF_jerarquico,84,2604428.16,1110940.49,1493487.67,112461.61,112461.61,111323.51,1138.1,1138.1,1,0.0
2024,714926,1391861788001,NEGOCIOS INDUSTRIALES DEL MAR NEGOINMAR S.A.,C1020.02,C1020.02,Industria: elaboración y conservación de pescado,MANTA,MANTA,ACTIVA,balances_2024_1.txt,NIIF_jerarquico,8,800.0,0.0,800.0,0.0,0.0,0.0,0.0,0.0,1,0.0
2024,715262,1391864477001,PESQUERAKORPEZ S.A.,A0311.01,A0311.01,Armadores / pesca marítima,MANTA,MANTA,ACTIVA,balances_2024_1.txt,NIIF_jerarquico,76,1989503.25,1522140.14,467363.11,1352509.52,1352509.52,1271915.05,80594.47,62863.68,1,0.0
2024,715711,1391865198001,"FREDDY & JERONIMO CAÑARTE ZAMBRANO VENTA, PROCESO Y COMERCIALIZACIÓN DE PRODUCTOS DE LA PESCA FREJERFISH S.A.",A0311.01,A0311.01,Armadores / pesca marítima,MANTA,MANTA,ACTIVA,balances_2024_1.txt,NIIF_jerarquico,46,18566.23,9392.19,9174.04,360.0,360.0,185.0,175.0,175.0,1,-0.0
2024,716330,1391867603001,YESFISH S.A.,C1020.02,C1020.02,Industria: elaboración y conservación de pescado,JARAMIJÓ,JARAMIJÓ,ACTIVA,balances_2024_1.txt,NIIF_jerarquico,87,1213145.64,646638.7,566506.94,2223534.98,2223534.98,2190126.4299999997,33408.55,-13742.49,1,0.0
2024,716882,1391869215001,CHONILLO FISH CHONIFISH S.A.,A0311.01,A0311.01,Armadores / pesca marítima,JARAMIJÓ,JARAMIJÓ,ACTIVA,balances_2024_1.txt,NIIF_jerarquico,71,124560.9,116854.08,7706.82,957284.97,957284.97,1007121.5900000001,-49836.62,-49836.62,1,-0.0
2024,717406,1391882440001,B.K. MAR EXPORTADORA E IMPORTADORA BKMAREI S.A.,A0311.01,A0311.01,Armadores / pesca marítima,MANTA,MANTA,ACTIVA,balances_2024_1.txt,NIIF_jerarquico,8,800.0,0.0,800.0,0.0,0.0,0.0,0.0,0.0,1,0.0
2024,717750,1391875940001,SERVIBUQUES S.A.,A0311.01,A0311.01,Armadores / pesca marítima,MANTA,MANTA,ACTIVA,balances_2024_1.txt,NIIF_jerarquico,17,1327.87,254.61,1073.26,0.0,0.0,0.0,0.0,0.0,1,-0.0
2024,718126,1391873190001,ATUNERA VERMONT ATUNVERMONT S.A.,A0311.03,A0311.03,Armadores / pesca marítima,MANTA,MANTA,ACTIVA,balances_2024_1.txt,NIIF_jerarquico,70,1702897.37,1498867.61,204029.76,36750.0,36750.0,43319.69,-6569.69,-8532.62,1,0.0
2024,718613,1391875061001,SEAFOODPREMIUMEXPORT CIA.LTDA.,A0311.03,A0311.03,Armadores / pesca marítima,MANTA,MANTA,ACTIVA,balances_2024_1.txt,NIIF_jerarquico,22,3199.47,0.0,3199.47,10.31,10.31,0.0,10.31,10.31,1,0.0
2024,719385,1391877765001,PESQUERA DOÑAROGE S.A.,A0311.03,A0311.03,Armadores / pesca marítima,MANTA,MANTA,ACTIVA,balances_2024_1.txt,NIIF_jerarquico,104,4288497.39,3259208.75,1029288.64,7204462.1,7208043.42,7167467.35,40576.07,3265.38,1,-0.0
2024,719388,1391877811001,PESQUERAROCIO S.A.,A0311.03,A0311.03,Armadores / pesca marítima,MANTA,MANTA,ACTIVA,balances_2024_1.txt,NIIF_jerarquico,87,4808325.76,393446.98,4414878.78,5830764.46,5838104.2299999995,4569970.39,1268133.84,918341.28,1,-0.0
2024,719390,1391877838001,PESQUERA DOÑAMARUJA S.A.,A0311.03,A0311.03,Armadores / pesca marítima,MANTA,MANTA,ACTIVA,balances_2024_1.txt,NIIF_jerarquico,77,2201748.29,263707.06,1938041.23,2668035.83,2669961.24,1814923.31,855037.93,636927.54,1,0.0
2024,719391,1391877803001,PESQUERA DONBARTOLO S.A.,A0311.03,A0311.03,Armadores / pesca marítima,MANTA,MANTA,ACTIVA,balances_2024_1.txt,NIIF_jerarquico,74,2875662.15,17511.44,2858150.71,1580531.07,1587505.98,1559283.14,28222.84,2506.61,1,0.0
2024,719589,1391878508001,GEMIMARKSA S.A.,C1020.06,C1020.06,Industria: elaboración y conservación de pescado,MONTECRISTI,MONTECRISTI,ACTIVA,balances_2024_1.txt,NIIF_jerarquico,78,220837.17,220037.17,800.0,881472.35,881472.35,1021172.62,-139700.27,-139700.27,1,0.0
2024,720249,0993151556001,OCEANMANABI S.A.,A0311.01,A0311.01,Armadores / pesca marítima,MANTA,MANTA,ACTIVA,balances_2024_1.txt,NIIF_jerarquico,8,1000.0,0.0,1000.0,0.0,0.0,0.0,0.0,0.0,1,0.0
2024,72073,0991313788001,ASISERVY S.A.,C1020.02,C1020.02,Industria: elaboración y conservación de pescado,JARAMIJÓ,JARAMIJÓ,ACTIVA,balances_2024_1.txt,NIIF_jerarquico,197,114599955.52,79435398.14,35164557.38,105419946.91,106791631.99,102531156.95,4260475.04,2691481.75,1,-0.0
2024,72096,0991316531001,AGROL S.A.,A0311.01,A0311.01,Armadores / pesca marítima,MANTA,MANTA,ACTIVA,balances_2024_1.txt,NIIF_jerarquico,77,3779931.0,3366914.0,413017.0,733964.0,914412.0,947554.0,-33142.0,-33142.0,1,0.0
2024,723990,1391904401001,CENTRO DE BIOTECNOLOGIAS OMICAS CEBIOMICS S.A.,A0311.01,A0311.01,Armadores / pesca marítima,MONTECRISTI,MONTECRISTI,ACTIVA,balances_2024_1.txt,NIIF_jerarquico,84,222105.4,271984.53,-49879.13,131360.41,131360.41,147592.75,-16232.34,-17537.09,1,-0.0
2024,724337,1391904983001,PEZ KOI PEZKOI S.A.,A0311.01,A0311.01,Armadores / pesca marítima,MANTA,MANTA,ACTIVA,balances_2024_1.txt,NIIF_jerarquico,39,10743.83,2086.7,8657.13,327525.39,327525.39,318040.38,9485.01,7398.31,1,0.0
2024,724578,1391905505001,DELIMARINA S.A.,C1020.04,C1020.04,Industria: elaboración y conservación de pescado,MANTA,MANTA,ACTIVA,balances_2024_1.txt,NIIF_jerarquico,71,355478.34,226959.48,128518.86,339706.39,339706.39,329567.24,10139.15,8618.28,1,0.0
2024,724980,1391906277001,ALBACORA-FISH S.A.,A0311.01,A0311.01,Armadores / pesca marítima,MANTA,MANTA,ACTIVA,balances_2024_1.txt,NIIF_jerarquico,98,2485971.83,1859063.46,626908.37,3847355.12,3854092.5300000003,3828945.91,25146.62,17881.44,1,0.0
2024,726893,1391911726001,MOLLITIAM S.A.,A0311.03,A0311.03,Armadores / pesca marítima,JARAMIJÓ,JARAMIJÓ,ACTIVA,balances_2024_1.txt,NIIF_jerarquico,97,29995939.64,34216158.93,-4220219.29,4009239.24,4347721.45,7981014.86,-3633293.41,-2854402.18,1,0.0
2024,727297,1391912196001,PESCAFRESDELECUADOR S.A.,A0311.03,A0311.03,Armadores / pesca marítima,MANTA,MANTA,ACTIVA,balances_2024_1.txt,NIIF_jerarquico,8,800.0,0.0,800.0,0.0,0.0,0.0,0.0,0.0,1,0.0
2024,727394,1391912684001,ATUNERA DEL PACIFICO SUR ATUNSUR S.A.,A0311.01,A0311.01,Armadores / pesca marítima,MANTA,MANTA,ACTIVA,balances_2024_1.txt,NIIF_jerarquico,44,52432.66,106201.12,-53768.46,0.0,0.0,19568.33,-19568.33,-19568.33,1,0.0
2024,728270,1391913796001,INDUSTRIA ATUNERA REYAZUL S.A.,A0311.01,A0311.01,Armadores / pesca marítima,MANTA,MANTA,ACTIVA,balances_2024_1.txt,NIIF_jerarquico,46,801546.19,626054.14,175492.05,65274.0,65274.0,80271.2,-14997.2,-14997.2,1,-0.0
2024,729264,1391917449001,JRMOREIRA CIA.LTDA.,A0311.01,A0311.01,Armadores / pesca marítima,MANTA,MANTA,ACTIVA,balances_2024_1.txt,NIIF_jerarquico,60,723297.78,361516.61,361781.17,1435111.54,1435111.54,1372736.64,62374.9,46781.17,1,0.0
2024,730479,1391920911001,EMPRESA DE ALIMENTOS MONTECRISTI EMPAMON S.A.,C1020.02,C1020.02,Industria: elaboración y conservación de pescado,MANTA,MANTA,ACTIVA,balances_2024_1.txt,NIIF_jerarquico,140,6298077.15,3332277.95,2965799.2,4219384.12,4219529.18,4098695.37,120833.81,80094.58,1,0.0
2024,731170,1391917406001,PRODUCTORA ATUNERA MOLINA VALLE PROTUNA S.A.,A0311.03,A0311.03,Armadores / pesca marítima,MANTA,MANTA,ACTIVA,balances_2024_1.txt,NIIF_jerarquico,49,145378.02,85140.39,60237.63,155520.0,155520.0,93573.84,61946.16,59927.06,1,-0.0
2024,731645,1391917708001,HARIBALAN S.A.S.,C1020.05,C1020.05,Industria: elaboración y conservación de pescado,MANTA,MANTA,ACTIVA,balances_2024_1.txt,NIIF_jerarquico,60,252067.62,70589.34,181478.28,1621418.61,1621418.61,1568698.75,52719.86,39539.89,1,0.0
2024,731843,1391917589001,ALIMENTOS CONGELADOS ALIMARE S.A.,C1020.02,C1020.02,Industria: elaboración y conservación de pescado,JARAMIJÓ,JARAMIJÓ,ACTIVA,balances_2024_1.txt,NIIF_jerarquico,140,2152381.34,781352.12,1371029.22,6536300.09,6537266.109999999,6266634.77,270631.34,170788.86,1,-0.0
2024,734074,1391927061001,EMPRESA PESQUERA CAPFERGUE S.A.,A0311.01,A0311.01,Armadores / pesca marítima,MANTA,MANTA,ACTIVA,balances_2024_1.txt,NIIF_jerarquico,15,250.0,4869.1,-4619.1,0.0,0.0,0.0,0.0,0.0,1,0.0
2024,735196,1391923023001,PARIMASECOM S.A.S.,A0311.03,A0311.03,Armadores / pesca marítima,MONTECRISTI,MONTECRISTI,ACTIVA,balances_2024_1.txt,NIIF_jerarquico,9,100.0,0.0,100.0,0.0,0.0,0.0,0.0,0.0,1,0.0
2024,735565,1391923848001,COMPAÑIA DE EXPORTADORES DE PRODUCTOS DEL MAR ''EXPO&MAR'' S.A.,C1020.04,C1020.04,Industria: elaboración y conservación de pescado,MANTA,MANTA,ACTIVA,balances_2024_1.txt,NIIF_jerarquico,97,1127262.2,707861.68,419400.52,501606.16,501606.16,490148.38999999996,11457.77,6836.85,1,-0.0
2024,736025,1391924267001,SOISAMAR S.A.S.,A0311.01,A0311.01,Armadores / pesca marítima,JARAMIJÓ,JARAMIJÓ,ACTIVA,balances_2024_1.txt,NIIF_jerarquico,54,326048.15,8116.25,317931.9,465562.21,465562.21,418145.58,47416.63,47416.57,1,0.0
2024,737090,1391926499001,DEXICON S.A.,C1020.02,C1020.02,Industria: elaboración y conservación de pescado,MANTA,MANTA,ACTIVA,balances_2024_1.txt,NIIF_jerarquico,104,5667440.48,4344053.56,1323386.92,13347012.52,13347012.52,12701902.34,645110.18,548343.65,1,0.0
2024,737763,1391927711001,RENAPACIFIC IMPORTADORA Y EXPORTADORA S.A.,A0311.01,A0311.01,Armadores / pesca marítima,MANTA,MANTA,ACTIVA,balances_2024_1.txt,NIIF_jerarquico,61,1503905.44,1501759.81,2145.63,2363409.31,2363409.31,2363039.58,369.73,-369.73,1,-0.0
2024,738014,1391928688001,UMITUNA S.A.,A0311.01,A0311.01,Armadores / pesca marítima,MANTA,MANTA,ACTIVA,balances_2024_1.txt,NIIF_jerarquico,86,485326.43,438835.85,46490.58,1262694.49,1266512.75,1217688.25,48824.5,29470.41,1,0.0
2024,739713,1391931808001,DISTRIBUIDORA DE PRODUCTOS ALIMENTICIOSFCP S.A.,C1020.02,C1020.02,Industria: elaboración y conservación de pescado,JARAMIJÓ,JARAMIJÓ,ACTIVA,balances_2024_1.txt,NIIF_jerarquico,81,96312.9,87731.18,8581.72,127208.02,127208.02,121523.75,5684.27,3351.52,1,0.0
2024,742497,1391932359001,PRODUCTOS ALIMENTICIOS CONGELADOS PROALICONSA S.A.,A0311.01,A0311.01,Armadores / pesca marítima,MONTECRISTI,MONTECRISTI,ACTIVA,balances_2024_1.txt,NIIF_jerarquico,13,3349.13,2549.13,800.0,0.0,0.0,0.0,0.0,0.0,1,0.0
2024,743246,1391932440001,MANTAFISHERMAN S.A.S.,A0311.01,A0311.01,Armadores / pesca marítima,JARAMIJÓ,JARAMIJÓ,ACTIVA,balances_2024_1.txt,NIIF_jerarquico,50,243364.9,63895.14,179469.76,11107.78,11107.78,13466.68,-2358.9,-2358.9,1,0.0
2024,743413,1391932427001,PROYECTOS NEYZOA S.A.S.,A0311.01,A0311.01,Armadores / pesca marítima,JARAMIJÓ,JARAMIJÓ,ACTIVA,balances_2024_1.txt,NIIF_jerarquico,48,236242.23,156103.37,80138.86,97872.98,97872.98,94107.71,3765.27,3765.27,1,0.0
2024,744546,1391932662001,PESQUERA DEL PACIFICO PESDEPAC S.A.,C1020.04,C1020.04,Industria: elaboración y conservación de pescado,MONTECRISTI,MONTECRISTI,ACTIVA,balances_2024_1.txt,NIIF_jerarquico,72,619701.35,600347.5,19353.85,386547.82,386547.82,365156.75,21391.07,14953.66,1,-0.0
2024,750224,1391934730001,PESQUERA ADRIANA S.A.,A0311.03,A0311.03,Armadores / pesca marítima,MANTA,MANTA,ACTIVA,balances_2024_1.txt,NIIF_jerarquico,8,0.01,0.0,0.01,0.0,0.0,0.0,0.0,0.0,1,0.0
2024,750241,1391934731001,AEROFISH S.A.,A0311.01,A0311.01,Armadores / pesca marítima,MANTA,MANTA,ACTIVA,balances_2024_1.txt,NIIF_jerarquico,95,5621694.6,4172225.76,1449468.84,4201455.83,4240119.37,4222585.83,17533.54,363.84,1,-0.0
2024,751431,1391935120001,MEROFRESCO S.A.,A0311.03,A0311.03,Armadores / pesca marítima,MANTA,MANTA,ACTIVA,balances_2024_1.txt,NIIF_jerarquico,20,0.0,8343.36,-8343.36,0.0,0.0,10343.36,-10343.36,-10343.36,1,0.0
2024,752517,1391935384001,COMPAÑIA PUNTOMAR S.A.,C1020.09,C1020.09,Industria: elaboración y conservación de pescado,MANTA,MANTA,ACTIVA,balances_2024_1.txt,NIIF_jerarquico,66,58347.97,44070.66,14277.31,296593.5,300593.5,285632.76,14960.74,11669.38,1,-0.0
2024,753140,1391935618001,PESQUERA FINISTERRE S.A.,A0311.01,A0311.01,Armadores / pesca marítima,MANTA,MANTA,ACTIVA,balances_2024_1.txt,NIIF_jerarquico,86,5210957.79,4649797.35,561160.44,8544609.01,8547003.2,7656104.2,890899.0,555160.44,1,0.0
2024,753609,1391935826001,TUNAFISHNG S.A.,A0311.01,A0311.01,Armadores / pesca marítima,MANTA,MANTA,ACTIVA,balances_2024_1.txt,NIIF_jerarquico,40,18693.37,15663.26,3030.11,2000.0,2112.33,2082.22,30.11,30.11,1,-0.0
2024,753825,1391936248001,SANTOS VELEZ SV S.A.S.,A0311.01,A0311.01,Armadores / pesca marítima,MANTA,MANTA,ACTIVA,balances_2024_1.txt,NIIF_jerarquico,8,6000.0,0.0,6000.0,0.0,0.0,0.0,0.0,0.0,1,0.0
2024,79132,0991417117001,MARMONTESAN S.A.,A0311.01,A0311.01,Armadores / pesca marítima,MONTECRISTI,MONTECRISTI,ACTIVA,balances_2024_1.txt,NIIF_jerarquico,55,171811.27,143766.59,28044.68,23480.26,23480.26,22248.64,1231.62,1231.62,1,-0.0
2024,83238,0991469095001,TADEL S.A.,C1020.05,C1020.05,Industria: elaboración y conservación de pescado,JARAMIJÓ,JARAMIJÓ,ACTIVA,balances_2024_1.txt,NIIF_jerarquico,157,60239952.31,9429034.54,50810917.77,69038480.76,69054731.53,61652706.61,7402024.92,4779681.71,1,0.0
2024,95584,1391738803001,EYCO S.A.,A0311.01,A0311.01,Armadores / pesca marítima,MANTA,MANTA,ACTIVA,balances_2024_1.txt,NIIF_jerarquico,99,1970087.99,1869176.93,100911.06,9777709.23,9777710.13,10234587.81,-456877.68,-456877.68,1,0.0
2024,95604,1391739524001,PROHAPEZ MANTA S.A.,A0311.01,A0311.01,Armadores / pesca marítima,MONTECRISTI,MONTECRISTI,ACTIVA,balances_2024_1.txt,NIIF_jerarquico,25,3214.59,0.0,3214.59,0.0,0.0,14684.77,-14684.77,-14684.77,1,0.0
2024,95611,0992471557001,EMPROPESCA S.A.,A0311.01,A0311.01,Armadores / pesca marítima,MANTA,MANTA,ACTIVA,balances_2024_1.txt,NIIF_jerarquico,39,80.0,29.0,51.0,176544.85,176544.85,176496.85,48.0,37.44,1,0.0
2024,95657,1391740433001,COMERCIALIZADORA DE PRODUCTOS DEL MAR SINAI S. A.,A0311.01,A0311.01,Armadores / pesca marítima,MONTECRISTI,MONTECRISTI,ACTIVA,balances_2024_1.txt,NIIF_jerarquico,49,192245.24,134523.48,57721.76,1058358.93,1058358.93,1049749.21,8609.72,5488.7,1,-0.0
2024,95806,1391744064001,PESPESCA S.A.,C1020.07,C1020.07,Industria: elaboración y conservación de pescado,MONTECRISTI,MONTECRISTI,ACTIVA,balances_2024_1.txt,NIIF_jerarquico,167,48173346.36,25906751.17,22266595.19,63509761.31,63779768.28,61759550.93,2020217.35,1210583.15,1,-0.0
2024,95871,1391744943001,AMATXU MARIA LUISA CIA. LTDA.,A0311.01,A0311.01,Armadores / pesca marítima,MANTA,MANTA,ACTIVA,balances_2024_1.txt,NIIF_jerarquico,82,479771.76,266614.22,213157.54,375904.8,375904.8,367777.57,8127.23,5388.35,1,0.0
2024,95900,1391745656001,OCEAN FARM S.A.,A0311.01,A0311.01,Armadores / pesca marítima,MANTA,MANTA,ACTIVA,balances_2024_1.txt,NIIF_jerarquico,51,192391.0,210022.46,-17631.46,0.0,4038.72,136659.99,-132621.27,-132621.27,1,0.0
2024,95926,1391746830001,FRESH FISH DEL ECUADOR CIA. LTDA.,A0311.01,A0311.01,Armadores / pesca marítima,MANTA,MANTA,ACTIVA,balances_2024_1.txt,NIIF_jerarquico,162,13856517.92,11582642.61,2273875.31,24495694.89,24783276.96,25316888.8,-533611.84,-524869.1,1,0.0
2024,95993,1391747314001,INDUSTRIAS DE PRODUCTOS DEL MAR S.A. IDELMAR,A0311.01,A0311.01,Armadores / pesca marítima,MANTA,MANTA,ACTIVA,balances_2024_1.txt,NIIF_jerarquico,108,3511898.28,1793875.64,1718022.64,5727665.16,5727665.16,5550501.1,177164.06,64950.42,1,0.0
2024,96020,1391748027001,DELIPESCA S.A.,A0311.01,A0311.01,Armadores / pesca marítima,MANTA,MANTA,ACTIVA,balances_2024_1.txt,NIIF_jerarquico,119,39115440.12,33725533.36,5389906.76,1898721.65,3649218.7199999997,5103051.970000001,-1453833.25,-1453833.25,1,-0.0
2024,96128,1391750811001,ISIMARE S.A.,A0311.01,A0311.01,Armadores / pesca marítima,JARAMIJÓ,JARAMIJÓ,ACTIVA,balances_2024_1.txt,NIIF_jerarquico,116,1516694.08,1009424.04,507270.04,876720.55,876720.55,825464.8400000001,51255.71,33738.85,1,0.0
2024,96213,1391753071001,EUROTUNA S.A.,A0311.01,A0311.01,Armadores / pesca marítima,MANTA,MANTA,ACTIVA,balances_2024_1.txt,NIIF_jerarquico,78,198044.72,118857.41,79187.31,383148.96,383148.96,374050.14,9098.82,5424.13,1,0.0
2024,96216,1391752377001,MARINE PROTEIN MARPROT S.A.,A0311.01,A0311.01,Armadores / pesca marítima,MONTECRISTI,MONTECRISTI,ACTIVA,balances_2024_1.txt,NIIF_jerarquico,143,9525442.52,6775442.34,2750000.18,6088382.13,8144780.54,8070567.130000001,74213.41,27177.16,1,-0.0
2024,96218,1391752822001,MARCARIBE S.A.,A0311.01,A0311.01,Armadores / pesca marítima,MANTA,MANTA,ACTIVA,balances_2024_1.txt,NIIF_jerarquico,13,7794.29,0.0,7794.29,0.0,0.0,0.0,0.0,0.0,1,0.0
2024,96265,1391753233001,TECNIMAR CIA. LTDA.,A0311.01,A0311.01,Armadores / pesca marítima,MANTA,MANTA,ACTIVA,balances_2024_1.txt,NIIF_jerarquico,14,1658.63,0.0,1658.63,0.0,0.0,0.0,0.0,0.0,1,0.0
2024,99022,0991520767001,GALDECUN S.A.,C1020.06,C1020.06,Industria: elaboración y conservación de pescado,JARAMIJÓ,JARAMIJÓ,ACTIVA,balances_2024_1.txt,NIIF_jerarquico,115,3258899.71,2374053.44,884846.27,3876334.16,3876334.16,3872646.96,3687.2,3687.2,1,0.0
2025,100223,1391782926001,ALIMENTOS DEL MAR MARFOODSA S.A.,A0311.01,A0311.01,Armadores / pesca marítima,JARAMIJÓ,JARAMIJÓ,ACTIVA,balances_2025_1.txt,NIIF_jerarquico,52,132400.24,117230.73,15169.51,22500.0,22500.0,16588.67,5911.33,4594.08,1,-0.0
2025,10060,1390021646001,PESPACA PESQUERA DEL PACIFICO CA,C1020.02,C1020.02,Industria: elaboración y conservación de pescado,MANTA,MANTA,ACTIVA,balances_2025_1.txt,NIIF_jerarquico,72,2380907.98,1616489.08,764418.9,600000.0,600000.0,589584.21,10415.79,4920.59,1,-0.0
2025,111848,0992299231001,ELVAYKA KYOEI S.A.,A0311.01,A0311.01,Armadores / pesca marítima,MANTA,MANTA,ACTIVA,balances_2025_1.txt,NIIF_jerarquico,134,41808460.96,20701079.35,21107381.61,41662712.96,41788435.85,33585726.69,8202709.16,5262869.52,1,0.0
2025,114130,0992331283001,XUK S.A.,A0311.01,A0311.01,Armadores / pesca marítima,JARAMIJÓ,JARAMIJÓ,ACTIVA,balances_2025_1.txt,NIIF_jerarquico,109,7316555.17,1586673.68,5729881.49,7017313.52,7019068.05,6742004.62,277063.43,92609.32,1,0.0
2025,115653,0992354186001,TUNAEXPORT S.A.S.,A0311.01,A0311.01,Armadores / pesca marítima,MANTA,MANTA,ACTIVA,balances_2025_1.txt,NIIF_jerarquico,107,8147582.34,2985425.42,5162156.92,4183959.07,4183959.07,3851401.7600000002,332557.31,227228.19,1,0.0
2025,12582,1390034063001,EMPRESA DEL MAR CIA LTDA,A0311.01,A0311.01,Armadores / pesca marítima,MANTA,MANTA,ACTIVA,balances_2025_1.txt,NIIF_jerarquico,61,242349.86,242155.21,194.65,0.0,0.0,27487.06,-27487.06,-27487.06,1,-0.0
2025,126601,0992505621001,SUNSTAR S.A.,A0311.01,A0311.01,Armadores / pesca marítima,MANTA,MANTA,ACTIVA,balances_2025_1.txt,NIIF_jerarquico,35,221949.59,220820.3,1129.29,2500.0,2500.0,2370.71,129.29,129.29,1,0.0
2025,128384,0992530332001,ASTILLERO ESPERANZA DEL MAR C.A. ASTIESMAR,A0311.01,A0311.01,Armadores / pesca marítima,JARAMIJÓ,JARAMIJÓ,ACTIVA,balances_2025_1.txt,NIIF_jerarquico,128,9000470.99,5073153.85,3927317.14,1019466.42,1679387.15,1562595.0899999999,116792.06,64091.61,1,0.0
2025,137966,1391785003001,COMERCIALIZADORA TONINO SEA FOOD S.A. COMTOSEAFOOD,A0311.01,A0311.01,Armadores / pesca marítima,MANTA,MANTA,ACTIVA,balances_2025_1.txt,NIIF_jerarquico,11,25018.83,0.0,25018.83,0.0,0.0,0.0,0.0,0.0,1,0.0
2025,139001,1391785402001,PESQUERA MONTECRISTI S.A. PESQUEMONSA,A0311.01,A0311.01,Armadores / pesca marítima,MANTA,MANTA,ACTIVA,balances_2025_1.txt,NIIF_jerarquico,104,4964275.43,1755476.81,3208798.62,2182435.48,2317692.07,2300505.2600000002,17186.81,16897.26,1,-0.0
2025,139004,1391799101001,PUERTOMAR S.A.,A0311.03,A0311.03,Armadores / pesca marítima,JARAMIJÓ,JARAMIJÓ,ACTIVA,balances_2025_1.txt,NIIF_jerarquico,129,36907156.46,25495937.92,11411218.54,82475571.15,82549938.24000001,80916026.46000001,1633911.78,1066638.77,1,0.0
2025,141044,1391790619001,FULL MOON ECUADOR FULMEC S.A.,A0311.01,A0311.01,Armadores / pesca marítima,MANTA,MANTA,ACTIVA,balances_2025_1.txt,NIIF_jerarquico,61,235421.94,157442.44,77979.5,345161.0,345161.0,338408.39999999997,6752.6,6752.6,1,0.0
2025,141596,1391788185001,COVEROSA S.A.,A0311.01,A0311.01,Armadores / pesca marítima,MANTA,MANTA,ACTIVA,balances_2025_1.txt,NIIF_jerarquico,79,485771.29,284926.58,200844.71,3132602.08,3132602.08,3113132.0,19470.08,16549.57,1,-0.0
2025,143165,1391790589001,ACUICOLA Y PISCICOLA LA ISLA S.A. ACUISLA,A0311.01,A0311.01,Armadores / pesca marítima,MANTA,MANTA,ACTIVA,balances_2025_1.txt,NIIF_jerarquico,32,205348.72,59418.54,145930.18,100.0,100.0,90.0,10.0,10.0,1,0.0
2025,143702,1391790279001,AGRICOLA Y PISCICOLA SUSSMANN DELGADO AGROSUSSDEL S.A.,A0311.01,A0311.01,Armadores / pesca marítima,MANTA,MANTA,ACTIVA,balances_2025_1.txt,NIIF_jerarquico,67,511224.63,359137.73,152086.9,1368909.56,1402909.56,1366167.54,36742.02,36742.02,1,0.0
2025,143706,1391790287001,PESQUERA ATUNES DEL PACIFICO S.A. ''ATUNPACIFICOSA'',A0311.03,A0311.03,Armadores / pesca marítima,MANTA,MANTA,ACTIVA,balances_2025_1.txt,NIIF_jerarquico,93,4868690.25,1391007.2,3477683.05,1685852.12,1742513.2100000002,1058943.27,683569.94,403392.87,1,0.0
2025,144336,1391791097001,PESCADOS Y MARISCOS DEL PACIFICO S.A. PESMARPAC,A0311.01,A0311.01,Armadores / pesca marítima,JARAMIJÓ,JARAMIJÓ,ACTIVA,balances_2025_1.txt,NIIF_jerarquico,107,2776483.94,2276766.94,499717.0,9863080.05,9863080.05,9812874.23,50205.82,31753.6,1,0.0
2025,144480,1391791178001,ALETAMARILLA S.A.,A0311.01,A0311.01,Armadores / pesca marítima,MANTA,MANTA,ACTIVA,balances_2025_1.txt,NIIF_jerarquico,100,2015784.52,597273.22,1418511.3,2016552.72,2016552.72,2414074.96,-397522.24,-397522.24,1,0.0
2025,144740,1391799624001,LOGISTICA INTERNACIONAL LOGISINSA S.A.,A0311.01,A0311.01,Armadores / pesca marítima,MANTA,MANTA,ACTIVA,balances_2025_1.txt,NIIF_jerarquico,97,6755586.23,5481395.41,1274190.82,6386023.72,6386023.72,6267604.12,118419.6,75492.49,1,0.0
2025,145016,1391791895001,INDUSTRIAL PESQUERA DEL PACIFICO S.A. INPESPA,A0311.01,A0311.01,Armadores / pesca marítima,MANTA,MANTA,ACTIVA,balances_2025_1.txt,NIIF_jerarquico,21,800.0,0.0,800.0,15.02,15.02,4824.34,-4809.32,-4809.32,1,0.0
2025,145888,1391793308001,PESFRESCO S.A.,A0311.01,A0311.01,Armadores / pesca marítima,MANTA,MANTA,ACTIVA,balances_2025_1.txt,NIIF_jerarquico,93,171744.57,109009.14,62735.43,340408.49,340733.26,330178.51,10554.75,4842.64,1,0.0
2025,145894,1391793065001,EMPACADORA DE MARISCOS ECUAMARISC CIA. LTDA.,A0311.01,A0311.01,Armadores / pesca marítima,MANTA,MANTA,ACTIVA,balances_2025_1.txt,NIIF_jerarquico,44,360001.96,330371.03,29630.93,659311.82,659311.82,657761.56,1550.26,1209.2,1,-0.0
2025,146215,1391792999001,SARDINAS DEL PACIFICO S.A. SARDIPAC,A0311.01,A0311.01,Armadores / pesca marítima,JARAMIJÓ,JARAMIJÓ,ACTIVA,balances_2025_1.txt,NIIF_jerarquico,106,9380291.0,6878340.0,2501951.0,14288504.0,14372190.0,13639390.0,732800.0,473729.0,1,0.0
2025,146541,1391793405001,ASOCIACION DE PESCA EXPORTABLE ASOPESEX C.A.,A0311.01,A0311.01,Armadores / pesca marítima,MANTA,MANTA,ACTIVA,balances_2025_1.txt,NIIF_jerarquico,8,800.0,0.0,800.0,0.0,0.0,0.0,0.0,0.0,1,0.0
2025,146715,1391793731001,VIDA MARINA VIMARINA CIA. LTDA.,C1020.04,C1020.04,Industria: elaboración y conservación de pescado,MANTA,MANTA,ACTIVA,balances_2025_1.txt,NIIF_jerarquico,23,290340.45,7822.63,282517.82,0.0,0.0,0.0,0.0,0.0,1,0.0
2025,146994,1391793960001,PD-PESCA S.A.,A0311.01,A0311.01,Armadores / pesca marítima,JARAMIJÓ,JARAMIJÓ,ACTIVA,balances_2025_1.txt,NIIF_jerarquico,38,187907.74,196068.35,-8160.61,0.0,0.0,0.0,0.0,0.0,1,-0.0
2025,148632,1391796056001,INTERATLANTIC S.A.,A0311.01,A0311.01,Armadores / pesca marítima,MANTA,MANTA,ACTIVA,balances_2025_1.txt,NIIF_jerarquico,50,13467.51,1759.9,11707.61,38838.38,38838.38,40827.0,-1988.62,-1988.62,1,0.0
2025,149717,1391797672001,FERPIL'S S.A.,A0311.01,A0311.01,Armadores / pesca marítima,MANTA,MANTA,ACTIVA,balances_2025_1.txt,NIIF_jerarquico,29,2485.46,371.22,2114.24,0.0,0.0,845.03,-845.03,-845.03,1,0.0
2025,164355,1391797958001,PRODUMAN ECUADOR CIA. LTDA.,A0311.01,A0311.01,Armadores / pesca marítima,MANTA,MANTA,ACTIVA,balances_2025_1.txt,NIIF_jerarquico,34,405190.59,416978.97,-11788.38,0.0,0.0,0.0,0.0,0.0,1,0.0
2025,166157,1391800290001,COMERCIALIZADORA DE PRODUCTOS PESQUEROS S.A. COMPROPEZ,A0311.01,A0311.01,Armadores / pesca marítima,JARAMIJÓ,JARAMIJÓ,ACTIVA,balances_2025_1.txt,NIIF_jerarquico,82,253966.97,54978.26,198988.71,195804.1,315157.66000000003,306296.97000000003,8860.69,701.49,1,0.0
2025,166188,1391799713001,FRIGORIFICO Y LABORATORIO DE PESCA FRILABPESCA S.A.,A0311.01,A0311.01,Armadores / pesca marítima,MANTA,MANTA,ACTIVA,balances_2025_1.txt,NIIF_jerarquico,79,558537.99,211641.56,346896.43,373817.6,373817.6,373817.6,0.0,0.0,1,0.0
2025,166190,1391799748001,TECNICA DE LA MARICULTURA S.A. TECNIMARSA,A0311.01,A0311.01,Armadores / pesca marítima,MANTA,MANTA,ACTIVA,balances_2025_1.txt,NIIF_jerarquico,24,43709.75,24251.56,19458.19,0.0,0.0,0.0,0.0,0.0,1,0.0
2025,166486,1391800568001,ECUAOCEAN S.A.,A0311.01,A0311.01,Armadores / pesca marítima,MANTA,MANTA,ACTIVA,balances_2025_1.txt,NIIF_jerarquico,10,52845.45,0.0,52845.45,0.0,0.0,0.0,0.0,0.0,1,0.0
2025,169235,1391803850001,MARPESCA ECUADOR S.A.,A0311.01,A0311.01,Armadores / pesca marítima,MONTECRISTI,MONTECRISTI,ACTIVA,balances_2025_1.txt,NIIF_jerarquico,35,38762.14,44067.92,-5305.78,0.0,0.0,1149.64,-1149.64,-8279.87,1,0.0
2025,169323,1391804083001,PESDEMAR S.A.,A0311.01,A0311.01,Armadores / pesca marítima,MANTA,MANTA,ACTIVA,balances_2025_1.txt,NIIF_jerarquico,42,142030.55,520.78,141509.77,202835.8,202835.8,215214.83,-12379.03,-12379.03,1,0.0
2025,170806,1391806000001,FLOSERPESCA S.A.,C1020.02,C1020.02,Industria: elaboración y conservación de pescado,MANTA,MANTA,ACTIVA,balances_2025_1.txt,NIIF_jerarquico,57,516972.33,271920.67,245051.66,1407549.93,1407549.93,1357373.0,50176.93,50176.93,1,0.0
2025,171950,1391807651001,MONMIFISH S.A.,A0311.01,A0311.01,Armadores / pesca marítima,MANTA,MANTA,ACTIVA,balances_2025_1.txt,NIIF_jerarquico,124,14481129.34,13329746.82,1151382.52,48053033.15,48055145.5,47510054.21,545091.29,351548.71,1,-0.0
2025,172315,1391807627001,COMPAÑÍA AL MAR PESCA ALMARPEZ S.A.,A0311.01,A0311.01,Armadores / pesca marítima,MANTA,MANTA,ACTIVA,balances_2025_1.txt,NIIF_jerarquico,80,228508.99,195129.3,33379.69,647646.05,647646.05,638119.21,9526.84,6316.29,1,0.0
2025,172770,1391808143001,PRODUCTOS DEL MAR PROMARIT S.A.,C1020.07,C1020.07,Industria: elaboración y conservación de pescado,MANTA,MANTA,ACTIVA,balances_2025_1.txt,NIIF_jerarquico,79,459994.9,163770.11,296224.79,466057.95,466057.95,436449.98,29607.97,22543.16,1,0.0
2025,173162,1391808690001,CULTIVO DE PECES S.A. CULTIPESCA,C1020.07,C1020.07,Industria: elaboración y conservación de pescado,MANTA,MANTA,ACTIVA,balances_2025_1.txt,NIIF_jerarquico,18,25741.21,16526.98,9214.23,0.0,0.0,0.0,0.0,0.0,1,0.0
2025,173324,1391809522001,V&BFISH S.A.,A0311.01,A0311.01,Armadores / pesca marítima,MANTA,MANTA,ACTIVA,balances_2025_1.txt,NIIF_jerarquico,63,264753.93,69544.71,195209.22,2788616.05,2788616.05,2766879.29,21736.76,13857.18,1,-0.0
2025,176832,1391814968001,BLAUFISH CIA. LTDA.,A0311.01,A0311.01,Armadores / pesca marítima,MANTA,MANTA,ACTIVA,balances_2025_1.txt,NIIF_jerarquico,85,851436.02,634267.32,217168.7,609455.37,609455.37,568174.77,41280.6,22315.64,1,0.0
2025,176961,1391814992001,"NAMAFRU NATURAL, MARISCO Y FRUTAS S.A.S.",A0311.01,A0311.01,Armadores / pesca marítima,JARAMIJÓ,JARAMIJÓ,ACTIVA,balances_2025_1.txt,NIIF_jerarquico,8,12500.0,0.0,12500.0,0.0,0.0,0.0,0.0,0.0,1,0.0
2025,177304,1391815239001,EMPACADORA FRIPEZ S.A.,A0311.01,A0311.01,Armadores / pesca marítima,MANTA,MANTA,ACTIVA,balances_2025_1.txt,NIIF_jerarquico,115,3544420.69,3090610.84,453809.85,2951276.12,2955971.91,2885927.78,70044.13,39853.21,1,0.0
2025,178208,1391817371001,OCEAN KEY S.A. OCEANMANTA,A0311.01,A0311.01,Armadores / pesca marítima,MANTA,MANTA,ACTIVA,balances_2025_1.txt,NIIF_jerarquico,97,9278499.99,2511132.41,6767367.58,6253267.55,6253267.55,4762894.4799999995,1490373.07,801075.53,1,0.0
2025,179519,1391817789001,CAMARONERA DEL PACIFICO S.A. PACIFCAM,A0311.01,A0311.01,Armadores / pesca marítima,MANTA,MANTA,ACTIVA,balances_2025_1.txt,NIIF_jerarquico,71,936724.71,702701.85,234022.86,270512.66,270512.66,249211.75,21300.91,16614.71,1,0.0
2025,180892,1391819129001,CONSERVERATROPICAL CIA. LTDA.,C1020.02,C1020.02,Industria: elaboración y conservación de pescado,MANTA,MANTA,ACTIVA,balances_2025_1.txt,NIIF_jerarquico,23,54087.37,30701.17,23386.2,0.0,0.0,0.0,0.0,0.0,1,0.0
2025,18528,1790943178001,PRODUCTOS DEL MAR Y SABORES NACIONALES PROMARSAN CIA. LTDA.,C1020.04,C1020.04,Industria: elaboración y conservación de pescado,JARAMIJÓ,JARAMIJÓ,ACTIVA,balances_2025_1.txt,NIIF_jerarquico,124,2806448.31,2794864.6,11583.71,1634618.84,1635634.34,1629697.26,5937.08,3520.95,1,-0.0
2025,19582,1390073891001,TRANSMARINA CA,A0311.03,A0311.03,Armadores / pesca marítima,MONTECRISTI,MONTECRISTI,ACTIVA,balances_2025_1.txt,NIIF_jerarquico,178,68619040.8,56137765.77,12481275.03,62704335.93,66792016.21,65050152.76,1741863.45,1182342.03,1,-0.0
2025,205167,1391766793001,POLARISPESCA S.A.,A0311.01,A0311.01,Armadores / pesca marítima,MANTA,MANTA,ACTIVA,balances_2025_1.txt,NIIF_jerarquico,8,1000.0,0.0,1000.0,0.0,0.0,0.0,0.0,0.0,1,0.0
2025,205205,1391767943001,ALHO FISH S.A.,A0311.01,A0311.01,Armadores / pesca marítima,MANTA,MANTA,ACTIVA,balances_2025_1.txt,NIIF_jerarquico,34,341266.01,110433.69,230832.32,12594.0,12594.0,9092.14,3501.86,3501.86,1,0.0
2025,205233,1391768567001,TXOPITUNA ECUADOR CIA. LTDA.,A0311.03,A0311.03,Armadores / pesca marítima,MANTA,MANTA,ACTIVA,balances_2025_1.txt,NIIF_jerarquico,118,2324500.39,245643.76,2078856.63,865674.45,877518.8899999999,851256.3300000001,26262.56,20377.5,1,0.0
2025,25440,0990555761001,PESDEL S.A.,A0311.01,A0311.01,Armadores / pesca marítima,JARAMIJÓ,JARAMIJÓ,ACTIVA,balances_2025_1.txt,NIIF_jerarquico,168,52992354.71,24258973.49,28733381.22,30591508.47,30642972.65,27782639.35,2860333.3,1660433.95,1,0.0
2025,301126,1391824483001,INDUSTRIA NH SIMILA NHSIMIL CIA.LTDA.,C1020.06,C1020.06,Industria: elaboración y conservación de pescado,MANTA,MANTA,ACTIVA,balances_2025_1.txt,NIIF_jerarquico,8,800.0,0.0,800.0,0.0,0.0,0.0,0.0,0.0,1,0.0
2025,301695,1391827113001,TIANXINGS S.A.,A0311.01,A0311.01,Armadores / pesca marítima,MANTA,MANTA,ACTIVA,balances_2025_1.txt,NIIF_jerarquico,97,1326320.8,1326050.76,270.04,286434.54,286434.54,283378.71,3055.83,2026.02,1,0.0
2025,305275,1391843976001,XLPESCA S.A.,A0311.01,A0311.01,Armadores / pesca marítima,MANTA,MANTA,INACTIVA,balances_2025_1.txt,NIIF_jerarquico,8,800.0,0.0,800.0,0.0,0.0,0.0,0.0,0.0,1,0.0
2025,306408,1391850859001,SEA&LAND COMERCIO E INVERSIONES MARINAS S.A.,A0311.01,A0311.01,Armadores / pesca marítima,MANTA,MANTA,ACTIVA,balances_2025_1.txt,NIIF_jerarquico,10,4000.0,0.0,4000.0,0.0,0.0,0.0,0.0,0.0,1,0.0
2025,306409,1391850867001,WORLD FISH AND SEAFOOD PROCESADORA Y COMERCIALIZADORA ''WORLDFISH'' COMPAÑIA ANÓNIMA,A0311.01,A0311.01,Armadores / pesca marítima,MANTA,MANTA,ACTIVA,balances_2025_1.txt,NIIF_jerarquico,52,1961124.18,536369.64,1424754.54,0.25,0.25,5.0,-4.75,0.25,1,0.0
2025,306489,1391851138001,LOGISTIC CONTAINER & TRANSPORT ECUADOR IMPORTADORA Y EXPORTADORA LCTE S.A.,A0311.01,A0311.01,Armadores / pesca marítima,MANTA,MANTA,ACTIVA,balances_2025_1.txt,NIIF_jerarquico,126,12199460.95,9158453.97,3041006.98,5609785.67,5875368.15,5841722.02,33646.13,-35705.96,1,-0.0
2025,307031,1391853777001,EMPACADORA DE PRODUCTOS DEL MAR ZAMBRANO & MACIAS RODAVICMAR S.A.,C1020.02,C1020.02,Industria: elaboración y conservación de pescado,MANTA,MANTA,ACTIVA,balances_2025_1.txt,NIIF_jerarquico,33,2797.75,39539.51,-36741.76,0.0,0.0,0.0,0.0,-60.0,1,0.0
2025,307043,1391853971001,PESQUERA Y FRIGORIFICOS POSLIGUA PYFP PESFRI CIA.LTDA.,A0311.01,A0311.01,Armadores / pesca marítima,JARAMIJÓ,JARAMIJÓ,ACTIVA,balances_2025_1.txt,NIIF_jerarquico,43,23732.11,23901.49,-169.38,100710.0,100710.0,104027.09,-3317.09,-3317.09,1,-0.0
2025,307087,1391854137001,EMPACADORA MKF MARK FISH S.A.,C1020.04,C1020.04,Industria: elaboración y conservación de pescado,MANTA,MANTA,ACTIVA,balances_2025_1.txt,NIIF_jerarquico,8,800.0,0.0,800.0,0.0,0.0,0.0,0.0,0.0,1,0.0
2025,308992,1391865147001,COMERCIALIZADORA Y TRANSPORTE RASAMFISH COM&TRANS RASAMFISH RASAMFISH COMPAÑIA DE RESPONSABILIDAD LIMITADA,C1020.02,C1020.02,Industria: elaboración y conservación de pescado,MANTA,MANTA,ACTIVA,balances_2025_1.txt,NIIF_jerarquico,8,1000.0,0.0,1000.0,0.0,0.0,0.0,0.0,0.0,1,0.0
2025,309035,1391865376001,DISTRIBUIDORA PROCESADORA DE PESCA DISPROPESCA S.A.,A0311.01,A0311.01,Armadores / pesca marítima,MANTA,MANTA,ACTIVA,balances_2025_1.txt,NIIF_jerarquico,106,979480.61,737863.65,241616.96,2705864.85,2706081.04,2654980.89,51100.15,32079.77,1,-0.0
2025,311172,1391876327001,CORPORACION VJX S.A.,C1020.02,C1020.02,Industria: elaboración y conservación de pescado,MANTA,MANTA,ACTIVA,balances_2025_1.txt,NIIF_jerarquico,15,1030.36,200.15,830.21,0.0,0.0,0.0,0.0,0.0,1,-0.0
2025,311358,1391877293001,TUNA QUEEN TUQUEEN S.A.,A0311.03,A0311.03,Armadores / pesca marítima,MANTA,MANTA,ACTIVA,balances_2025_1.txt,NIIF_jerarquico,9,800.0,0.0,800.0,0.0,0.0,0.0,0.0,0.0,1,0.0
2025,311606,1391878605001,YESMAR S.A.,A0311.01,A0311.01,Armadores / pesca marítima,JARAMIJÓ,JARAMIJÓ,ACTIVA,balances_2025_1.txt,NIIF_jerarquico,8,5000.0,0.0,5000.0,0.0,0.0,0.0,0.0,0.0,1,0.0
2025,312950,1391897529001,BLUE-TRADING S.A.,A0311.01,A0311.01,Armadores / pesca marítima,MANTA,MANTA,ACTIVA,balances_2025_1.txt,NIIF_jerarquico,59,75746.02,75144.68,601.34,423078.47,423078.47,423277.13,-198.66,-198.66,1,0.0
2025,313585,1391900767001,GIGAPESCA CIA.LTDA.,A0311.01,A0311.01,Armadores / pesca marítima,MANTA,MANTA,ACTIVA,balances_2025_1.txt,NIIF_jerarquico,8,400.0,0.0,400.0,0.0,0.0,0.0,0.0,0.0,1,0.0
2025,314426,1391904029001,SUR TUNA SURTUNA S.A.,A0311.01,A0311.01,Armadores / pesca marítima,MANTA,MANTA,ACTIVA,balances_2025_1.txt,NIIF_jerarquico,106,10107789.11,7648018.02,2459771.09,6939632.98,7171206.24,5404365.94,1766840.3,1162101.33,1,0.0
2025,315542,1391907893001,PESCA INDUSTRIALIZACION Y EXPORTACION PESINEX S.A.,A0311.01,A0311.01,Armadores / pesca marítima,MANTA,MANTA,ACTIVA,balances_2025_1.txt,NIIF_jerarquico,9,800.0,0.0,800.0,0.0,0.0,0.0,0.0,0.0,1,0.0
2025,315660,1391908326001,INDUSTRIA BIOACUATICA DEL PACIFICO SA IBP S.A.,C1020.06,C1020.06,Industria: elaboración y conservación de pescado,MANTA,MANTA,ACTIVA,balances_2025_1.txt,NIIF_jerarquico,74,353145.81,277846.0,75299.81,107880.93,107880.93,98406.53,9474.4,6281.53,1,0.0
2025,321436,1391922736001,SHRIMPSOCIETY S.A.,C1020.03,C1020.03,Industria: elaboración y conservación de pescado,MANTA,MANTA,ACTIVA,balances_2025_1.txt,NIIF_jerarquico,47,36479.11,1166.86,35312.25,2452.0,2452.0,2298.86,153.14,153.14,1,0.0
2025,322631,1391924585001,TUNABEACH FRONT S.A.,A0311.03,A0311.03,Armadores / pesca marítima,MANTA,MANTA,ACTIVA,balances_2025_1.txt,NIIF_jerarquico,17,56060.7,55260.7,800.0,0.0,0.0,0.0,0.0,0.0,1,0.0
2025,323449,1391925301001,PESQUERA ECUATUNA S.A.,A0311.01,A0311.01,Armadores / pesca marítima,MANTA,MANTA,ACTIVA,balances_2025_1.txt,NIIF_jerarquico,8,5000.0,0.0,5000.0,0.0,0.0,0.0,0.0,0.0,1,0.0
2025,323587,1391925611001,CAPIFISH S.A.,A0311.01,A0311.01,Armadores / pesca marítima,MANTA,MANTA,ACTIVA,balances_2025_1.txt,NIIF_jerarquico,98,5421588.17,4996564.11,425024.06,5581009.59,5582659.609999999,5160855.98,421803.63,254290.92,1,-0.0
2025,323972,1391926189001,TUNAAUGERE S.A.,A0311.01,A0311.01,Armadores / pesca marítima,MANTA,MANTA,ACTIVA,balances_2025_1.txt,NIIF_jerarquico,20,800.0,60.0,740.0,0.0,60.0,60.0,0.0,0.0,1,0.0
2025,323973,1391926197001,FORTETUNA S.A.,A0311.01,A0311.01,Armadores / pesca marítima,MANTA,MANTA,ACTIVA,balances_2025_1.txt,NIIF_jerarquico,79,10698.21,72623.52,-61925.31,3684.36,3719.76,66445.07,-62725.31,-62725.31,1,-0.0
2025,325989,1391929501001,FISHOLTMANT CIA.LTDA.,C1020.02,C1020.02,Industria: elaboración y conservación de pescado,MANTA,MANTA,ACTIVA,balances_2025_1.txt,NIIF_jerarquico,72,128390.31,204505.71,-76115.4,62456.6,62456.6,88961.67,-26505.07,-26505.07,1,0.0
2025,326644,1391930550001,CONSERLUJAZ MANTA S.A.,A0311.01,A0311.01,Armadores / pesca marítima,MANTA,MANTA,ACTIVA,balances_2025_1.txt,NIIF_jerarquico,8,800.0,0.0,800.0,0.0,0.0,0.0,0.0,0.0,1,0.0
2025,329258,1391931935001,SERVICIOS PESQUEROS Y CONEXAS DE GENNA LOURIDO SERPEDG S.A.S.,A0311.01,A0311.01,Armadores / pesca marítima,MANTA,MANTA,ACTIVA,balances_2025_1.txt,NIIF_jerarquico,42,93794.71,22012.32,71782.39,262982.05,262982.05,252945.63999999998,10036.41,7045.56,1,0.0
2025,330490,1391932107001,DIMARPESCA S.A.,A0311.01,A0311.01,Armadores / pesca marítima,MANTA,MANTA,ACTIVA,balances_2025_1.txt,NIIF_jerarquico,84,1386406.07,891410.92,494995.15,7936769.64,7936769.64,7557629.909999999,379139.73,241701.58,1,0.0
2025,330529,1391932097001,MOLTUNA S.A.S.,A0311.03,A0311.03,Armadores / pesca marítima,MANTA,MANTA,ACTIVA,balances_2025_1.txt,NIIF_jerarquico,9,1200.0,0.0,1200.0,0.0,0.0,0.0,0.0,0.0,1,0.0
2025,330884,1391932127001,GILCOR S.A.S.,C1020.06,C1020.06,Industria: elaboración y conservación de pescado,MANTA,MANTA,ACTIVA,balances_2025_1.txt,NIIF_jerarquico,38,21604.5,3959.49,17645.01,285702.8,285702.8,267624.87,18077.93,15366.24,1,0.0
2025,335653,1391932632001,BIGTUNA S.A.,A0311.01,A0311.01,Armadores / pesca marítima,MANTA,MANTA,ACTIVA,balances_2025_1.txt,NIIF_jerarquico,95,8338703.7,5824097.1,2514606.6,9700510.95,9700510.95,7050900.32,2649610.63,1678741.87,1,0.0
2025,339478,1391933055001,DIST. OF FISH GARCIA S.A.S.,A0311.01,A0311.01,Armadores / pesca marítima,MANTA,MANTA,ACTIVA,balances_2025_1.txt,NIIF_jerarquico,72,606295.18,399550.5,206744.68,1851495.18,1851495.18,1734376.29,117118.89,117118.89,1,0.0
2025,341265,1391933443001,CHCM FISHING COMPANY S.A.,A0311.03,A0311.03,Armadores / pesca marítima,MANTA,MANTA,ACTIVA,balances_2025_1.txt,NIIF_jerarquico,15,15740.18,14940.18,800.0,0.0,0.0,0.0,0.0,0.0,1,0.0
2025,34175,1390141692001,EMPACADORA BILBO S.A. BILBOSA,C1020.01,C1020.01,Industria: elaboración y conservación de pescado,MANTA,MANTA,ACTIVA,balances_2025_1.txt,NIIF_jerarquico,176,36857197.38,27778186.51,9079010.87,56115159.31,57268242.900000006,58117471.43,-849228.53,-849228.53,1,0.0
2025,34292,1390144039001,PESCADO FRESCO DE EXPORTACION PEFREXPORT S.A.,C1020.04,C1020.04,Industria: elaboración y conservación de pescado,MANTA,MANTA,ACTIVA,balances_2025_1.txt,NIIF_jerarquico,37,0.0,198543.06,-198543.06,0.0,66.04,25517.93,-25451.89,-25451.89,1,0.0
2025,343136,1391934129001,FISHLOGIST DEL ECUADOR S.A.S.,A0311.01,A0311.01,Armadores / pesca marítima,MANTA,MANTA,ACTIVA,balances_2025_1.txt,NIIF_jerarquico,40,389188.52,284038.71,105149.81,25000.0,2265000.0,2159950.19,105049.81,105049.81,1,0.0
2025,34328,1390145493001,FISHCORP S.A.,A0311.01,A0311.01,Armadores / pesca marítima,JARAMIJÓ,JARAMIJÓ,ACTIVA,balances_2025_1.txt,NIIF_jerarquico,112,33042370.12,26659718.56,6382651.56,30675933.27,31344903.25,31367536.799999997,-22633.55,-23330.8,1,0.0
2025,34346,1390145957001,PESQUERA PERALTA SOCIEDAD ANONIMA PESPERALTA,A0311.01,A0311.01,Armadores / pesca marítima,MANTA,MANTA,ACTIVA,balances_2025_1.txt,NIIF_jerarquico,22,120698.7,108723.65,11975.05,0.0,0.0,0.0,0.0,0.0,1,0.0
2025,34388,1390147186001,MARBELIZE S.A.,C1020.04,C1020.04,Industria: elaboración y conservación de pescado,JARAMIJÓ,JARAMIJÓ,ACTIVA,balances_2025_1.txt,NIIF_jerarquico,191,103914520.57,85894843.35,18019677.22,197397324.1,200560657.85,193507858.70000002,7052799.15,4386865.95,1,0.0
2025,34420,1390148212001,MANABITA DE COMERCIO S.A. MANCORSACOM,C1020.04,C1020.04,Industria: elaboración y conservación de pescado,JARAMIJÓ,JARAMIJÓ,ACTIVA,balances_2025_1.txt,NIIF_jerarquico,150,9622707.78,1915870.77,7706837.01,18738750.94,18882036.880000003,16102349.55,2779687.33,1919036.57,1,0.0
2025,34442,1390149154001,SHELLFISH S.A.,A0311.01,A0311.01,Armadores / pesca marítima,MANTA,MANTA,ACTIVA,balances_2025_1.txt,NIIF_jerarquico,101,2174321.26,1349088.88,825232.38,3048270.24,3048270.24,2800812.91,247457.33,115709.8,1,-0.0
2025,34449,1390149219001,EUROFISH S.A.,C1020.04,C1020.04,Industria: elaboración y conservación de pescado,MONTECRISTI,MONTECRISTI,ACTIVA,balances_2025_1.txt,NIIF_jerarquico,172,147914491.45,73785292.59,74129198.86,230903186.02,236735018.8,225756589.06,10978429.74,9029557.73,1,-0.0
2025,34521,1391700776001,TECNICA Y COMERCIO DE LA PESCA C.A. TECOPESCA,A0311.01,A0311.01,Armadores / pesca marítima,JARAMIJÓ,JARAMIJÓ,ACTIVA,balances_2025_1.txt,NIIF_jerarquico,204,171274300.27,135870424.65,35403875.62,288032353.9,290022211.66999996,282346047.43,7676164.24,4721413.27,1,0.0
2025,34525,1391700830001,"MANACRIPEX CIA. LTDA. MANABITA DE CRIA , PESCA Y EXPORTACION",A0311.03,A0311.03,Armadores / pesca marítima,JARAMIJÓ,JARAMIJÓ,ACTIVA,balances_2025_1.txt,NIIF_jerarquico,131,31107702.92,12713841.16,18393861.76,7700640.1,7749099.21,8311586.67,-562487.46,-446671.72,1,0.0
2025,346070,1391934568001,MOLE FISH S.A.S.,A0311.01,A0311.01,Armadores / pesca marítima,MANTA,MANTA,ACTIVA,balances_2025_1.txt,NIIF_jerarquico,32,67477.37,0.0,67477.37,455181.4,455181.4,438247.55,16933.85,16933.85,1,0.0
2025,34611,1391709765001,PESQUERA UGAVI S.A.,A0311.03,A0311.03,Armadores / pesca marítima,MANTA,MANTA,ACTIVA,balances_2025_1.txt,NIIF_jerarquico,128,57999960.58,34353831.02,23646129.56,36469265.0,36469265.0,33690678.83,2778586.17,1500874.98,1,-0.0
2025,34614,1391701926001,INDUSTRIA ATUNERA S.A. INDUATUN,A0311.01,A0311.01,Armadores / pesca marítima,MANTA,MANTA,ACTIVA,balances_2025_1.txt,NIIF_jerarquico,119,14890009.66,6620539.12,8269470.54,3859922.92,3859922.92,3740064.49,119858.43,59410.41,1,0.0
2025,34630,1391702094001,DIAZ VASQUEZ DIVA S.A.,A0311.01,A0311.01,Armadores / pesca marítima,MANTA,MANTA,ACTIVA,balances_2025_1.txt,NIIF_jerarquico,46,2248370.81,2275654.93,-27284.12,0.0,0.0,32784.24,-32784.24,-32784.24,1,-0.0
2025,34725,1391726740001,INMOTUNA S.A.,A0311.01,A0311.01,Armadores / pesca marítima,MANTA,MANTA,ACTIVA,balances_2025_1.txt,NIIF_jerarquico,43,474748.03,199300.14,275447.89,0.0,0.0,1656.54,-1656.54,-1656.54,1,0.0
2025,34727,1391716702001,MEGAOCEAN S.A,A0311.01,A0311.01,Armadores / pesca marítima,MANTA,MANTA,ACTIVA,balances_2025_1.txt,NIIF_jerarquico,109,5518129.13,3500690.03,2017439.1,2392071.45,2392071.45,2388985.65,3085.8,2622.93,1,0.0
2025,34863,1391722486001,UNIOCEAN S.A.,A0311.03,A0311.03,Armadores / pesca marítima,MANTA,MANTA,ACTIVA,balances_2025_1.txt,NIIF_jerarquico,113,16933985.74,4106908.65,12827077.09,12918748.06,13000987.43,11808119.75,1192867.68,540144.35,1,-0.0
2025,34903,1391723318001,OCEANFISH S.A.,A0311.01,A0311.01,Armadores / pesca marítima,MANTA,MANTA,ACTIVA,balances_2025_1.txt,NIIF_jerarquico,150,12391293.85,8182169.17,4209124.68,12956570.92,12973668.13,13067268.06,-93599.93,-101535.98,1,0.0
2025,34919,1391724500001,PESCIMERA S.A,A0311.01,A0311.01,Armadores / pesca marítima,MANTA,MANTA,ACTIVA,balances_2025_1.txt,NIIF_jerarquico,94,6174004.22,1404050.52,4769953.7,2721704.03,2721704.03,3477772.71,-756068.68,-756068.68,1,-0.0
2025,34948,1391724837001,PRODUCTOS PESQUEROS S.A. PRODUPES,C1020.06,C1020.06,Industria: elaboración y conservación de pescado,MONTECRISTI,MONTECRISTI,ACTIVA,balances_2025_1.txt,NIIF_jerarquico,113,21844876.51,8275035.27,13569841.24,36814033.92,36904953.6,35209919.81,1695033.79,848317.65,1,0.0
2025,34958,1391725426001,CARIBBEAN ATLANTIC CARTLANT S.A.,A0311.01,A0311.01,Armadores / pesca marítima,MANTA,MANTA,ACTIVA,balances_2025_1.txt,NIIF_jerarquico,8,800.0,0.0,800.0,0.0,0.0,0.0,0.0,0.0,1,0.0
2025,350020,1391935034001,EMPACADOS DEL MAR S.A.S.,A0311.01,A0311.01,Armadores / pesca marítima,MANTA,MANTA,ACTIVA,balances_2025_1.txt,NIIF_jerarquico,101,1637633.18,1011372.42,626260.76,2094055.57,2094055.57,1870727.24,223328.33,133895.78,1,-0.0
2025,350230,1391935052001,PROVEPEC S.A.S.,A0311.01,A0311.01,Armadores / pesca marítima,MANTA,MANTA,ACTIVA,balances_2025_1.txt,NIIF_jerarquico,90,355523.09,308565.98,46957.11,967654.44,967654.44,911542.05,56112.39,33261.35,1,0.0
2025,350936,1391935136001,MARESFISH S.A.S.,A0311.01,A0311.01,Armadores / pesca marítima,MANTA,MANTA,ACTIVA,balances_2025_1.txt,NIIF_jerarquico,10,50.0,0.0,50.0,0.0,0.0,0.0,0.0,0.0,1,0.0
2025,351233,1391935171001,CAJON EC S.A.,A0311.01,A0311.01,Armadores / pesca marítima,MANTA,MANTA,ACTIVA,balances_2025_1.txt,NIIF_jerarquico,92,4306052.25,4131311.94,174740.31,2034617.96,2148609.2,1954941.74,193667.46,147686.14,1,0.0
2025,35171,1390140319001,"FRIGORIFICO Y LABORATORIO SAN MATEO, FRIGOLAB SAN MATEO CIA. LTDA.",A0311.01,A0311.01,Armadores / pesca marítima,JARAMIJÓ,JARAMIJÓ,ACTIVA,balances_2025_1.txt,NIIF_jerarquico,142,31304322.57,20942214.93,10362107.64,45090745.97,45421867.19,45287284.82,134582.37,110812.78,1,0.0
2025,351920,1391935247001,CBVE S.A.S.,C1020.02,C1020.02,Industria: elaboración y conservación de pescado,MANTA,MANTA,ACTIVA,balances_2025_1.txt,NIIF_jerarquico,10,50.0,0.0,50.0,0.0,0.0,0.0,0.0,0.0,1,0.0
2025,35254,1390143024001,PES NUNEZ SANTANA PESNUSAN CIA. LTDA.,C1020.02,C1020.02,Industria: elaboración y conservación de pescado,MONTECRISTI,MONTECRISTI,ACTIVA,balances_2025_1.txt,NIIF_jerarquico,99,774116.88,819791.66,-45674.78,3495777.66,3503991.0700000003,3473504.22,30486.85,22273.44,1,-0.0
2025,352723,1391935323001,PACIFICOFISH S.A.,A0311.01,A0311.01,Armadores / pesca marítima,MANTA,MANTA,ACTIVA,balances_2025_1.txt,NIIF_jerarquico,18,53562.87,52424.9,1137.97,0.0,0.0,0.0,0.0,0.0,1,0.0
2025,352807,1391935334001,BLUEOCEANTEC S.A.,A0311.01,A0311.01,Armadores / pesca marítima,MANTA,MANTA,ACTIVA,balances_2025_1.txt,NIIF_jerarquico,35,80473.13,80000.0,473.13,0.0,0.0,266.87,-266.87,-266.87,1,0.0
2025,35359,1390148034001,PESQUERA CHOPITEA CIA. LTDA.,A0311.01,A0311.01,Armadores / pesca marítima,MANTA,MANTA,ACTIVA,balances_2025_1.txt,NIIF_jerarquico,90,554856.52,243151.79,311704.73,178669.81,178768.99,149067.52000000002,29701.47,20856.31,1,0.0
2025,353593,1391935403001,AG3 GOLD COMPANY S.A.,C1020.02,C1020.02,Industria: elaboración y conservación de pescado,MANTA,MANTA,ACTIVA,balances_2025_1.txt,NIIF_jerarquico,8,1000.0,0.0,1000.0,0.0,0.0,0.0,0.0,0.0,1,0.0
2025,35364,1390148433001,ALIMENTOS INTEGRADOS ALINTEGRA CIA. LTDA.,C1020.05,C1020.05,Industria: elaboración y conservación de pescado,MANTA,MANTA,ACTIVA,balances_2025_1.txt,NIIF_jerarquico,37,55756.79,25340.55,30416.24,0.0,0.0,6201.87,-6201.87,-6201.87,1,0.0
2025,354037,1391935452001,GALAPAGOS ECOFISH FISHGALA CIA.LTDA.,A0311.01,A0311.01,Armadores / pesca marítima,MANTA,MANTA,ACTIVA,balances_2025_1.txt,NIIF_jerarquico,25,10000.0,1196.52,8803.48,0.0,0.0,1127.98,-1127.98,-1127.98,1,0.0
2025,354389,1391935490001,ALDAN PACIFIC ECUADOR S.A.S.,A0311.01,A0311.01,Armadores / pesca marítima,MANTA,MANTA,ACTIVA,balances_2025_1.txt,NIIF_jerarquico,91,5566014.77,5585938.43,-19923.66,11235791.57,11236703.06,9944262.28,1292440.78,792885.95,1,-0.0
2025,354413,1391935494001,ATUNES DEL PACIFICO ATUNPAC S.A.S.,A0311.01,A0311.01,Armadores / pesca marítima,MANTA,MANTA,ACTIVA,balances_2025_1.txt,NIIF_jerarquico,60,403129.53,395238.16,7891.37,1382462.65,1382462.65,1375667.37,6795.28,5096.46,1,0.0
2025,35688,1391729391001,PESQUERA BETH EEL S.A.,A0311.01,A0311.01,Armadores / pesca marítima,MONTECRISTI,MONTECRISTI,ACTIVA,balances_2025_1.txt,NIIF_jerarquico,84,1870674.05,1353926.46,516747.59,3231242.48,3231302.63,3210743.82,20558.81,12503.03,1,0.0
2025,35766,1391732872001,FRIGORIFICO Y CONSERVERA DE LA PESCA FRICOPES S.A.,A0311.01,A0311.01,Armadores / pesca marítima,MANTA,MANTA,ACTIVA,balances_2025_1.txt,NIIF_jerarquico,114,2086945.4,598000.26,1488945.14,4866488.37,4949176.34,4993032.96,-43856.62,-43856.62,1,0.0
2025,35826,1391732813001,FISHMAR S.A.,A0311.01,A0311.01,Armadores / pesca marítima,MANTA,MANTA,ACTIVA,balances_2025_1.txt,NIIF_jerarquico,99,5557861.06,1465324.61,4092536.45,1841794.45,1841908.22,1027023.11,814885.11,460476.31,1,-0.0
2025,358791,1391935934001,BELOUVE S.A.S.,A0311.01,A0311.01,Armadores / pesca marítima,MANTA,MANTA,ACTIVA,balances_2025_1.txt,NIIF_jerarquico,95,13724395.61,7565437.21,6158958.4,14097784.87,14101780.469999999,11328644.6,2773135.87,1752519.04,1,-0.0
2025,35888,1391734271001,USAFISH S.A.,C1020.02,C1020.02,Industria: elaboración y conservación de pescado,MANTA,MANTA,ACTIVA,balances_2025_1.txt,NIIF_jerarquico,115,11755231.76,5788161.68,5967070.08,18281770.13,18281770.27,17865962.55,415807.72,259561.4,1,0.0
2025,35973,1391736452001,B&B TUNE_SUPPLIERS S.A.,A0311.01,A0311.01,Armadores / pesca marítima,MANTA,MANTA,ACTIVA,balances_2025_1.txt,NIIF_jerarquico,133,33232909.92,12703439.06,20529470.86,14030579.96,14040901.15,14163654.68,-122753.53,-190260.44,1,0.0
2025,361759,1391936187001,MARYTUNA S.A.,A0311.01,A0311.01,Armadores / pesca marítima,MANTA,MANTA,ACTIVA,balances_2025_1.txt,NIIF_jerarquico,97,1818950.7,1620470.82,198479.88,23864201.15,23900892.959999997,23197457.23,703435.73,197310.6,1,-0.0
2025,362316,1391936228001,PELAGICOS DEL LITORAL S.A.S.,A0311.01,A0311.01,Armadores / pesca marítima,MANTA,MANTA,ACTIVA,balances_2025_1.txt,NIIF_jerarquico,54,82124.13,80958.9,1165.23,49119.26,49119.26,48568.380000000005,550.88,365.23,1,0.0
2025,362412,1391936236001,BOWEN-GROUP S.A.S.,A0311.01,A0311.01,Armadores / pesca marítima,MANTA,MANTA,ACTIVA,balances_2025_1.txt,NIIF_jerarquico,47,952603.43,925195.95,27407.48,72656.25,72656.25,55017.7,17638.55,17638.55,1,0.0
2025,362546,1391936247001,DELMARTRADE S.A.S.,C1020.04,C1020.04,Industria: elaboración y conservación de pescado,MANTA,MANTA,ACTIVA,balances_2025_1.txt,NIIF_jerarquico,29,105874.67,294215.29,-188340.62,68341.71,68341.71,257682.33,-189340.62,-189340.62,1,0.0
2025,362898,1391936279001,COMERCIALIZADORA DE MARISCOS JAZI S.A.S.,A0311.01,A0311.01,Armadores / pesca marítima,MANTA,MANTA,ACTIVA,balances_2025_1.txt,NIIF_jerarquico,8,5000.0,0.0,5000.0,0.0,0.0,0.0,0.0,0.0,1,0.0
2025,362999,1391936285001,BUEN VIENTO PRODUCCION PESQUERA PROBUENTO S.A.S.,A0311.01,A0311.01,Armadores / pesca marítima,MANTA,MANTA,ACTIVA,balances_2025_1.txt,NIIF_jerarquico,12,10241.33,5241.33,5000.0,0.0,0.0,0.0,0.0,0.0,1,0.0
2025,363004,1391936286001,BUENAMAR PESQUERA BUENAMARPES S.A.S.,A0311.01,A0311.01,Armadores / pesca marítima,MANTA,MANTA,ACTIVA,balances_2025_1.txt,NIIF_jerarquico,59,233938.5,219498.38,14440.12,212195.37,212195.37,197956.87,14238.5,9440.12,1,-0.0
2025,363459,1391936334001,TONFISK S.A.,A0311.03,A0311.03,Armadores / pesca marítima,MANTA,MANTA,ACTIVA,balances_2025_1.txt,NIIF_jerarquico,13,1004.01,0.0,1004.01,0.0,0.0,0.0,0.0,0.0,1,0.0
2025,365194,1391936482001,PROCESADORA ALFRO JIRO S.A.S.,A0311.01,A0311.01,Armadores / pesca marítima,MANTA,MANTA,ACTIVA,balances_2025_1.txt,NIIF_jerarquico,24,164609.17,163609.17,1000.0,0.0,0.0,0.0,0.0,0.0,1,0.0
2025,367801,1391936715001,JARF MAR S.A.S.,A0311.01,A0311.01,Armadores / pesca marítima,MANTA,MANTA,ACTIVA,balances_2025_1.txt,NIIF_jerarquico,8,1000.0,0.0,1000.0,0.0,0.0,0.0,0.0,0.0,1,0.0
2025,369,1790034305001,SEAFMAN SOCIEDAD ECUATORIANA DE ALIMENTOS Y FRIGORIFICOS MANTA C.A.,C1020.02,C1020.02,Industria: elaboración y conservación de pescado,MANTA,MANTA,ACTIVA,balances_2025_1.txt,NIIF_jerarquico,156,85667832.9,57682739.74,27985093.16,181882019.06,181882019.06,176557712.63,5324306.43,2519677.55,1,0.0
2025,369209,1391936845001,OCEANMACA S.A.S.,A0311.03,A0311.03,Armadores / pesca marítima,MANTA,MANTA,ACTIVA,balances_2025_1.txt,NIIF_jerarquico,19,500.0,0.0,500.0,503052.13,503052.13,501281.79,1770.34,0.0,1,0.0
2025,369767,1391936883001,TUNAPRO S.A.S.,A0311.01,A0311.01,Armadores / pesca marítima,MANTA,MANTA,ACTIVA,balances_2025_1.txt,NIIF_jerarquico,39,161562.6,22804.78,138757.82,140141.39,140141.39,33.6,140107.79,138357.82,1,0.0
2025,370050,1391936914001,VIMER S.A.,A0311.01,A0311.01,Armadores / pesca marítima,MANTA,MANTA,ACTIVA,balances_2025_1.txt,NIIF_jerarquico,38,6222.37,72.94,6149.43,6428.0,6428.0,3302.11,3125.89,1148.57,1,0.0
2025,370889,1391937025001,JAH-HMH S.A.S.,A0311.01,A0311.01,Armadores / pesca marítima,MANTA,MANTA,ACTIVA,balances_2025_1.txt,NIIF_jerarquico,12,448774.72,0.0,448774.72,0.0,0.0,0.0,0.0,0.0,1,0.0
2025,373914,1391937314001,MARPROFISH S.A.,C1020.02,C1020.02,Industria: elaboración y conservación de pescado,MANTA,MANTA,ACTIVA,balances_2025_1.txt,NIIF_jerarquico,95,421510.63,405852.65,15657.98,1334400.2,1334400.2,1313324.48,21075.72,12707.98,1,-0.0
2025,375347,1391937436001,AGROPEZLOGISTIC S.A.,A0311.01,A0311.01,Armadores / pesca marítima,MANTA,MANTA,ACTIVA,balances_2025_1.txt,NIIF_jerarquico,23,56353.61,55553.61,800.0,0.0,0.0,0.0,0.0,0.0,1,0.0
2025,376935,1391937558001,MAR& MAR PRODUCTOS S.A.,A0311.01,A0311.01,Armadores / pesca marítima,MANTA,MANTA,ACTIVA,balances_2025_1.txt,NIIF_jerarquico,32,298427.19,61956.93,236470.26,595689.88,595689.88,479219.62,116470.26,116470.26,1,0.0
2025,377112,1391937572001,SERVICE DEIKOR SB S.A.S.,A0311.01,A0311.01,Armadores / pesca marítima,MANTA,MANTA,ACTIVA,balances_2025_1.txt,NIIF_jerarquico,29,16631.16,6806.95,9824.21,99385.0,99385.0,85170.5,14214.5,9424.21,1,0.0
2025,379137,1391937717001,MARDELFRIO S.A.S.,C1020.02,C1020.02,Industria: elaboración y conservación de pescado,JARAMIJÓ,JARAMIJÓ,ACTIVA,balances_2025_1.txt,NIIF_jerarquico,12,1000.0,0.0,1000.0,0.0,0.0,0.0,0.0,0.0,1,0.0
2025,379149,1391937720001,BAJO CERO SERVICIOS INDUSTRIALES & CONEXAS S.A.S.,C1020.02,C1020.02,Industria: elaboración y conservación de pescado,MANTA,MANTA,ACTIVA,balances_2025_1.txt,NIIF_jerarquico,55,228448.35,106175.52,122272.83,1163235.49,1163235.49,1000297.41,162938.08,110248.03,1,0.0
2025,379150,1391937721001,SERVICIOS INDUSTRIALES PROINDUSTRO S.A.S.,C1020.02,C1020.02,Industria: elaboración y conservación de pescado,JARAMIJÓ,JARAMIJÓ,ACTIVA,balances_2025_1.txt,NIIF_jerarquico,8,1000.0,0.0,1000.0,0.0,0.0,0.0,0.0,0.0,1,0.0
2025,380244,1391937820001,MOREFISH S.A.S.,A0311.01,A0311.01,Armadores / pesca marítima,MANTA,MANTA,ACTIVA,balances_2025_1.txt,NIIF_jerarquico,39,30091.85,1026.56,29065.29,98604.12,98604.12,68612.27,29991.85,28965.29,1,-0.0
2025,386178,1391938326001,OPENPESCA S.A.S.,A0311.01,A0311.01,Armadores / pesca marítima,JARAMIJÓ,JARAMIJÓ,ACTIVA,balances_2025_1.txt,NIIF_jerarquico,9,800.0,0.0,800.0,0.0,0.0,0.0,0.0,0.0,1,0.0
2025,386383,1391938351001,PADEZA EXPORT - PADEXP S.A.S.,A0311.01,A0311.01,Armadores / pesca marítima,MANTA,MANTA,ACTIVA,balances_2025_1.txt,NIIF_jerarquico,8,1000.0,0.0,1000.0,0.0,0.0,0.0,0.0,0.0,1,0.0
2025,387992,1391938466001,SKYTUNA S.A.,A0311.01,A0311.01,Armadores / pesca marítima,MANTA,MANTA,ACTIVA,balances_2025_1.txt,NIIF_jerarquico,9,1000.0,0.0,1000.0,0.0,0.0,0.0,0.0,0.0,1,0.0
2025,388530,1391938506001,SPCLEAN SERVICIOS Y SUMINISTROS S.A.S.,C1020.09,C1020.09,Industria: elaboración y conservación de pescado,MANTA,MANTA,ACTIVA,balances_2025_1.txt,NIIF_jerarquico,10,100.0,0.0,100.0,0.0,0.0,0.0,0.0,0.0,1,0.0
2025,389670,1391938598001,OPERGLOBAL S.A.S.,C1020.09,C1020.09,Industria: elaboración y conservación de pescado,JARAMIJÓ,JARAMIJÓ,ACTIVA,balances_2025_1.txt,NIIF_jerarquico,23,100.0,0.0,100.0,10100.0,10100.0,10835.06,-735.06,0.0,1,0.0
2025,39949,1391773439001,PESCAEXITO CIA. LTDA.,A0311.01,A0311.01,Armadores / pesca marítima,MANTA,MANTA,ACTIVA,balances_2025_1.txt,NIIF_jerarquico,53,374510.91,135131.66,239379.25,491281.59,491281.59,487585.64999999997,3695.94,3141.55,1,-0.0
2025,61759,1391775903001,CONSULTORES INDUSTRIALES Y PRODUCTOS DEL MAR S.A. CIPROMAR,A0311.01,A0311.01,Armadores / pesca marítima,MANTA,MANTA,ACTIVA,balances_2025_1.txt,NIIF_jerarquico,83,598515.62,191809.49,406706.13,2556021.02,2556021.02,2477758.8600000003,78262.16,49892.13,1,0.0
2025,636,1390005713001,INDUSTRIA ECUATORIANA PRODUCTORA DE ALIMENTOS CA INEPACA,C1020.02,C1020.02,Industria: elaboración y conservación de pescado,MANTA,MANTA,ACTIVA,balances_2025_1.txt,NIIF_jerarquico,135,64279412.41,8058413.88,56220998.53,53947996.0,55705616.13,52222064.65,3483551.48,2051479.79,1,-0.0
2025,63945,1391778732001,INTERNACIONAL SEAFOOD FOODINTER S.A.,C1020.03,C1020.03,Industria: elaboración y conservación de pescado,MANTA,MANTA,DISOLUCIÓN Y LIQUIDACIÓN OFICIO NO INSCRITA EN RM,balances_2025_1.txt,NIIF_jerarquico,12,752.44,0.0,752.44,0.0,0.0,0.0,0.0,0.0,1,0.0
2025,64976,1391779801001,EMPACADORA ALKRISTO DEL MAR S.A. EMPALMAR,A0311.01,A0311.01,Armadores / pesca marítima,MANTA,MANTA,ACTIVA,balances_2025_1.txt,NIIF_jerarquico,110,2276384.51,1983847.85,292536.66,3771286.32,3771286.32,3764596.1500000004,6690.17,3319.71,1,-0.0
2025,700234,1391824416001,GOODMARCOM S.A.,A0311.03,A0311.03,Armadores / pesca marítima,JARAMIJÓ,JARAMIJÓ,ACTIVA,balances_2025_1.txt,NIIF_jerarquico,126,18121002.87,14947315.83,3173687.04,34629130.67,34720099.9,33663012.6,1057087.3,695587.95,1,0.0
2025,7027,1390050352001,CONSERVAS ISABEL ECUATORIANA S.A.,C1020.02,C1020.02,Industria: elaboración y conservación de pescado,MANTA,MANTA,ACTIVA,balances_2025_1.txt,NIIF_jerarquico,184,138124022.78,61137448.51,76986574.27,197925492.66,198939412.37,186027325.86,12912086.51,7535989.95,1,0.0
2025,703246,1391827598001,COMERCIALIZADORA DEL MAR PEZ&PEZ S.A.,A0311.01,A0311.01,Armadores / pesca marítima,MANTA,MANTA,ACTIVA,balances_2025_1.txt,NIIF_jerarquico,100,2187085.5,878759.89,1308325.61,1132112.94,1132112.94,1125155.92,6957.02,2345.68,1,-0.0
2025,704035,1391829426001,INDUSTRIAS CIBIS SANUS INDUCIBIS S.A.,C1020.02,C1020.02,Industria: elaboración y conservación de pescado,MANTA,MANTA,ACTIVA,balances_2025_1.txt,NIIF_jerarquico,8,800.0,0.0,800.0,0.0,0.0,0.0,0.0,0.0,1,0.0
2025,704360,1391830068001,PESQUERA TUNAQUICK S.A.,A0311.01,A0311.01,Armadores / pesca marítima,MONTECRISTI,MONTECRISTI,ACTIVA,balances_2025_1.txt,NIIF_jerarquico,104,8692513.39,8118263.59,574249.8,31482537.6,31482537.6,31350539.56,131998.04,131998.04,1,0.0
2025,708436,1391840241001,PESQUERA DEL SUR PESQUESURSA S.A.,A0311.03,A0311.03,Armadores / pesca marítima,MONTECRISTI,MONTECRISTI,ACTIVA,balances_2025_1.txt,NIIF_jerarquico,119,6305001.14,5052668.9,1252332.24,6206052.98,6206052.98,6130655.390000001,75397.59,48312.34,1,-0.0
2025,708841,1391841981001,FISHINGDEGFER S.A.,A0311.01,A0311.01,Armadores / pesca marítima,MANTA,MANTA,ACTIVA,balances_2025_1.txt,NIIF_jerarquico,39,4556.66,5442.74,-886.08,0.0,2.89,1358.21,-1355.32,-1355.32,1,0.0
2025,708842,1391841124001,EXPORTADORA PACIFICO EXPORTPACIFIC S.A.,C1020.02,C1020.02,Industria: elaboración y conservación de pescado,MANTA,MANTA,ACTIVA,balances_2025_1.txt,NIIF_jerarquico,8,1000.0,0.0,1000.0,0.0,0.0,0.0,0.0,0.0,1,0.0
2025,709051,1391841485001,ESPADEROS-PACIFICO S.A.,A0311.01,A0311.01,Armadores / pesca marítima,MANTA,MANTA,ACTIVA,balances_2025_1.txt,NIIF_jerarquico,8,1000.0,0.0,1000.0,0.0,0.0,0.0,0.0,0.0,1,0.0
2025,709326,1391842309001,SULLIVAN BAY PESCA SBP-ECUADOR S.A.,A0311.01,A0311.01,Armadores / pesca marítima,MANTA,MANTA,ACTIVA,balances_2025_1.txt,NIIF_jerarquico,15,11305.21,196.62,11108.59,0.0,0.0,0.0,0.0,0.0,1,-0.0
2025,709774,1391844174001,ATLANTIS EC COMERCIALIZACION DE PESCADO FRESCO Y CONGELADO COMERFRESCON COMPAÑIA DE RESPONSABILIDAD LIMITADA,A0311.01,A0311.01,Armadores / pesca marítima,MANTA,MANTA,ACTIVA,balances_2025_1.txt,NIIF_jerarquico,22,1386.84,2558.37,-1171.53,0.0,0.0,0.0,0.0,0.0,1,0.0
2025,709973,1391845960001,FRESCOPES S.A.,A0311.01,A0311.01,Armadores / pesca marítima,MANTA,MANTA,ACTIVA,balances_2025_1.txt,NIIF_jerarquico,52,512903.95,478544.93,34359.02,1464262.96,1464262.96,1419517.6,44745.36,33559.02,1,0.0
2025,711302,1391850336001,PROCONMAN S.A.,A0311.01,A0311.01,Armadores / pesca marítima,MANTA,MANTA,ACTIVA,balances_2025_1.txt,NIIF_jerarquico,74,1782360.45,638797.07,1143563.38,1945619.1,1945619.1,1566626.96,378992.14,307175.11,1,0.0
2025,713870,1391858973001,PISCANTUR S.A.,A0311.03,A0311.03,Armadores / pesca marítima,JARAMIJÓ,JARAMIJÓ,ACTIVA,balances_2025_1.txt,NIIF_jerarquico,77,503491.79,2509514.45,-2006022.66,164873.63,175318.80000000002,320723.10000000003,-145404.3,-145404.3,1,-0.0
2025,714437,1391859937001,CONSERVERA MAR Y PESCA CONMARPES S.A.,C1020.04,C1020.04,Industria: elaboración y conservación de pescado,JARAMIJÓ,JARAMIJÓ,ACTIVA,balances_2025_1.txt,NIIF_jerarquico,7,2000.0,0.0,2000.0,0.0,0.0,0.0,0.0,0.0,1,0.0
2025,714869,1391862075001,COMPAÑIA VILLACIS & ESPINOZA ROSMARFISH S.A.,A0311.01,A0311.01,Armadores / pesca marítima,MANTA,MANTA,ACTIVA,balances_2025_1.txt,NIIF_jerarquico,25,83164.39,286.12,82878.27,0.0,0.0,0.0,0.0,0.0,1,0.0
2025,714890,1391861591001,COMERCIALIZADORA FREDDY & MARLON GOSENFISH S.A.,A0311.01,A0311.01,Armadores / pesca marítima,MANTA,MANTA,ACTIVA,balances_2025_1.txt,NIIF_jerarquico,53,1974087.44,480686.65,1493400.79,0.0,0.0,86.88,-86.88,-86.88,1,0.0
2025,714926,1391861788001,NEGOCIOS INDUSTRIALES DEL MAR NEGOINMAR S.A.,C1020.02,C1020.02,Industria: elaboración y conservación de pescado,MANTA,MANTA,ACTIVA,balances_2025_1.txt,NIIF_jerarquico,8,800.0,0.0,800.0,0.0,0.0,0.0,0.0,0.0,1,0.0
2025,715262,1391864477001,PESQUERAKORPEZ S.A.,A0311.01,A0311.01,Armadores / pesca marítima,MANTA,MANTA,ACTIVA,balances_2025_1.txt,NIIF_jerarquico,58,745169.69,270105.88,475063.81,1353022.53,1353022.53,1347321.82,5700.71,5700.71,1,-0.0
2025,715711,1391865198001,"FREDDY & JERONIMO CAÑARTE ZAMBRANO VENTA, PROCESO Y COMERCIALIZACIÓN DE PRODUCTOS DE LA PESCA FREJERFISH S.A.",A0311.01,A0311.01,Armadores / pesca marítima,MANTA,MANTA,ACTIVA,balances_2025_1.txt,NIIF_jerarquico,30,14194.32,5020.28,9174.04,0.0,0.0,0.0,0.0,0.0,1,0.0
2025,716330,1391867603001,YESFISH S.A.,C1020.02,C1020.02,Industria: elaboración y conservación de pescado,JARAMIJÓ,JARAMIJÓ,ACTIVA,balances_2025_1.txt,NIIF_jerarquico,92,1026621.41,379582.64,647038.77,1592193.0,1592193.0,1561582.1800000002,30610.82,-10878.03,1,0.0
2025,716882,1391869215001,CHONILLO FISH CHONIFISH S.A.,A0311.01,A0311.01,Armadores / pesca marítima,JARAMIJÓ,JARAMIJÓ,ACTIVA,balances_2025_1.txt,NIIF_jerarquico,78,168810.07,123878.47,44931.6,1291661.56,1291661.56,1230836.73,60824.83,37224.79,1,0.0
2025,717406,1391882440001,B.K. MAR EXPORTADORA E IMPORTADORA BKMAREI S.A.,A0311.01,A0311.01,Armadores / pesca marítima,MANTA,MANTA,ACTIVA,balances_2025_1.txt,NIIF_jerarquico,30,8461.61,0.0,8461.61,170600.0,170600.0,166285.36,4314.64,4314.64,1,0.0
2025,717750,1391875940001,SERVIBUQUES S.A.,A0311.01,A0311.01,Armadores / pesca marítima,MANTA,MANTA,ACTIVA,balances_2025_1.txt,NIIF_jerarquico,38,2043.33,433.84,1609.49,4517.0,4517.0,3829.52,687.48,536.23,1,0.0
2025,718126,1391873190001,ATUNERA VERMONT ATUNVERMONT S.A.,A0311.03,A0311.03,Armadores / pesca marítima,MANTA,MANTA,ACTIVA,balances_2025_1.txt,NIIF_jerarquico,68,1424180.44,1271572.25,152608.19,0.0,0.0,49709.43,-49709.43,-51421.57,1,-0.0
2025,718613,1391875061001,SEAFOODPREMIUMEXPORT CIA.LTDA.,A0311.03,A0311.03,Armadores / pesca marítima,MANTA,MANTA,ACTIVA,balances_2025_1.txt,NIIF_jerarquico,18,2624.47,0.0,2624.47,0.0,0.0,575.0,-575.0,-575.0,1,0.0
2025,719385,1391877765001,PESQUERA DOÑAROGE S.A.,A0311.03,A0311.03,Armadores / pesca marítima,MANTA,MANTA,ACTIVA,balances_2025_1.txt,NIIF_jerarquico,103,3490671.11,2262206.01,1228465.1,9604214.94,9667091.11,9338895.3,328195.81,199442.23,1,0.0
2025,719388,1391877811001,PESQUERAROCIO S.A.,A0311.03,A0311.03,Armadores / pesca marítima,MANTA,MANTA,ACTIVA,balances_2025_1.txt,NIIF_jerarquico,74,1345213.67,699561.58,645652.09,444815.18,485079.15,740999.74,-255920.59,-222630.87,1,0.0
2025,719390,1391877838001,PESQUERA DOÑAMARUJA S.A.,A0311.03,A0311.03,Armadores / pesca marítima,MANTA,MANTA,ACTIVA,balances_2025_1.txt,NIIF_jerarquico,76,1708540.37,408498.83,1300041.54,346768.05,363050.39,431475.84,-68425.45,-64764.9,1,0.0
2025,719391,1391877803001,PESQUERA DONBARTOLO S.A.,A0311.03,A0311.03,Armadores / pesca marítima,MANTA,MANTA,ACTIVA,balances_2025_1.txt,NIIF_jerarquico,71,513452.41,432104.99,81347.42,495824.25,495995.09,568136.71,-72141.62,-71803.29,1,-0.0
2025,719589,1391878508001,GEMIMARKSA S.A.,C1020.06,C1020.06,Industria: elaboración y conservación de pescado,MONTECRISTI,MONTECRISTI,ACTIVA,balances_2025_1.txt,NIIF_jerarquico,81,189771.26,175501.37,14269.89,815156.63,815156.63,789199.01,25957.62,13469.89,1,0.0
2025,720249,0993151556001,OCEANMANABI S.A.,A0311.01,A0311.01,Armadores / pesca marítima,MANTA,MANTA,ACTIVA,balances_2025_1.txt,NIIF_jerarquico,8,200.0,0.0,200.0,0.0,0.0,0.0,0.0,0.0,1,0.0
2025,72073,0991313788001,ASISERVY S.A.,C1020.02,C1020.02,Industria: elaboración y conservación de pescado,JARAMIJÓ,JARAMIJÓ,ACTIVA,balances_2025_1.txt,NIIF_jerarquico,201,134643613.37,98802156.55,35841456.82,134885137.52,138729078.47,137933786.17,795292.3,358395.95,1,0.0
2025,723990,1391904401001,CENTRO DE BIOTECNOLOGIAS OMICAS CEBIOMICS S.A.,A0311.01,A0311.01,Armadores / pesca marítima,MONTECRISTI,MONTECRISTI,ACTIVA,balances_2025_1.txt,NIIF_jerarquico,88,282601.28,343064.95,-60463.67,93041.0,93041.0,99203.95,-6162.95,-10576.62,1,0.0
2025,724337,1391904983001,PEZ KOI PEZKOI S.A.,A0311.01,A0311.01,Armadores / pesca marítima,MANTA,MANTA,ACTIVA,balances_2025_1.txt,NIIF_jerarquico,43,760023.17,758162.37,1860.8,59979.33,59979.33,58619.33,1360.0,1060.8,1,0.0
2025,724578,1391905505001,DELIMARINA S.A.,C1020.04,C1020.04,Industria: elaboración y conservación de pescado,MANTA,MANTA,ACTIVA,balances_2025_1.txt,NIIF_jerarquico,53,340606.12,210661.51,129944.61,87043.29,87043.29,85365.94,1677.35,1425.75,1,-0.0
2025,724980,1391906277001,ALBACORA-FISH S.A.,A0311.01,A0311.01,Armadores / pesca marítima,MANTA,MANTA,ACTIVA,balances_2025_1.txt,NIIF_jerarquico,98,2709302.9,1946744.29,762558.61,521799.21,585782.84,406214.0,179568.84,135650.24,1,-0.0
2025,726893,1391911726001,MOLLITIAM S.A.,A0311.03,A0311.03,Armadores / pesca marítima,JARAMIJÓ,JARAMIJÓ,ACTIVA,balances_2025_1.txt,NIIF_jerarquico,103,29561554.71,37722924.68,-8161369.97,6428026.95,6432047.600000001,10373198.28,-3941150.68,-3941150.68,1,0.0
2025,727297,1391912196001,PESCAFRESDELECUADOR S.A.,A0311.03,A0311.03,Armadores / pesca marítima,MANTA,MANTA,ACTIVA,balances_2025_1.txt,NIIF_jerarquico,8,800.0,0.0,800.0,0.0,0.0,0.0,0.0,0.0,1,0.0
2025,727394,1391912684001,ATUNERA DEL PACIFICO SUR ATUNSUR S.A.,A0311.01,A0311.01,Armadores / pesca marítima,MANTA,MANTA,ACTIVA,balances_2025_1.txt,NIIF_jerarquico,45,21703.86,79159.31,-57455.45,14237.66,14237.66,17924.65,-3686.99,-3686.99,1,0.0
2025,728270,1391913796001,INDUSTRIA ATUNERA REYAZUL S.A.,A0311.01,A0311.01,Armadores / pesca marítima,MANTA,MANTA,ACTIVA,balances_2025_1.txt,NIIF_jerarquico,51,1119931.72,941266.78,178664.94,5000.0,5000.0,214.35,4785.65,3172.89,1,-0.0
2025,730479,1391920911001,EMPRESA DE ALIMENTOS MONTECRISTI EMPAMON S.A.,C1020.02,C1020.02,Industria: elaboración y conservación de pescado,MANTA,MANTA,ACTIVA,balances_2025_1.txt,NIIF_jerarquico,144,7873846.44,4895025.58,2978820.86,5144167.88,5145803.12,4969008.09,176795.03,111117.57,1,0.0
2025,731170,1391917406001,PRODUCTORA ATUNERA MOLINA VALLE PROTUNA S.A.,A0311.03,A0311.03,Armadores / pesca marítima,MANTA,MANTA,ACTIVA,balances_2025_1.txt,NIIF_jerarquico,73,598141.63,537707.9,60433.73,1017304.56,1017304.56,1017043.09,261.47,196.1,1,-0.0
2025,731645,1391917708001,HARIBALAN S.A.S.,C1020.05,C1020.05,Industria: elaboración y conservación de pescado,MANTA,MANTA,ACTIVA,balances_2025_1.txt,NIIF_jerarquico,63,203428.47,155479.62,47948.85,2470673.88,2470673.88,2406875.41,63798.47,47848.85,1,0.0
2025,731843,1391917589001,ALIMENTOS CONGELADOS ALIMARE S.A.,C1020.02,C1020.02,Industria: elaboración y conservación de pescado,JARAMIJÓ,JARAMIJÓ,ACTIVA,balances_2025_1.txt,NIIF_jerarquico,140,2257916.31,762291.38,1495624.93,7438922.61,7480653.390000001,7238304.53,242348.86,151979.2,1,0.0
2025,734074,1391927061001,EMPRESA PESQUERA CAPFERGUE S.A.,A0311.01,A0311.01,Armadores / pesca marítima,MANTA,MANTA,ACTIVA,balances_2025_1.txt,NIIF_jerarquico,15,250.0,4869.1,-4619.1,0.0,0.0,0.0,0.0,0.0,1,0.0
2025,735196,1391923023001,PARIMASECOM S.A.S.,A0311.03,A0311.03,Armadores / pesca marítima,MONTECRISTI,MONTECRISTI,ACTIVA,balances_2025_1.txt,NIIF_jerarquico,9,100.0,0.0,100.0,0.0,0.0,0.0,0.0,0.0,1,0.0
2025,735565,1391923848001,COMPAÑIA DE EXPORTADORES DE PRODUCTOS DEL MAR ''EXPO&MAR'' S.A.,C1020.04,C1020.04,Industria: elaboración y conservación de pescado,MANTA,MANTA,ACTIVA,balances_2025_1.txt,NIIF_jerarquico,88,834194.56,407852.12,426342.44,502552.81,502552.81,492082.34,10470.47,6941.92,1,0.0
2025,736025,1391924267001,SOISAMAR S.A.S.,A0311.01,A0311.01,Armadores / pesca marítima,JARAMIJÓ,JARAMIJÓ,ACTIVA,balances_2025_1.txt,NIIF_jerarquico,46,398057.22,41730.52,356326.7,361010.75,361010.75,322615.89999999997,38394.85,38394.85,1,-0.0
2025,737090,1391926499001,DEXICON S.A.,C1020.02,C1020.02,Industria: elaboración y conservación de pescado,MANTA,MANTA,ACTIVA,balances_2025_1.txt,NIIF_jerarquico,102,5858868.49,4516008.11,1342860.38,12250455.11,12250455.11,12170981.5,79473.61,67552.57,1,0.0
2025,737763,1391927711001,RENAPACIFIC IMPORTADORA Y EXPORTADORA S.A.,A0311.01,A0311.01,Armadores / pesca marítima,MANTA,MANTA,ACTIVA,balances_2025_1.txt,NIIF_jerarquico,55,400013.32,398319.8,1693.52,1360046.6,1360046.6,1360498.71,-452.11,-452.11,1,0.0
2025,738014,1391928688001,UMITUNA S.A.,A0311.01,A0311.01,Armadores / pesca marítima,MANTA,MANTA,ACTIVA,balances_2025_1.txt,NIIF_jerarquico,79,148199.95,92151.48,56048.47,1129139.98,1130631.9,1113265.42,17366.48,9557.89,1,0.0
2025,739713,1391931808001,DISTRIBUIDORA DE PRODUCTOS ALIMENTICIOSFCP S.A.,C1020.02,C1020.02,Industria: elaboración y conservación de pescado,JARAMIJÓ,JARAMIJÓ,ACTIVA,balances_2025_1.txt,NIIF_jerarquico,91,338047.4,323811.64,14235.76,141773.64,141773.64,133245.68,8527.96,5654.04,1,0.0
2025,742497,1391932359001,PRODUCTOS ALIMENTICIOS CONGELADOS PROALICONSA S.A.,A0311.01,A0311.01,Armadores / pesca marítima,MONTECRISTI,MONTECRISTI,ACTIVA,balances_2025_1.txt,NIIF_jerarquico,19,4145.44,3345.44,800.0,10.0,10.0,10.0,0.0,0.0,1,-0.0
2025,743246,1391932440001,MANTAFISHERMAN S.A.S.,A0311.01,A0311.01,Armadores / pesca marítima,JARAMIJÓ,JARAMIJÓ,ACTIVA,balances_2025_1.txt,NIIF_jerarquico,34,227449.79,47980.03,179469.76,0.0,0.0,0.0,0.0,0.0,1,0.0
2025,743413,1391932427001,PROYECTOS NEYZOA S.A.S.,A0311.01,A0311.01,Armadores / pesca marítima,JARAMIJÓ,JARAMIJÓ,ACTIVA,balances_2025_1.txt,NIIF_jerarquico,45,361418.15,116714.9,244703.25,111174.5,111174.5,106008.63,5165.87,5165.87,1,0.0
2025,744546,1391932662001,PESQUERA DEL PACIFICO PESDEPAC S.A.,C1020.04,C1020.04,Industria: elaboración y conservación de pescado,MONTECRISTI,MONTECRISTI,ACTIVA,balances_2025_1.txt,NIIF_jerarquico,86,549593.91,510959.5,38634.41,399179.23,423472.04,398726.8,24745.24,19280.56,1,0.0
2025,750224,1391934730001,PESQUERA ADRIANA S.A.,A0311.03,A0311.03,Armadores / pesca marítima,MANTA,MANTA,ACTIVA,balances_2025_1.txt,NIIF_jerarquico,8,0.01,0.0,0.01,0.0,0.0,0.0,0.0,0.0,1,0.0
2025,750241,1391934731001,AEROFISH S.A.,A0311.01,A0311.01,Armadores / pesca marítima,MANTA,MANTA,ACTIVA,balances_2025_1.txt,NIIF_jerarquico,90,6624707.81,5165496.69,1459211.12,5772006.94,5772018.140000001,5762275.86,9742.28,9742.28,1,-0.0
2025,751431,1391935120001,MEROFRESCO S.A.,A0311.03,A0311.03,Armadores / pesca marítima,MANTA,MANTA,ACTIVA,balances_2025_1.txt,NIIF_jerarquico,27,2885.24,13302.57,-10417.33,0.0,0.0,2073.97,-2073.97,-2073.97,1,0.0
2025,753140,1391935618001,PESQUERA FINISTERRE S.A.,A0311.01,A0311.01,Armadores / pesca marítima,MANTA,MANTA,ACTIVA,balances_2025_1.txt,NIIF_jerarquico,98,8679671.99,4919185.82,3760486.17,25130323.08,25134355.139999997,20059820.95,5074534.19,3199325.73,1,0.0
2025,753609,1391935826001,TUNAFISHNG S.A.,A0311.01,A0311.01,Armadores / pesca marítima,MANTA,MANTA,ACTIVA,balances_2025_1.txt,NIIF_jerarquico,58,188516.63,163956.84,24559.79,580226.83,580266.0299999999,547786.12,32479.91,21559.79,1,0.0
2025,753825,1391936248001,SANTOS VELEZ SV S.A.S.,A0311.01,A0311.01,Armadores / pesca marítima,MANTA,MANTA,ACTIVA,balances_2025_1.txt,NIIF_jerarquico,8,6000.0,0.0,6000.0,0.0,0.0,0.0,0.0,0.0,1,0.0
2025,79132,0991417117001,MARMONTESAN S.A.,A0311.01,A0311.01,Armadores / pesca marítima,MONTECRISTI,MONTECRISTI,ACTIVA,balances_2025_1.txt,NIIF_jerarquico,55,171811.27,143766.59,28044.68,23480.26,23480.26,22248.64,1231.62,1231.62,1,-0.0
2025,83238,0991469095001,TADEL S.A.,C1020.05,C1020.05,Industria: elaboración y conservación de pescado,JARAMIJÓ,JARAMIJÓ,ACTIVA,balances_2025_1.txt,NIIF_jerarquico,154,59721668.21,6526900.24,53194767.97,71227400.2,71818916.13000001,64677026.75,7141889.38,4641819.53,1,0.0
2025,95584,1391738803001,EYCO S.A.,A0311.01,A0311.01,Armadores / pesca marítima,MANTA,MANTA,ACTIVA,balances_2025_1.txt,NIIF_jerarquico,122,2852581.92,2019637.65,832944.27,9432289.8,9432289.8,9091455.3,340834.5,63725.94,1,0.0
2025,95604,1391739524001,PROHAPEZ MANTA S.A.,A0311.01,A0311.01,Armadores / pesca marítima,MONTECRISTI,MONTECRISTI,ACTIVA,balances_2025_1.txt,NIIF_jerarquico,25,2450.0,1450.0,1000.0,0.0,0.0,10590.63,-10590.63,-10590.63,1,0.0
2025,95611,0992471557001,EMPROPESCA S.A.,A0311.01,A0311.01,Armadores / pesca marítima,MANTA,MANTA,ACTIVA,balances_2025_1.txt,NIIF_jerarquico,11,800.0,0.0,800.0,0.0,0.0,0.0,0.0,0.0,1,0.0
2025,95806,1391744064001,PESPESCA S.A.,C1020.07,C1020.07,Industria: elaboración y conservación de pescado,MONTECRISTI,MONTECRISTI,ACTIVA,balances_2025_1.txt,NIIF_jerarquico,158,48648852.95,26109051.64,22539801.31,69504372.38,69701287.11,69154995.09,546292.02,256114.19,1,0.0
2025,95871,1391744943001,AMATXU MARIA LUISA CIA. LTDA.,A0311.01,A0311.01,Armadores / pesca marítima,MANTA,MANTA,ACTIVA,balances_2025_1.txt,NIIF_jerarquico,94,442232.33,226317.8,215914.53,192953.04,192953.04,188794.69,4158.35,2756.99,1,0.0
2025,95900,1391745656001,OCEAN FARM S.A.,A0311.01,A0311.01,Armadores / pesca marítima,MANTA,MANTA,ACTIVA,balances_2025_1.txt,NIIF_jerarquico,48,93283.68,210293.78,-117010.1,0.0,21828.23,121206.87000000001,-99378.64,-99378.64,1,0.0
2025,95926,1391746830001,FRESH FISH DEL ECUADOR CIA. LTDA.,A0311.01,A0311.01,Armadores / pesca marítima,MANTA,MANTA,ACTIVA,balances_2025_1.txt,NIIF_jerarquico,154,17177683.89,14968552.96,2209130.93,42693731.93,42864238.74,42784286.91,79951.83,1478.43,1,-0.0
2025,95993,1391747314001,INDUSTRIAS DE PRODUCTOS DEL MAR S.A. IDELMAR,A0311.01,A0311.01,Armadores / pesca marítima,MANTA,MANTA,ACTIVA,balances_2025_1.txt,NIIF_jerarquico,108,3870652.65,2123206.54,1747446.11,4760924.1,4760924.1,4718874.25,42049.85,29423.47,1,-0.0
2025,96020,1391748027001,DELIPESCA S.A.,A0311.01,A0311.01,Armadores / pesca marítima,MANTA,MANTA,ACTIVA,balances_2025_1.txt,NIIF_jerarquico,125,41878253.99,36307951.38,5570302.61,9688466.17,9688466.17,9319785.89,368680.28,180395.85,1,-0.0
2025,96128,1391750811001,ISIMARE S.A.,A0311.01,A0311.01,Armadores / pesca marítima,JARAMIJÓ,JARAMIJÓ,ACTIVA,balances_2025_1.txt,NIIF_jerarquico,116,1608134.53,1184858.35,423276.18,925665.78,925665.78,911464.39,14201.39,8801.36,1,-0.0
2025,96213,1391753071001,EUROTUNA S.A.,A0311.01,A0311.01,Armadores / pesca marítima,MANTA,MANTA,ACTIVA,balances_2025_1.txt,NIIF_jerarquico,93,217882.71,159245.89,58636.82,371894.41,400416.14999999997,390061.19999999995,10354.95,5760.25,1,-0.0
2025,96216,1391752377001,MARINE PROTEIN MARPROT S.A.,A0311.01,A0311.01,Armadores / pesca marítima,MONTECRISTI,MONTECRISTI,ACTIVA,balances_2025_1.txt,NIIF_jerarquico,154,9392494.98,6473131.1,2919363.88,8353031.91,8375591.23,8098076.53,277514.7,166141.7,1,0.0
2025,96218,1391752822001,MARCARIBE S.A.,A0311.01,A0311.01,Armadores / pesca marítima,MANTA,MANTA,ACTIVA,balances_2025_1.txt,NIIF_jerarquico,42,1344409.87,1327901.86,16508.01,1070389.1,1070389.1,1058770.7999999998,11618.3,8713.72,1,0.0
2025,99022,0991520767001,GALDECUN S.A.,C1020.06,C1020.06,Industria: elaboración y conservación de pescado,JARAMIJÓ,JARAMIJÓ,ACTIVA,balances_2025_1.txt,NIIF_jerarquico,114,3332587.05,2476094.39,856492.66,5214642.37,5267186.98,5258304.38,8882.6,8882.6,1,-0.0
