No. FILA,EXPEDIENTE,RUC,NOMBRE,SITUACIÓN LEGAL,FECHA_CONSTITUCION,TIPO,PAÍS,REGIÓN,PROVINCIA,CANTÓN,CIUDAD,CALLE,NÚMERO,INTERSECCIÓN,BARRIO,TELÉFONO,REPRESENTANTE,CARGO,CAPITAL SUSCRITO,CIIU NIVEL 1,CIIU NIVEL 6,ÚLTIMO BALANCE,PRESENTÓ BALANCE INICIAL,FECHA PRESENTACIÓN BALANCE INICIAL,grupo_ciiu_directorio,anios_con_balance
44.0,369,1790034305001,SEAFMAN SOCIEDAD ECUATORIANA DE ALIMENTOS Y FRIGORIFICOS MANTA C.A.,ACTIVA,02/03/1966,ANÓNIMA,ECUADOR,COSTA,MANABI,MANTA,MANTA,AV. 102 Y CALLE 124 LOS ESTEROS,SN,S/N,LOS ESTEROS,056055880,CORRALES GARAVILLA JUAN,PRESIDENTE DEL DIRECTORIO,"10.880.000,00",C,C1020.02,2025,NO APLICA,NO APLICA,Industria: elaboración y conservación de pescado,16
92.0,636,1390005713001,INDUSTRIA ECUATORIANA PRODUCTORA DE ALIMENTOS CA INEPACA,ACTIVA,18/02/1949,ANÓNIMA,ECUADOR,COSTA,MANABI,MANTA,MANTA,MALECON,SN,AV. DE LA CULTURA,LA ENSENADITA,052624584,GARZON JIMENEZ JORGE IVAN,GERENTE DEL PROCESO DE PRODUCCIÓN,"26.363.000,00",C,C1020.02,2025,NO APLICA,NO APLICA,Industria: elaboración y conservación de pescado,16
1523.0,7027,1390050352001,CONSERVAS ISABEL ECUATORIANA S.A.,ACTIVA,12/07/1976,ANÓNIMA,ECUADOR,COSTA,MANABI,MANTA,MANTA,125,S/N,AV. 103,LOS ESTEROS,052381620,ALEMANNO LUCA,PRESIDENTE,"50.396.188,00",C,C1020.02,2025,NO APLICA,NO APLICA,Industria: elaboración y conservación de pescado,16
2115.0,10060,1390021646001,PESPACA PESQUERA DEL PACIFICO CA,ACTIVA,08/03/1971,ANÓNIMA,ECUADOR,COSTA,MANABI,MANTA,MANTA,AV. 103,618,CALLE 112 Y 113.-DIAG.MERCADO DE LOS EST,PARROQUIA LOS ESTEROS,052621962,JIMENEZ BOWEN MARIA AUXILIADORA,GERENTE GENERAL,"80.000,00",C,C1020.02,2025,NO APLICA,NO APLICA,Industria: elaboración y conservación de pescado,16
2361.0,11733,1390013643001,INDUSTRIA DE ENLATADOS ALIMENTICIOS CIA LTDA IDEAL,DISOLUCIÓN Y LIQUIDACIÓN OFICIO INSCRITA EN RM,13/12/1973,RESPONSABILIDAD LIMITADA,ECUADOR,COSTA,MANABI,MONTECRISTI,MONTECRISTI,CALLE 23 DE OCTUBRE Y CHIMBORAZO,S/N,MONTECRISTI,SN,052310377,LOOR MENDIETA FRANCISCO JOSE,PRESIDENTE,"6.477.670,00",C,C1020.02,2022,NO APLICA,NO APLICA,Industria: elaboración y conservación de pescado,13
2496.0,12582,1390034063001,EMPRESA DEL MAR CIA LTDA,ACTIVA,05/08/1975,RESPONSABILIDAD LIMITADA,ECUADOR,COSTA,MANABI,MANTA,MANTA,AV. 4 DE NOVIEMBRE Y CALLE J8,S/N,FRENTE A HOTEL JOCAY PORTON NEGRO GRANDE,BARRIO JOCAY,052621325,SUGAHARA ZAMBRANO MAX JINJI,GERENTE GENERAL,"400,00",A,A0311.01,2025,NO APLICA,NO APLICA,Armadores / pesca marítima,16
2558.0,13198,1300000000105,INDUSTRIA CONSERVERA MANABITA CIA LTDA,DISOLUCIÓN Y LIQUIDACIÓN OFICIO NO INSCRITA EN RM,01/01/1974,RESPONSABILIDAD LIMITADA,ECUADOR,COSTA,MANABI,MANTA,MANTA,,,,,000000,,,"20,00",C,C1020.04,,NO APLICA,NO APLICA,Industria: elaboración y conservación de pescado,0
3130.0,17663,1390097677001,MARDEX MARISCOS DE EXPORTACION S.A.,DISOLUCIÓN Y LIQUIDACIÓN OFICIO INSCRITA EN RM,06/07/1987,ANÓNIMA,ECUADOR,COSTA,MANABI,MANTA,MANTA,124 A LADO DE CONSERVAS ISABEL,,AV. 102 LOS ESTEROS,,052620250,BENINCASA AZUA JUAN EDUARDO MIGUEL,GERENTE GENERAL,"4.200.000,00",A,A0311.01,2019,NO APLICA,NO APLICA,Armadores / pesca marítima,10
3269.0,18528,1790943178001,PRODUCTOS DEL MAR Y SABORES NACIONALES PROMARSAN CIA. LTDA.,ACTIVA,31/05/1989,RESPONSABILIDAD LIMITADA,ECUADOR,COSTA,MANABI,JARAMIJÓ,JARAMIJÓ,"KM 6,5 VIA MANTA - JARAMIJO",S/N,A LADO DE LABORATORIO OCEANIA,,052608128,MOLINA CEVALLOS CESAR ANDRES,GERENTE,"191.135,00",C,C1020.04,2025,NO APLICA,NO APLICA,Industria: elaboración y conservación de pescado,16
3494.0,19582,1390073891001,TRANSMARINA CA,ACTIVA,29/07/1981,ANÓNIMA,ECUADOR,COSTA,MANABI,MONTECRISTI,MONTECRISTI,VIA CIRCUNVALACION SECTOR 2 KM 2 VIA MON,S/N,A TRECIENTOS METRO DE BODEGA DEL PACIFIC,,052318805,ALTAR MANAGEMENT S.A.S.,GERENTE GENERAL,"6.705.600,00",A,A0311.03,2025,NO APLICA,NO APLICA,Armadores / pesca marítima,16
4474.0,25440,0990555761001,PESDEL S.A.,ACTIVA,25/09/1981,ANÓNIMA,ECUADOR,COSTA,MANABI,JARAMIJÓ,JARAMIJÓ,SN,SN,SN,,053701285,CUKA AUAD VICENTE JAVIER,GERENTE GENERAL,"7.780.228,00",A,A0311.01,2025,NO APLICA,NO APLICA,Armadores / pesca marítima,16
7169.0,34003,1390099602001,INVERSIONES VETERINARIAS INAGANSA S.A.,DISOLUCIÓN Y LIQUIDACIÓN OFICIO INSCRITA EN RM,22/10/1987,ANÓNIMA,ECUADOR,COSTA,MANABI,MONTECRISTI,MONTECRISTI,KM 15 VIA METROP. ELOY ALFARO,,SITIO ESTANCIA LAS PALMAS,,052310267,PALACIOS HIDALGO FRANKLIN OLDEMAR,GERENTE GENERAL,"20.200,00",A,A0311.03,2010,NO APLICA,NO APLICA,Armadores / pesca marítima,1
7203.0,34175,1390141692001,EMPACADORA BILBO S.A. BILBOSA,ACTIVA,12/01/1994,ANÓNIMA,ECUADOR,COSTA,MANABI,MANTA,MANTA,KM 6.5 VIA MANTA MONTECRISTI,S/N,S/N,N/A,052578695,CEVALLOS CHAVEZ JOSE MIGUEL,GERENTE GENERAL,"4.989.737,00",C,C1020.01,2025,NO APLICA,NO APLICA,Industria: elaboración y conservación de pescado,16
7238.0,34292,1390144039001,PESCADO FRESCO DE EXPORTACION PEFREXPORT S.A.,ACTIVA,17/08/1995,ANÓNIMA,ECUADOR,COSTA,MANABI,MANTA,MANTA,KM 41/2 VIA MANTA MONTECRISTI,S/N,DIAGONAL A LA CDLA LA AURORA,,052578993,BURGOS VALVERDE FRANCISCO XAVIER,GERENTE ADMINISTRATIVO,"8.976,00",C,C1020.04,2025,NO APLICA,NO APLICA,Industria: elaboración y conservación de pescado,16
7248.0,34328,1390145493001,FISHCORP S.A.,ACTIVA,16/07/1996,ANÓNIMA,ECUADOR,COSTA,MANABI,JARAMIJÓ,JARAMIJÓ,"KM 4.5 VIA MANTA ROCAFUERTE, FRENTE A GA",SD,DIAGONAL A TECOPESCA,,052389020,ESTRADA MEDRANDA SILVIA CRISTINA,PRESIDENTE,"6.146.000,00",A,A0311.01,2025,NO APLICA,NO APLICA,Armadores / pesca marítima,16
7251.0,34346,1390145957001,PESQUERA PERALTA SOCIEDAD ANONIMA PESPERALTA,ACTIVA,22/11/1996,ANÓNIMA,ECUADOR,COSTA,MANABI,MANTA,MANTA,VIA S AN MATEO,SN,CARRETERA,,052628767,PERALTA CARRERA CELSO VICENTE,GERENTE GENERAL,"800,00",A,A0311.01,2025,NO APLICA,NO APLICA,Armadores / pesca marítima,16
7265.0,34388,1390147186001,MARBELIZE S.A.,ACTIVA,21/07/1997,ANÓNIMA,ECUADOR,COSTA,MANABI,JARAMIJÓ,JARAMIJÓ,KM. 5 1/2 VIA ROCAFUERTE,S/N,A LADO DE TALLERES DEL CARIBE,,052389000,AUAD AGUIRRE DE CUKA BETTY ELIZABETH,GERENTE,"12.076.185,00",C,C1020.04,2025,NO APLICA,NO APLICA,Industria: elaboración y conservación de pescado,16
7276.0,34420,1390148212001,MANABITA DE COMERCIO S.A. MANCORSACOM,ACTIVA,23/04/1998,ANÓNIMA,ECUADOR,COSTA,MANABI,JARAMIJÓ,JARAMIJÓ,VIA MANTA ROCAFUERTE,000,ENTRADA POZO DE LA ZABANA,COLISA,053700740,ANDRADE DAVILA GUSTAVO ROBERTO,GERENTE GENERAL,"3.838.596,00",C,C1020.04,2025,NO APLICA,NO APLICA,Industria: elaboración y conservación de pescado,16
7281.0,34442,1390149154001,SHELLFISH S.A.,ACTIVA,04/09/1998,ANÓNIMA,ECUADOR,COSTA,MANABI,MANTA,MANTA,CALLE 15 Y 6,1,AV. 6,CORDOVA,052269899,ZAMBRANO CEDEÑO PABLO MARCIAL,GERENTE GENERAL,"356.618,00",A,A0311.01,2025,NO APLICA,NO APLICA,Armadores / pesca marítima,16
7283.0,34449,1390149219001,EUROFISH S.A.,ACTIVA,08/09/1998,ANÓNIMA,ECUADOR,COSTA,MANABI,MONTECRISTI,MONTECRISTI,TRANSMARINA,S/N,AV. HUGO MAYO,,052922950,DIAZ GARCIA ANGEL,VICEPRESIDENTE,"26.601.100,00",C,C1020.04,2025,NO APLICA,NO APLICA,Industria: elaboración y conservación de pescado,16
7285.0,34453,1390149316001,MADEPACIF S.A.,DISOLUCIÓN Y LIQUIDACIÓN OFICIO INSCRITA EN RM,28/10/1998,ANÓNIMA,ECUADOR,COSTA,MANABI,MANTA,MANTA,ALBA CASTRO,SN,CALLE 26,SAN AGUSTIN,052363440,ABRIL CAMARGO WILLIAM MAURICIO,GERENTE GENERAL,"962,00",C,C1020.02,2022,NO APLICA,NO APLICA,Industria: elaboración y conservación de pescado,13
7302.0,34521,1391700776001,TECNICA Y COMERCIO DE LA PESCA C.A. TECOPESCA,ACTIVA,29/10/1999,ANÓNIMA,ECUADOR,COSTA,MANABI,JARAMIJÓ,JARAMIJÓ,KM 4.5 VIA MANTA ROCAFUERTE,SN,ATRAS DE FISHCORP,SN,052389136,RJAG MANAGER SERVICE S.A.S.,GERENTE GENERAL,"13.164.942,00",A,A0311.01,2025,NO APLICA,NO APLICA,Armadores / pesca marítima,16
7304.0,34525,1391700830001,"MANACRIPEX CIA. LTDA. MANABITA DE CRIA , PESCA Y EXPORTACION",ACTIVA,05/11/1999,RESPONSABILIDAD LIMITADA,ECUADOR,COSTA,MANABI,JARAMIJÓ,JARAMIJÓ,Al lado del cementerio parque del recuer,S/N,Via principal,Via Manta Jaramijo,052921004,BUEHS NOBOA BERNARDO ADOLFO,GERENTE GENERAL,"1.600.000,00",A,A0311.03,2025,NO APLICA,NO APLICA,Armadores / pesca marítima,16
7334.0,34611,1391709765001,PESQUERA UGAVI S.A.,ACTIVA,17/02/2000,ANÓNIMA,ECUADOR,COSTA,MANABI,MANTA,MANTA,CALLE 23,S/N,AVENIDA MALECON,CENTRO,052621364,ARIAS SANCHEZ JUAN VICENTE,APODERADO,"3.130.000,00",A,A0311.03,2025,NO APLICA,NO APLICA,Armadores / pesca marítima,16
7336.0,34614,1391701926001,INDUSTRIA ATUNERA S.A. INDUATUN,ACTIVA,28/07/2000,ANÓNIMA,ECUADOR,COSTA,MANABI,MANTA,MANTA,AV. SEGUNDA,1155,ENTRE CALLE 11 Y 12,,052624440,PALADINES BASURTO RAUL ARTURO,GERENTE GENERAL,"6.300.000,00",A,A0311.01,2025,NO APLICA,NO APLICA,Armadores / pesca marítima,16
7342.0,34630,1391702094001,DIAZ VASQUEZ DIVA S.A.,ACTIVA,19/10/2000,ANÓNIMA,ECUADOR,COSTA,MANABI,MANTA,MANTA,VIA MANTA SAN MATEO KM. 2 1/2,052318363,FRENTE URB. VILLA REAL,LOS GAVILANES,052318363,DIAZ VAZQUEZ JORGE FRANCISCO,GERENTE GENERAL,"800,00",A,A0311.01,2025,NO APLICA,NO APLICA,Armadores / pesca marítima,16
7377.0,34725,1391726740001,INMOTUNA S.A.,ACTIVA,21/08/2001,ANÓNIMA,ECUADOR,COSTA,MANABI,MANTA,MANTA,AV. 113 A LADO GASOLINERA PRIMAX,S/N,CALLE 304,ALTAMIRA,052921004,BUEHS BOWEN DANIEL ROBERTO,GERENTE GENERAL,"300.800,00",A,A0311.01,2025,NO APLICA,NO APLICA,Armadores / pesca marítima,16
7379.0,34727,1391716702001,MEGAOCEAN S.A,ACTIVA,06/12/2001,ANÓNIMA,ECUADOR,COSTA,MANABI,MANTA,MANTA,AVDA. 4 DE NOVIEMBRE Y CALLE J8,S/N,FRENTE AL HOTEL JOCAY PORTON GRANDE,JOCAY,052921317,SUGAHARA ZAMBRANO PAUL KEN,GERENTE GENERAL,"120.000,00",A,A0311.01,2025,NO APLICA,NO APLICA,Armadores / pesca marítima,16
7391.0,34759,1391717474001,PROVIPACIF S.A,ACTIVA,04/03/2002,ANÓNIMA,ECUADOR,COSTA,MANABI,MANTA,MANTA,VIA MANTA - JARAMIJO,S/N,S/N,CRICUNVALACION TRAMO III,052314262,GONZALEZ VASQUEZ VALENTINA,PRESIDENTE,"1.144.736,00",A,A0311.01,2024,NO APLICA,NO APLICA,Armadores / pesca marítima,15
7422.0,34851,1391721390001,CARIBBEAN ATLANTIC S. A.,INACTIVA,30/10/2002,SUCURSAL  EXTRANJERA,PANAMA,COSTA,MANABI,MANTA,MANTA,CALLE 10,OF3,AV. 15,,2620280,SANDOVAL ROSERO FIDEL,APODERADO,"2.000,00",A,A0311.01,2005,NO APLICA,NO APLICA,Armadores / pesca marítima,0
7426.0,34863,1391722486001,UNIOCEAN S.A.,ACTIVA,29/11/2002,ANÓNIMA,ECUADOR,COSTA,MANABI,MANTA,MANTA,C23,S/N,AVENIDA MALECON,CENTRO,052621364,VILLAR LOUREIRO ELISEO,APODERADO,"2.330.000,00",A,A0311.03,2025,NO APLICA,NO APLICA,Armadores / pesca marítima,16
7436.0,34903,1391723318001,OCEANFISH S.A.,ACTIVA,02/04/2003,ANÓNIMA,ECUADOR,COSTA,MANABI,MANTA,MANTA,CARRETERO VIA MANTA MONTECRISTI KM. CUAT,S/N,AL FRENTE DE ACERO CENTER,"PARROQUIA TARQUI,",052578993,ARTEAGA GARCIA AMADO LINARES,PRESIDENTE,"5.000.000,00",A,A0311.01,2025,NO APLICA,NO APLICA,Armadores / pesca marítima,16
7441.0,34919,1391724500001,PESCIMERA S.A,ACTIVA,16/06/2003,ANÓNIMA,ECUADOR,COSTA,MANABI,MANTA,MANTA,CALLE PRINCIPAL,SN,VIA A SAN MATEO,JESUS DE NAZARET,052677925,CIMERA MACOLA ICO,GERENTE GENERAL,"122.576,00",A,A0311.01,2025,NO APLICA,NO APLICA,Armadores / pesca marítima,16
7450.0,34948,1391724837001,PRODUCTOS PESQUEROS S.A. PRODUPES,ACTIVA,02/10/2003,ANÓNIMA,ECUADOR,COSTA,MANABI,MONTECRISTI,MONTECRISTI,CIRCUNVALACION,S/N,KM. 3  1/2 VIA A BARRANCO PRIETO,,052921269,APPENZAUSER VOIGT JORGE ENRIQUE,GERENTE GENERAL,"4.998.751,00",C,C1020.06,2025,NO APLICA,NO APLICA,Industria: elaboración y conservación de pescado,16
7454.0,34958,1391725426001,CARIBBEAN ATLANTIC CARTLANT S.A.,ACTIVA,26/09/2003,ANÓNIMA,ECUADOR,COSTA,MANABI,MANTA,MANTA,LOS CEIBOS,S/N,AV. PRINCIPAL,ALTAMIRA,052922293,ARTEAGA GARCIA AMADO LINARES,GERENTE GENERAL,"800,00",A,A0311.01,2025,NO APLICA,NO APLICA,Armadores / pesca marítima,16
7514.0,35171,1390140319001,"FRIGORIFICO Y LABORATORIO SAN MATEO, FRIGOLAB SAN MATEO CIA. LTDA.",ACTIVA,13/11/1992,RESPONSABILIDAD LIMITADA,ECUADOR,COSTA,MANABI,JARAMIJÓ,JARAMIJÓ,SN,S/N,SN,,053701160,ALVAREZ DIEZ GABRIEL EDUARDO,PRESIDENTE,"2.649.000,00",A,A0311.01,2025,NO APLICA,NO APLICA,Armadores / pesca marítima,16
7529.0,35254,1390143024001,PES NUNEZ SANTANA PESNUSAN CIA. LTDA.,ACTIVA,16/01/1995,RESPONSABILIDAD LIMITADA,ECUADOR,COSTA,MANABI,MONTECRISTI,MONTECRISTI,KM 7 1/2 VIA MANTA MONTECRISTI,0,ENTRADA RESTAURANTE EL MADERO,PIEDRA BLANCA DE MONTECRISTI,052578417,NUÑEZ SANTANA ELOY ABRAHAN JR,GERENTE,"50.000,00",C,C1020.02,2025,NO APLICA,NO APLICA,Industria: elaboración y conservación de pescado,16
7532.0,35261,1390143288001,TAIYANG MARITIMO TAIYANGMAR CIA. LTDA.,DISOLUCIÓN Y LIQUIDACIÓN OFICIO INSCRITA EN RM,22/03/1995,RESPONSABILIDAD LIMITADA,ECUADOR,COSTA,MANABI,MANTA,MANTA,AV. 3 Y CALLE 13 Y 14,,,,000000,KANG YOON RYANG,GERENTE,"200,00",A,A0311.01,,NO APLICA,NO APLICA,Armadores / pesca marítima,0
7538.0,35294,1390144861001,MAREROCE EXPORT IMPORT CIA. LTDA.,ACTIVA,11/03/1996,RESPONSABILIDAD LIMITADA,ECUADOR,COSTA,MANABI,JARAMIJÓ,JARAMIJÓ,KM 4 1/2,00,VIA MANTA ROCAFUERTE,,052380223,RODRIGUEZ VERA ALBERTO IVAN ARTURO,GERENTE GENERAL,"980.000,00",C,C1020.01,2024,NO APLICA,NO APLICA,Industria: elaboración y conservación de pescado,15
7550.0,35359,1390148034001,PESQUERA CHOPITEA CIA. LTDA.,ACTIVA,25/03/1998,RESPONSABILIDAD LIMITADA,ECUADOR,COSTA,MANABI,MANTA,MANTA,CALLE 13 A,1333,AVENIDA 3,-----,052622012,CHOPITEA GABIOLA FRANCISCO JAVIER,GERENTE GENERAL,"21.600,00",A,A0311.01,2025,NO APLICA,NO APLICA,Armadores / pesca marítima,16
7552.0,35364,1390148433001,ALIMENTOS INTEGRADOS ALINTEGRA CIA. LTDA.,ACTIVA,01/07/1998,RESPONSABILIDAD LIMITADA,ECUADOR,COSTA,MANABI,MANTA,MANTA,AV. 2,1018,CALLE 10,,2627346,DIAZ CHICA ALEX ANTONIO,GERENTE GENERAL,"400,00",C,C1020.05,2025,NO APLICA,NO APLICA,Industria: elaboración y conservación de pescado,16
7562.0,35404,1390150020001,HARINA DE PESCADO DE EXPORTACION HARDEPEX CIA. LTDA.,DISOLUCIÓN Y LIQUIDACIÓ DE PLENO DERECHO NO INS RM,13/05/1999,RESPONSABILIDAD LIMITADA,ECUADOR,COSTA,MANABI,JARAMIJÓ,JARAMIJÓ,KM. 4 1/2 VIA MANTA JARAMIJO,S/N,A 500 METROS DEL CARRETERO,"BRISAS DEL MAR, DIAGONAL A PROMARZAN",2608134,DELGADO PANCHANA PATRICIO MAXIMO,GERENTE,"693.877,00",C,C1020.05,2015,NO APLICA,NO APLICA,Industria: elaboración y conservación de pescado,6
7570.0,35420,1391700938001,MANATUN CIA. LTDA.,DISOLUCIÓN Y LIQUIDACIÓN OFICIO INSCRITA EN RM,28/07/1999,RESPONSABILIDAD LIMITADA,ECUADOR,COSTA,MANABI,MANTA,MANTA,113,303,AV.103 A LADO DEL MERCADO DE LOS ESTEROS,LOS ESTEROS,052381663,PALADINES BASURTO MIREYA INES,PRESIDENTE,"4.000,00",A,A0311.01,2023,NO APLICA,NO APLICA,Armadores / pesca marítima,14
7599.0,35524,1391715986001,JJ ECOMAR EXPORT IMPORT CIA.LTDA,DISOLUCIÓN Y LIQUIDACIÓN DE PLENO DERECHO INSC. RM,06/11/2001,RESPONSABILIDAD LIMITADA,ECUADOR,COSTA,MANABI,MANTA,MANTA,9,120,av 5,,052923430,ESTRADA MEDRANDA SILVIA CRISTINA,GERENTE GENERAL,"400,00",C,C1020.02,2016,NO APLICA,NO APLICA,Industria: elaboración y conservación de pescado,7
7652.0,35688,1391729391001,PESQUERA BETH EEL S.A.,ACTIVA,29/11/2004,ANÓNIMA,ECUADOR,COSTA,MANABI,MONTECRISTI,MONTECRISTI,KM 7 1/2 VIA MONTECRISTI - MANTA,MZ-J,DIAGONAL A CDLA DE LA ARMADA,PAMPAS DEL SOL MZ-J LOTE 6 Y 7,052578714,BAJAÑA SANTANA JAIME NELSON,GERENTE GENERAL,"446.800,00",A,A0311.01,2025,NO APLICA,NO APLICA,Armadores / pesca marítima,16
7679.0,35759,1391731388001,ARMAPAC S.A.,DISOLUCIÓN Y LIQUIDACIÓN OFICIO INSCRITA EN RM,25/02/2005,ANÓNIMA,ECUADOR,COSTA,MANABI,MANTA,MANTA,G7 NUMERO LOTE 1 DIAGONAL A PILADORA SAN,G 7,MANZANA A,PARROQUIA LOS ESTEROS,052927861,VELEZ MIELES CAMILO LUCIANO,GERENTE,"100.800,00",C,C1020.02,2020,NO APLICA,NO APLICA,Industria: elaboración y conservación de pescado,11
7685.0,35766,1391732872001,FRIGORIFICO Y CONSERVERA DE LA PESCA FRICOPES S.A.,ACTIVA,18/03/2005,ANÓNIMA,ECUADOR,COSTA,MANABI,MANTA,MANTA,EMILIANO BARCIA,S/N,9 DE OCTUBRE,HUGO MAYO,052578964,BARCIA DUFFLART ANA BELEN,GERENTE GENERAL,"79.080,00",A,A0311.01,2025,NO APLICA,NO APLICA,Armadores / pesca marítima,16
7708.0,35826,1391732813001,FISHMAR S.A.,ACTIVA,23/06/2005,ANÓNIMA,ECUADOR,COSTA,MANABI,MANTA,MANTA,KM. 2 VIA MANTA-ROCAFUERTE,0,DIAGONAL A COMERCIAL BERMEO,VILLAMARINA,052380483,DIAZ GARCIA JOSE,PRESIDENTE,"3.499.037,00",A,A0311.01,2025,NO APLICA,NO APLICA,Armadores / pesca marítima,16
7731.0,35888,1391734271001,USAFISH S.A.,ACTIVA,28/09/2005,ANÓNIMA,ECUADOR,COSTA,MANABI,MANTA,MANTA,12,450,1,SN,053700945,PROAÑO RUEDA LUIS JORDAN,SUBGERENTE,"5.796.000,00",C,C1020.02,2025,NO APLICA,NO APLICA,Industria: elaboración y conservación de pescado,16
7769.0,35973,1391736452001,B&B TUNE_SUPPLIERS S.A.,ACTIVA,25/01/2006,ANÓNIMA,ECUADOR,COSTA,MANABI,MANTA,MANTA,CALLE 304 Y AV. 113,S/N,AV.113,ALTAMIRA,052924487,SALDARRIAGA ZAMBRANO JOSE BENIGNO,GERENTE GENERAL,"2.500.000,00",A,A0311.01,2025,NO APLICA,NO APLICA,Armadores / pesca marítima,16
9191.0,39949,1391773439001,PESCAEXITO CIA. LTDA.,ACTIVA,14/05/2010,RESPONSABILIDAD LIMITADA,ECUADOR,COSTA,MANABI,MANTA,MANTA,CALLE 1 Y AV. 1,4,DIAGONAL A LA GASOLINERA MOVIL,SAN AGUSTIN,052380331,PAREDES PAREDES JORGE LEONARDO,PRESIDENTE,"224.100,00",A,A0311.01,2025,NO APLICA,NO APLICA,Armadores / pesca marítima,16
13958.0,61599,1391776101001,COINFORMANT S.A.,DISOLUCIÓN Y LIQUIDACIÓN DE PLENO DERECHO INSC. RM,12/07/2010,ANÓNIMA,ECUADOR,COSTA,MANABI,MANTA,MANTA,ENTRE CALLES 13 Y 14,6,AV. 6,CENTRO DE MANTA,2621542,VERA BRAVO OMAR IDULFO,PRESIDENTE,"50.000,00",A,A0311.01,2015,NO APLICA,NO APLICA,Armadores / pesca marítima,6
14038.0,61759,1391775903001,CONSULTORES INDUSTRIALES Y PRODUCTOS DEL MAR S.A. CIPROMAR,ACTIVA,19/03/2010,ANÓNIMA,ECUADOR,COSTA,MANABI,MANTA,MANTA,CDLA. LOS ALMENDROS,3,MZ. A,S/N,052380595,BEDON RUIZ CECILIA DEL CARMEN,GERENTE GENERAL,"355.314,00",A,A0311.01,2025,NO APLICA,NO APLICA,Armadores / pesca marítima,16
14220.0,62123,1391776497001,FIOMAR&SHARK OCEAN S.A.,DISOLUCIÓN Y LIQUIDACIÓN OFICIO NO INSCRITA EN RM,30/07/2010,ANÓNIMA,ECUADOR,COSTA,MANABI,MONTECRISTI,MONTECRISTI,LOTIZACION ARROYO AZUL TRAS EUROFISH S.A,S/N,ESCUELA MA.LUISA IZQUIERDO,,086757917,MOREIRA LOOR EDISSON ANANIAS,GERENTE,"800,00",A,A0311.01,2018,NO APLICA,NO APLICA,Armadores / pesca marítima,9
14506.0,62647,1391776683001,FRANCHI FISH S.A.,ACTIVA,13/09/2010,ANÓNIMA,ECUADOR,COSTA,MANABI,MANTA,MANTA,11 AL FRENTE DE EDIFICIO EX COOP.15 DE A,1067,AV. 4,ROYAL,052611899,ZAMBRANO REINA ROSA LUCITED,GERENTE GENERAL,"1.000,00",A,A0311.01,2024,NO APLICA,NO APLICA,Armadores / pesca marítima,15
14759.0,63129,1391777434001,MUNDOTRADE S.A.,DISOLUCIÓN Y LIQUIDACIÓN OFICIO INSCRITA EN RM,02/07/2010,ANÓNIMA,ECUADOR,COSTA,MANABI,MANTA,MANTA,AV.3,S/N,CALLE 12 Y 13,,052623893,GAVILANEZ BERMUDEZ MARLON ORLANDO,GERENTE GENERAL,"2.100,00",A,A0311.01,2022,NO APLICA,NO APLICA,Armadores / pesca marítima,13
15189.0,63945,1391778732001,INTERNACIONAL SEAFOOD FOODINTER S.A.,DISOLUCIÓN Y LIQUIDACIÓN OFICIO NO INSCRITA EN RM,12/11/2010,ANÓNIMA,ECUADOR,COSTA,MANABI,MANTA,MANTA,SN,SN,MANZANA A,,052628576,JIMBO CASTILLO NIXZON ESTALIN,GERENTE GENERAL,"12.500,00",C,C1020.03,2025,NO APLICA,NO APLICA,Industria: elaboración y conservación de pescado,16
15724.0,64976,1391779801001,EMPACADORA ALKRISTO DEL MAR S.A. EMPALMAR,ACTIVA,27/12/2010,ANÓNIMA,ECUADOR,COSTA,MANABI,MANTA,MANTA,HUGO MAYO,314,Q,LA PRADERA,052578857,DELGADO PUENTES VILLY TONINO,GERENTE GENERAL,"100.000,00",A,A0311.01,2025,NO APLICA,NO APLICA,Armadores / pesca marítima,16
16771.0,70242,0991285571001,OLIMAR S.A.,DISOLUCIÓN Y LIQUIDACIÓN OFICIO INSCRITA EN RM,05/04/1994,ANÓNIMA,ECUADOR,COSTA,MANABI,MANTA,MANTA,113,S/N,102,LOS ESTEROS-CERCA DEL MERCADO,052381400,NOBOA DE LA A CESAR NAHIN,GERENTE GENERAL,"40.400,00",C,C1020.01,2014,NO APLICA,NO APLICA,Industria: elaboración y conservación de pescado,5
17171.0,72073,0991313788001,ASISERVY S.A.,ACTIVA,30/03/1995,ANÓNIMA,ECUADOR,COSTA,MANABI,JARAMIJÓ,JARAMIJÓ,VIA MANTA ROCAFUERTE,S.N.,PARQUE DEL ATUN,PARQUE DEL ATUN,053701250,NUÑEZ MARQUEZ GUSTAVO VINICIO,PRESIDENTE EJECUTIVO,"16.960.911,00",C,C1020.02,2025,NO APLICA,NO APLICA,Industria: elaboración y conservación de pescado,16
17177.0,72096,0991316531001,AGROL S.A.,ACTIVA,19/04/1995,ANÓNIMA,ECUADOR,COSTA,MANABI,MANTA,MANTA,"CDLA. MANTA 2000, SOLAR 14 CIA SAN MATEO",SOLAR 14,VILLA 14,,052678054,REYES REYES EUSEBIO ALFONZO,PRESIDENTE,"10.000,00",A,A0311.01,2024,NO APLICA,NO APLICA,Armadores / pesca marítima,15
19110.0,79132,0991417117001,MARMONTESAN S.A.,ACTIVA,20/10/1997,ANÓNIMA,ECUADOR,COSTA,MANABI,MONTECRISTI,MONTECRISTI,KM. 7 1/2 VIA MONTECRISTI JUNTO A PESNUS,S/N,ENTRADA A MADEROS RESTAURANT,El Colorado,052578669,SANNA HERAS ELKIN DAVID,GERENTE GENERAL,"82.948,00",A,A0311.01,2025,NO APLICA,NO APLICA,Armadores / pesca marítima,16
20647.0,83238,0991469095001,TADEL S.A.,ACTIVA,12/10/1998,ANÓNIMA,ECUADOR,COSTA,MANABI,JARAMIJÓ,JARAMIJÓ,KM 7 1/2 VIA MANTA- ROCAFUERTE,1,01,,053701190,MUÑOZ RODRIGUEZ JOSE ABDON FERNANDO,GERENTE GENERAL,"43.032.600,00",C,C1020.05,2025,NO APLICA,NO APLICA,Industria: elaboración y conservación de pescado,16
24225.0,95545,1391737904001,OPERACIONES PESQUERAS INTEGRALES CIA. LTDA. OPI,DISOLUCIÓN Y LIQUIDACIÓN OFICIO INSCRITA EN RM,17/05/2006,RESPONSABILIDAD LIMITADA,ECUADOR,COSTA,MANABI,MONTECRISTI,MONTECRISTI,AV. 6,S/N,CALLE 13 Y 14,,052627769,MANTUANO ESPINOZA FERNANDO,PRESIDENTE,"600,00",C,C1020.02,2009,NO APLICA,NO APLICA,Industria: elaboración y conservación de pescado,0
24243.0,95584,1391738803001,EYCO S.A.,ACTIVA,19/06/2006,ANÓNIMA,ECUADOR,COSTA,MANABI,MANTA,MANTA,14 Y AVDA. 27,S/N,A 1 CUADRA BAJANDO EN LA GASOLINERA MOBI,SAN RAFAEL,052623056,GILER ALVARADO GOFALIA DE LOURDES,GERENTE GENERAL,"30.000,00",A,A0311.01,2025,NO APLICA,NO APLICA,Armadores / pesca marítima,16
24257.0,95604,1391739524001,PROHAPEZ MANTA S.A.,ACTIVA,15/08/2006,ANÓNIMA,ECUADOR,COSTA,MANABI,MONTECRISTI,MONTECRISTI,VIA BARRANCO PRIETO,S/N,VIA BARRANCO PRIETO,CENTRO,052319141,BRAVO VELEZ MARIA ELIZABETH,GERENTE GENERAL,"1.000,00",A,A0311.01,2025,NO APLICA,NO APLICA,Armadores / pesca marítima,16
24260.0,95611,0992471557001,EMPROPESCA S.A.,ACTIVA,16/08/2006,ANÓNIMA,ECUADOR,COSTA,MANABI,MANTA,MANTA,ENTRADA A LOS GAVILANES,S/N,VIA SAN MATEO,CDLA LOS GAVILANES,052934844,CEVALLOS CARLOS EDUARDO,PRESIDENTE,"800,00",A,A0311.01,2025,NO APLICA,NO APLICA,Armadores / pesca marítima,16
24279.0,95657,1391740433001,COMERCIALIZADORA DE PRODUCTOS DEL MAR SINAI S. A.,ACTIVA,18/10/2006,ANÓNIMA,ECUADOR,COSTA,MANABI,MONTECRISTI,MONTECRISTI,KM 7 1/2 VIA MANTA MONTESCRITI ANTES DEL,S/N,CALLE PRINCIPAL,CALLE PRINCIPAL,052578714,QUIÑONEZ MINA LUIS EFRAIN,GERENTE GENERAL,"800,00",A,A0311.01,2024,NO APLICA,NO APLICA,Armadores / pesca marítima,15
24297.0,95697,1391742150001,ACQUITERMI S.A.,DISOLUCIÓN Y LIQUIDACIÓN OFICIO INSCRITA EN RM,08/11/2006,ANÓNIMA,ECUADOR,COSTA,MANABI,MONTECRISTI,MONTECRISTI,KM 5.5 VIA MONTECRISTI,SN,SN,SAN ROCKE,055001125,CORRAL DAZA MANUEL FERNANDO,GERENTE GENERAL,"800,00",A,A0311.01,2014,NO APLICA,NO APLICA,Armadores / pesca marítima,5
24302.0,95714,1391742053001,DISTRIBUIDORA FLIPPER S.A.,DISOLUCIÓN Y LIQUIDACIÓN OFICIO INSCRITA EN RM,19/12/2006,ANÓNIMA,ECUADOR,COSTA,MANABI,MANTA,MANTA,113,SN,AV. 103,LAZARETO,052920756,VELEZ PINARGOTE INES MARIA,GERENTE GENERAL,"274.800,00",A,A0311.01,2020,NO APLICA,NO APLICA,Armadores / pesca marítima,11
24305.0,95725,1391742320001,TUNIDOS DEL PACIFICO S.A.,DISOLUCIÓN Y LIQUIDACIÓN OFICIO INSCRITA EN RM,23/01/2007,ANÓNIMA,ECUADOR,COSTA,MANABI,MANTA,MANTA,MANZANA S,SN,ENTRADA PRINCIPAL A 200 METROS DE COMPLE,BARBASQUILLO,052623284,MEDRANDA URETA MARIA FERNANDA,PRESIDENTE,"800,00",C,C1020.02,2022,NO APLICA,NO APLICA,Industria: elaboración y conservación de pescado,13
24336.0,95806,1391744064001,PESPESCA S.A.,ACTIVA,02/05/2007,ANÓNIMA,ECUADOR,COSTA,MANABI,MONTECRISTI,MONTECRISTI,KM. 11/2 VIA A GUAYAQUIL,SN,ENTRADA A LOS BAJOS,,055000002,LYMBEROPULOS COSSIORI FOTIS GEORGIOS,PRESIDENTE,"8.139.065,00",C,C1020.07,2025,NO APLICA,NO APLICA,Industria: elaboración y conservación de pescado,16
24358.0,95871,1391744943001,AMATXU MARIA LUISA CIA. LTDA.,ACTIVA,21/07/2006,RESPONSABILIDAD LIMITADA,ECUADOR,COSTA,MANABI,MANTA,MANTA,V8,V5,DIAGONAL VETERINARIA D PELOS,,052928840,OSTIZ LARRINAGA LUIS MARIA,GERENTE GENERAL,"12.500,00",A,A0311.01,2025,NO APLICA,NO APLICA,Armadores / pesca marítima,16
24370.0,95900,1391745656001,OCEAN FARM S.A.,ACTIVA,03/08/2007,ANÓNIMA,ECUADOR,COSTA,MANABI,MANTA,MANTA,KM. 4 1/2 VIA MANTA-MONTECRISTI,S/N,DIAGONAL CDLA. LA AURORA,,052578993,MENDOZA SOLINES SANTIAGO ENRIQUE,PRESIDENTE,"500.800,00",A,A0311.01,2025,NO APLICA,NO APLICA,Armadores / pesca marítima,16
24387.0,95926,1391746830001,FRESH FISH DEL ECUADOR CIA. LTDA.,ACTIVA,03/08/2007,RESPONSABILIDAD LIMITADA,ECUADOR,COSTA,MANABI,MANTA,MANTA,VIA SAN MATEO,SN,SECTOR PIEDRA LARGA,,052921004,BUEHS ANDRADE BERNARDO ANDRES,GERENTE GENERAL,"2.501.000,00",A,A0311.01,2025,NO APLICA,NO APLICA,Armadores / pesca marítima,16
24422.0,95993,1391747314001,INDUSTRIAS DE PRODUCTOS DEL MAR S.A. IDELMAR,ACTIVA,12/11/2007,ANÓNIMA,ECUADOR,COSTA,MANABI,MANTA,MANTA,28 AV. FLAVIO REYES,S/N,AV. FLAVIO REYES A 1 CUADRA SEGURILLANTA,LOS ALGARROBOS,052611548,MOLINA SANTOS MIGUEL HORACIO,GERENTE,"600.000,00",A,A0311.01,2025,NO APLICA,NO APLICA,Armadores / pesca marítima,16
24435.0,96020,1391748027001,DELIPESCA S.A.,ACTIVA,31/12/2007,ANÓNIMA,ECUADOR,COSTA,MANABI,MANTA,MANTA,AVENIDA 2,1155,ENTRE CALLES 11 Y 12,CENTRO,052624440,PALADINES BAZURTO JOSE RAMON,GERENTE GENERAL,"5.201.316,00",A,A0311.01,2025,NO APLICA,NO APLICA,Armadores / pesca marítima,16
24487.0,96128,1391750811001,ISIMARE S.A.,ACTIVA,15/05/2008,ANÓNIMA,ECUADOR,COSTA,MANABI,JARAMIJÓ,JARAMIJÓ,VIA MANTA ROCAFUERTE,0958937228,Vía Manta - Rocafuerte,,052381751,PARRALES SANCHEZ JOSE MARIA,PRESIDENTE,"226.000,00",A,A0311.01,2025,NO APLICA,NO APLICA,Armadores / pesca marítima,16
24525.0,96213,1391753071001,EUROTUNA S.A.,ACTIVA,22/07/2008,ANÓNIMA,ECUADOR,COSTA,MANABI,MANTA,MANTA,11,SN,AV 2,,052000000,GERMAN BERNABE KRISTEL BELEN,PRESIDENTE,"800,00",A,A0311.01,2025,NO APLICA,NO APLICA,Armadores / pesca marítima,16
24526.0,96216,1391752377001,MARINE PROTEIN MARPROT S.A.,ACTIVA,09/05/2008,ANÓNIMA,ECUADOR,COSTA,MANABI,MONTECRISTI,MONTECRISTI,TRANSMARINA,N/A,AV. HUGO MAYO,,052578950,PEROTTI COELLO GIAN SANDRO,PRESIDENTE,"880.800,00",A,A0311.01,2025,NO APLICA,NO APLICA,Armadores / pesca marítima,16
24527.0,96218,1391752822001,MARCARIBE S.A.,ACTIVA,22/07/2008,ANÓNIMA,ECUADOR,COSTA,MANABI,MANTA,MANTA,12,sn,AV. 23   (ESQUINA),,052629518,ZAMBRANO VERA PAULINA LEONOR,GERENTE GENERAL,"800,00",A,A0311.01,2025,NO APLICA,NO APLICA,Armadores / pesca marítima,16
24552.0,96265,1391753233001,TECNIMAR CIA. LTDA.,ACTIVA,01/09/2008,RESPONSABILIDAD LIMITADA,ECUADOR,COSTA,MANABI,MANTA,MANTA,SN,SN,MZ1,UMIÑA 2,052610895,CUKA GRANADOS MARCELO IVO,GERENTE GENERAL,"2.000,00",A,A0311.01,2024,NO APLICA,NO APLICA,Armadores / pesca marítima,15
25843.0,99022,0991520767001,GALDECUN S.A.,ACTIVA,11/08/1999,ANÓNIMA,ECUADOR,COSTA,MANABI,JARAMIJÓ,JARAMIJÓ,"VIA A LA SEQUITA, A LADO DE HARIMARSA",SN,VIA MANTA ROCAFUERTE KM 7 1/2,SECTOR LA VICTORIA,059999999,ZAMBRANO BAZURTO JORGE EFREN,GERENTE GENERAL,"700.000,00",C,C1020.06,2025,NO APLICA,NO APLICA,Industria: elaboración y conservación de pescado,16
26228.0,100223,1391782926001,ALIMENTOS DEL MAR MARFOODSA S.A.,ACTIVA,14/01/2011,ANÓNIMA,ECUADOR,COSTA,MANABI,JARAMIJÓ,JARAMIJÓ,VIA MANTA ROCAFUERTE,S/N,DIAGONAL A LA COMPAÑIA TADEL,,052853000,ZUÑIGA GUERRERO IVAN GERARDO,GERENTE GENERAL,"800,00",A,A0311.01,2025,NO APLICA,NO APLICA,Armadores / pesca marítima,15
29073.0,109262,0992262427001,GEOPAXI S.A.,DISOLUCIÓN Y LIQUIDACIÓN OFICIO INSCRITA EN RM,23/08/2002,ANÓNIMA,ECUADOR,COSTA,MANABI,MANTA,MANTA,17,3613,AV. 37,LAS ACACIAS,054444444,SALAZAR PAZ Y MIÑO PATRICIO JAVIER,LIQUIDADOR,"5.581.122,00",A,A0311.01,2023,NO APLICA,NO APLICA,Armadores / pesca marítima,14
29936.0,111848,0992299231001,ELVAYKA KYOEI S.A.,ACTIVA,12/05/2003,ANÓNIMA,ECUADOR,COSTA,MANABI,MANTA,MANTA,CUARTA,S/N,ATRAS DE LA GUARDERIA CASA CUNA,LA ENSENADITA,052621157,PEROTTI COELLO GIAN SANDRO,PRESIDENTE,"2.100.800,00",A,A0311.01,2025,NO APLICA,NO APLICA,Armadores / pesca marítima,16
30703.0,114130,0992331283001,XUK S.A.,ACTIVA,19/12/2003,ANÓNIMA,ECUADOR,COSTA,MANABI,JARAMIJÓ,JARAMIJÓ,5 1/2 VIA MANTA ROCAFUERTE,S/N,------------------------------------,,053701160,FERNANDEZ AVELLANEDA RAMON BARTOLOME,GERENTE GENERAL,"50.000,00",A,A0311.01,2025,NO APLICA,NO APLICA,Armadores / pesca marítima,16
31209.0,115653,0992354186001,TUNAEXPORT S.A.S.,ACTIVA,31/05/2004,SOCIEDAD POR ACCIONES SIMPLIFICADA,ECUADOR,COSTA,MANABI,MANTA,MANTA,AV - 2,1155,11 Y 12,,052624440,PALADINES BAZURTO JOSE RAMON,PRESIDENTE,"801.600,00",A,A0311.01,2025,NO APLICA,NO APLICA,Armadores / pesca marítima,16
34566.0,124823,0992481978001,ACTORCORP S.A.,DISOLUCIÓN Y LIQUIDACIÓN OFICIO NO INSCRITA EN RM,20/10/2006,ANÓNIMA,ECUADOR,COSTA,MANABI,MANTA,MANTA,AV. 11,,CALLES 12 Y 13,,052613463,CAPA MENDOZA WALTER SEGUNDO,PRESIDENTE,"800,00",A,A0311.01,2013,NO APLICA,NO APLICA,Armadores / pesca marítima,4
35284.0,126601,0992505621001,SUNSTAR S.A.,ACTIVA,12/04/2007,ANÓNIMA,ECUADOR,COSTA,MANABI,MANTA,MANTA,Via a San Juan,S/N,S/N,San Juan,052384036,MOREIRA LOPEZ JHON RENE,PRESIDENTE,"1.000,00",A,A0311.01,2025,NO APLICA,NO APLICA,Armadores / pesca marítima,16
36015.0,128384,0992530332001,ASTILLERO ESPERANZA DEL MAR C.A. ASTIESMAR,ACTIVA,28/09/2007,ANÓNIMA,ECUADOR,COSTA,MANABI,JARAMIJÓ,JARAMIJÓ,K 5 1/2 VIA MANTA-ROCAFUERTE,SN,A LADO DE MARZAN,SITIO PUNTA BLANCA,052000000,CENTENO PARRALES VICTOR HUGO,GERENTE GENERAL,"1.804.600,00",A,A0311.01,2025,NO APLICA,NO APLICA,Armadores / pesca marítima,16
38800.0,134444,0992623284001,POKINCI S.A.,ACTIVA,06/03/2009,ANÓNIMA,ECUADOR,COSTA,MANABI,JARAMIJÓ,JARAMIJÓ,VIA MANTA ROCAFUERTE POR TADEL,00,arbolitos,,052454030,JIMENEZ ALARCON FRANK JEFFERSON,GERENTE GENERAL,"190.450,32",C,C1020.02,2023,NO APLICA,NO APLICA,Industria: elaboración y conservación de pescado,14
40690.0,137966,1391785003001,COMERCIALIZADORA TONINO SEA FOOD S.A. COMTOSEAFOOD,ACTIVA,14/04/2011,ANÓNIMA,ECUADOR,COSTA,MANABI,MANTA,MANTA,10,S/N,AVENIDA 10,CENTRO DE MANTA,052613046,SANTOS SANCHEZ DE MORILLO SUSANA,APODERADO,"25.000,00",A,A0311.01,2025,NO APLICA,NO APLICA,Armadores / pesca marítima,15
41292.0,139001,1391785402001,PESQUERA MONTECRISTI S.A. PESQUEMONSA,ACTIVA,02/05/2011,ANÓNIMA,ECUADOR,COSTA,MANABI,MANTA,MANTA,CHONE,S/N,AV. 4 DE NVBRE.,LA PAZ,052921970,APPENZAUSER VOIGT RICARDO OLIVER,GERENTE GENERAL,"151.000,00",A,A0311.01,2025,NO APLICA,NO APLICA,Armadores / pesca marítima,15
41294.0,139004,1391799101001,PUERTOMAR S.A.,ACTIVA,18/04/2011,ANÓNIMA,ECUADOR,COSTA,MANABI,JARAMIJÓ,JARAMIJÓ,VIA MANTA ROCAFUERTE,S/N,SN,JARAMIJO,053700945,PROAÑO RUEDA LUIS JORDAN,SUBGERENTE,"10.815.000,00",A,A0311.03,2025,NO APLICA,NO APLICA,Armadores / pesca marítima,15
42483.0,141044,1391790619001,FULL MOON ECUADOR FULMEC S.A.,ACTIVA,26/07/2011,ANÓNIMA,ECUADOR,COSTA,MANABI,MANTA,MANTA,VIA MANTA - ROCAFUERTE,SN,ESQUINA HOTEL INTERNACIONAL,LAS COLINAS,052610570,LANDA FRANCO NELSON RONALD,GERENTE GENERAL,"50.000,00",A,A0311.01,2025,NO APLICA,NO APLICA,Armadores / pesca marítima,15
42793.0,141596,1391788185001,COVEROSA S.A.,ACTIVA,19/09/2011,ANÓNIMA,ECUADOR,COSTA,MANABI,MANTA,MANTA,120,S/N,AV.107,EL PARAISO,052382773,VELÀSQUEZ SACOTO RAMÒN AGUSTÌN,GERENTE GENERAL,"1.000,00",A,A0311.01,2025,NO APLICA,NO APLICA,Armadores / pesca marítima,15
43671.0,143146,1391789629001,ACUIRÍA S.A.,DISOLUCIÓN Y LIQUIDACIÓN OFICIO INSCRITA EN RM,05/12/2011,ANÓNIMA,ECUADOR,COSTA,MANABI,MANTA,MANTA,VIA BARBASQUILLO,SN,URB. PORTAL DEL SOL,,022315448,RAMIA AVENATTI NELSON CAMILO,GERENTE GENERAL,"800,00",C,C1020.01,2022,NO APLICA,NO APLICA,Industria: elaboración y conservación de pescado,12
43681.0,143165,1391790589001,ACUICOLA Y PISCICOLA LA ISLA S.A. ACUISLA,ACTIVA,24/11/2011,ANÓNIMA,ECUADOR,COSTA,MANABI,MANTA,MANTA,VIA PEDERNALES EL CARMEN,SN,SN,LA GERONIMA,052680735,ORELLANA ORELLANA JORGE GUSTAVO,GERENTE GENERAL,"1.000,00",A,A0311.01,2025,NO APLICA,NO APLICA,Armadores / pesca marítima,15
43865.0,143486,1391790104001,ATUN ESTRIBELA S.A.,DISOLUCIÓN Y LIQUIDACIÓN OFICIO NO INSCRITA EN RM,15/12/2011,ANÓNIMA,ECUADOR,COSTA,MANABI,MANTA,MANTA,s/n,S/N,s/n,S/N,052621709,ANCHUNDIA LUCAS JAIME DANIEL,GERENTE GENERAL,"7.600.200,00",A,A0311.03,2018,NO APLICA,NO APLICA,Armadores / pesca marítima,8
43924.0,143580,1391790260001,OSAKAFISH S.A.,DISOLUCIÓN Y LIQUIDACIÓN OFICIO INSCRITA EN RM,22/12/2011,ANÓNIMA,ECUADOR,COSTA,MANABI,MANTA,MANTA,2,AV 3,VIA SAN MATEO,SECTOR MONTALVAN,052678054,LEON JIMENEZ VICTOR RAMON,PRESIDENTE,"1.000,00",A,A0311.01,2023,NO APLICA,NO APLICA,Armadores / pesca marítima,13
44003.0,143702,1391790279001,AGRICOLA Y PISCICOLA SUSSMANN DELGADO AGROSUSSDEL S.A.,ACTIVA,29/12/2011,ANÓNIMA,ECUADOR,COSTA,MANABI,MANTA,MANTA,21 Y 23,SN,CLDA. LOS ALGARROBOS,LOS ALGARROBOS,052624868,SUSSMANN DELGADO ALEX LEOPOLDO,GERENTE GENERAL,"100.000,00",A,A0311.01,2025,NO APLICA,NO APLICA,Armadores / pesca marítima,15
44007.0,143706,1391790287001,PESQUERA ATUNES DEL PACIFICO S.A. ''ATUNPACIFICOSA'',ACTIVA,29/12/2011,ANÓNIMA,ECUADOR,COSTA,MANABI,MANTA,MANTA,CALLE 4,N/A,S/N,LA ENSENADITA,052610018,MENDOZA VERA EDGAR KEITH,GERENTE GENERAL,"2.545.027,00",A,A0311.03,2025,NO APLICA,NO APLICA,Armadores / pesca marítima,15
44270.0,144167,1391791488001,GRUPO DEGFER CIA. LTDA.,ACTIVA,27/12/2011,RESPONSABILIDAD LIMITADA,ECUADOR,COSTA,MANABI,JARAMIJÓ,JARAMIJÓ,5 Y MEDIO,S/N,VIA ROCAFUERTE,,053701725,FERNANDEZ AVELLANEDA LUCIA DEL PILAR,GERENTE GENERAL,"9.988.673,00",A,A0311.01,2024,NO APLICA,NO APLICA,Armadores / pesca marítima,14
44375.0,144336,1391791097001,PESCADOS Y MARISCOS DEL PACIFICO S.A. PESMARPAC,ACTIVA,26/01/2012,ANÓNIMA,ECUADOR,COSTA,MANABI,JARAMIJÓ,JARAMIJÓ,SN,SN,SN,S/N,053700941,YANG YANG,PRESIDENTE,"302.394,00",A,A0311.01,2025,NO APLICA,NO APLICA,Armadores / pesca marítima,14
44460.0,144480,1391791178001,ALETAMARILLA S.A.,ACTIVA,08/02/2012,ANÓNIMA,ECUADOR,COSTA,MANABI,MANTA,MANTA,AV PRINCIPAL,S/N,UNIVERSITARIA 2,SAN JUAN 1,052678769,NIVELO BORJA FILOMENA RUTH,PRESIDENTE,"3.235.800,00",A,A0311.01,2025,NO APLICA,NO APLICA,Armadores / pesca marítima,14
44634.0,144740,1391799624001,LOGISTICA INTERNACIONAL LOGISINSA S.A.,ACTIVA,15/02/2012,ANÓNIMA,ECUADOR,COSTA,MANABI,MANTA,MANTA,CALLE 12,901,AVENIDA 18,CENTRO,052626971,PALADINES SOTO HENRY BARON,GERENTE GENERAL,"800.800,00",A,A0311.01,2025,NO APLICA,NO APLICA,Armadores / pesca marítima,14
44802.0,145016,1391791895001,INDUSTRIAL PESQUERA DEL PACIFICO S.A. INPESPA,ACTIVA,17/02/2012,ANÓNIMA,ECUADOR,COSTA,MANABI,MANTA,MANTA,310 DIAGONAL A ESCUELA FISCAL JOSE LUIS,310,ENTRE AVENIDAS 216 Y 217,MARIA AUXILIADORA #2,052928807,MACIAS MENDOZA ANA NARCISA,GERENTE GENERAL,"800,00",A,A0311.01,2025,NO APLICA,NO APLICA,Armadores / pesca marítima,14
45342.0,145888,1391793308001,PESFRESCO S.A.,ACTIVA,11/04/2012,ANÓNIMA,ECUADOR,COSTA,MANABI,MANTA,MANTA,AV. CIRCUNVALACION,5,TRAMO I,,052611907,CASTILLO HIM VERONICA,GERENTE GENERAL,"800,00",A,A0311.01,2025,NO APLICA,NO APLICA,Armadores / pesca marítima,14
45348.0,145894,1391793065001,EMPACADORA DE MARISCOS ECUAMARISC CIA. LTDA.,ACTIVA,09/04/2012,RESPONSABILIDAD LIMITADA,ECUADOR,COSTA,MANABI,MANTA,MANTA,5,384,AV. 6,CENTRO DE MANTA,052578530,TOALA JARA ROMULO OCTAVIO,GERENTE GENERAL,"400,00",A,A0311.01,2025,NO APLICA,NO APLICA,Armadores / pesca marítima,14
45544.0,146215,1391792999001,SARDINAS DEL PACIFICO S.A. SARDIPAC,ACTIVA,04/04/2012,ANÓNIMA,ECUADOR,COSTA,MANABI,JARAMIJÓ,JARAMIJÓ,SN,SN,SN,SN,053701190,BRUZZONE GALARRAGA PEDRO ROLANDO,GERENTE GENERAL,"2.067.227,00",A,A0311.01,2025,NO APLICA,NO APLICA,Armadores / pesca marítima,14
45756.0,146541,1391793405001,ASOCIACION DE PESCA EXPORTABLE ASOPESEX C.A.,ACTIVA,15/03/2012,ANÓNIMA,ECUADOR,COSTA,MANABI,MANTA,MANTA,5,SN,AV 4,,052613970,ALMEIDA QUILEZ JUAN CARLOS,GERENTE GENERAL,"800,00",A,A0311.01,2025,NO APLICA,NO APLICA,Armadores / pesca marítima,14
45867.0,146715,1391793731001,VIDA MARINA VIMARINA CIA. LTDA.,ACTIVA,09/05/2012,RESPONSABILIDAD LIMITADA,ECUADOR,COSTA,MANABI,MANTA,MANTA,VELASCO IBARRA,1,SECTOR MONTE HOREB,MONTE HOREB,052931732,ALVARADO VERA JACINTO AGUSTIN,GERENTE,"400,00",C,C1020.04,2025,NO APLICA,NO APLICA,Industria: elaboración y conservación de pescado,14
46050.0,146994,1391793960001,PD-PESCA S.A.,ACTIVA,24/05/2012,ANÓNIMA,ECUADOR,COSTA,MANABI,JARAMIJÓ,JARAMIJÓ,S/N,S/N,KM 5 1/2 VIA MANTA - ROCAFUERTE PLANTA,LAS DELICIAS,052388170,SANTANA ZAMBRANO SILVINO ANTONIO,GERENTE GENERAL,"30.000,00",A,A0311.01,2025,NO APLICA,NO APLICA,Armadores / pesca marítima,14
46839.0,148246,1391798040001,OCEAN AMERICA FOOD S.A. OCEAMERSA,DISOLUCIÓN Y LIQUIDACIÓN DE PLENO DERECHO INSC. RM,03/07/2012,ANÓNIMA,ECUADOR,COSTA,MANABI,MANTA,MANTA,"15 Y AV 37, FRENTE AL PARQUE DEL AVION",3614,AV 37,,052610269,ZAMBRANO CASTILLO GUIDO MARIANO,GERENTE GENERAL,"800,00",C,C1020.02,2016,NO APLICA,NO APLICA,Industria: elaboración y conservación de pescado,5
47090.0,148632,1391796056001,INTERATLANTIC S.A.,ACTIVA,06/08/2012,ANÓNIMA,ECUADOR,COSTA,MANABI,MANTA,MANTA,CIUDADELA UNIVERSITARIA,2,DIAGONAL AL SALON DE EVENTOS MAJED,CIUDADELA UNIVERSITARIA,052611616,VERA MENDIETA BOSCO WILMER,GERENTE GENERAL,"12.500,00",A,A0311.01,2025,NO APLICA,NO APLICA,Armadores / pesca marítima,14
47484.0,149247,1391796854001,YU-FENG PACIFICO S.A. YUPAC,DISOLUCIÓN Y LIQUIDACIÓN OFICIO INSCRITA EN RM,24/08/2012,ANÓNIMA,ECUADOR,COSTA,MANABI,MONTECRISTI,MONTECRISTI,VIA MONTECRISTI - MANTA,,"DIAGONAL GASOLINERA PRIMAX, COLORADO",BARRANCO PRIETO,093310934,WEI YOUXIN,GERENTE GENERAL,"800,00",A,A0311.01,,NO APLICA,NO APLICA,Armadores / pesca marítima,0
47788.0,149717,1391797672001,FERPIL'S S.A.,ACTIVA,12/09/2012,ANÓNIMA,ECUADOR,COSTA,MANABI,MANTA,MANTA,"VIA PUERTO-AEROPUERTO,IZQ.A LADO DE TALL",S/N,ENTRADA PRINCIPAL AL AEROPUERTO,,052384544,SEMINARIO SOLORZANO JOSE DANIEL,GERENTE GENERAL,"1.000,00",A,A0311.01,2025,NO APLICA,NO APLICA,Armadores / pesca marítima,14
53734.0,164355,1391797958001,PRODUMAN ECUADOR CIA. LTDA.,ACTIVA,25/09/2012,RESPONSABILIDAD LIMITADA,ECUADOR,COSTA,MANABI,MANTA,MANTA,301,1,AV. 209,MARIA AUXILIADORA,052629171,DELGADO CEDEÑO RITA ZULAY,GERENTE GENERAL,"400,00",A,A0311.01,2025,NO APLICA,NO APLICA,Armadores / pesca marítima,14
54406.0,165483,1391798814001,MARPACIFICO CIA. LTDA.,DISOLUCIÓN Y LIQUIDACIÓ DE PLENO DERECHO NO INS RM,13/11/2012,RESPONSABILIDAD LIMITADA,ECUADOR,COSTA,MANABI,JARAMIJÓ,JARAMIJÓ,VIA MANTA ROCAFUERTE,SN,KM 8 1/2,,096003719,ZUÑIGA AGUILAR MOISES GERARDO,GERENTE GENERAL,"400,00",A,A0311.01,2014,NO APLICA,NO APLICA,Armadores / pesca marítima,3
54814.0,166157,1391800290001,COMERCIALIZADORA DE PRODUCTOS PESQUEROS S.A. COMPROPEZ,ACTIVA,12/12/2012,ANÓNIMA,ECUADOR,COSTA,MANABI,JARAMIJÓ,JARAMIJÓ,VIA MANTA - ROCAFUERTE,SN,NA,NA,053700945,GODOY PASPUEL DIEGO ROLANDO,GERENTE GENERAL,"50.000,00",A,A0311.01,2025,NO APLICA,NO APLICA,Armadores / pesca marítima,14
54838.0,166188,1391799713001,FRIGORIFICO Y LABORATORIO DE PESCA FRILABPESCA S.A.,ACTIVA,12/12/2012,ANÓNIMA,ECUADOR,COSTA,MANABI,MANTA,MANTA,AVENIDA 108,S/N,AV. P 10 Número: S/N Intersección: CALL,LA PRADERA,052384543,YEN KUAN,PRESIDENTE,"50.000,00",A,A0311.01,2025,NO APLICA,NO APLICA,Armadores / pesca marítima,14
54840.0,166190,1391799748001,TECNICA DE LA MARICULTURA S.A. TECNIMARSA,ACTIVA,06/12/2012,ANÓNIMA,ECUADOR,COSTA,MANABI,MANTA,MANTA,CALLE 112,S/N,AVE 113,,052922547,MARQUEZ ANCHUNDIA CINTHIA ELIZABETH,GERENTE GENERAL,"800,00",A,A0311.01,2025,NO APLICA,NO APLICA,Armadores / pesca marítima,14
55036.0,166486,1391800568001,ECUAOCEAN S.A.,ACTIVA,06/12/2012,ANÓNIMA,ECUADOR,COSTA,MANABI,MANTA,MANTA,16 Y AV 20,1,CALLE AQUILES PAZ,CONJUNTO RESIDENCIAL RINCON DEL PALMAR,052382773,XIAOAI HE,GERENTE GENERAL,"30.400,00",A,A0311.01,2025,NO APLICA,NO APLICA,Armadores / pesca marítima,14
55263.0,166831,1391800517001,PRODUCTOS DEL REY S.A. PRODUCTREY,DISOLUCIÓN Y LIQUIDACIÓN OFICIO INSCRITA EN RM,16/01/2013,ANÓNIMA,ECUADOR,COSTA,MANABI,MANTA,MANTA,18 - 19,SN,AV 12,FLAVIO REYES,025624781,TUMBACO CEDEÑO MONSERRATE DEL JESUS,GERENTE GENERAL,"695.800,00",A,A0311.01,2020,NO APLICA,NO APLICA,Armadores / pesca marítima,8
56800.0,169148,1391804229001,NAUTICAL MASTERS ECUADOR S.A. NAUTIMASTER,DISOLUCIÓN Y LIQUIDACIÓN DE PLENO DERECHO INSC. RM,25/04/2013,ANÓNIMA,ECUADOR,COSTA,MANABI,MANTA,MANTA,AV MALECON,S/N,AV 19,CORDOBA,052623018,RODRIGUEZ TUBAY JUAN CARLOS,GERENTE GENERAL,"800,00",A,A0311.01,2015,NO APLICA,NO APLICA,Armadores / pesca marítima,3
56867.0,169235,1391803850001,MARPESCA ECUADOR S.A.,ACTIVA,15/04/2013,ANÓNIMA,ECUADOR,COSTA,MANABI,MONTECRISTI,MONTECRISTI,SN,SN,SN,,055000160,SOLIS MOSQUERA ENMANUEL MOISES,GERENTE GENERAL,"25.000,00",A,A0311.01,2025,NO APLICA,NO APLICA,Armadores / pesca marítima,13
56928.0,169323,1391804083001,PESDEMAR S.A.,ACTIVA,12/04/2013,ANÓNIMA,ECUADOR,COSTA,MANABI,MANTA,MANTA,"301, POR LA ENTRADA DE LA DATSUN AV. 4 D",351 ave 3,AV. 209,MARIA AUXILIADORA,052679121,RODRIGUEZ CEDEÑO JUAN CARLOS,GERENTE GENERAL,"800,00",A,A0311.01,2025,NO APLICA,NO APLICA,Armadores / pesca marítima,13
57520.0,170154,1391805691001,MARITMA ECUATORIAL S.A. ECUAMARITIMA,DISOLUCIÓN Y LIQUIDACIÓN OFICIO NO INSCRITA EN RM,22/05/2013,ANÓNIMA,ECUADOR,COSTA,MANABI,MANTA,MANTA,AV MALECON,SN,AV. MALECON,CORDOVA,052623699,GAMERO MUJICA ALEXANDER JOSE,GERENTE GENERAL,"330.000,00",A,A0311.01,2018,NO APLICA,NO APLICA,Armadores / pesca marítima,6
57622.0,170293,1391805381001,BRISATUN S.A.,DISOLUCIÓN Y LIQUIDACIÓN OFICIO INSCRITA EN RM,10/06/2013,ANÓNIMA,ECUADOR,COSTA,MANABI,MANTA,MANTA,17,36-13,AV. 37,LAS ACACIAS,054444444,SALAZAR PAZ Y MIÑO PATRICIO JAVIER,LIQUIDADOR,"10.000,00",A,A0311.01,2023,NO APLICA,NO APLICA,Armadores / pesca marítima,11
57982.0,170806,1391806000001,FLOSERPESCA S.A.,ACTIVA,12/06/2013,ANÓNIMA,ECUADOR,COSTA,MANABI,MANTA,MANTA,KM 8 Y MEDIO VIA A MONTECRISTI,SN,ENTRADA PRINCIPAL A LA PAOLA,,052927617,FLORES REZABALA ANDRES ALBERTO,GERENTE GENERAL,"140.800,00",C,C1020.02,2025,NO APLICA,NO APLICA,Industria: elaboración y conservación de pescado,13
58346.0,171323,1391806426001,CABOMARFISH S.A.,DISOLUCIÓN Y LIQUIDACIÓN DE PLENO DERECHO INSC. RM,24/06/2013,ANÓNIMA,ECUADOR,COSTA,MANABI,MANTA,MANTA,PRINCIPAL,S/N,DIAGONAL ESCUELA SAN JUAN BOSCO,LA PRADERA,052626146,QUIJIJE ACOSTA CARLOS STALIN,GERENTE GENERAL,"800,00",A,A0311.03,2016,NO APLICA,NO APLICA,Armadores / pesca marítima,4
58791.0,171950,1391807651001,MONMIFISH S.A.,ACTIVA,01/08/2013,ANÓNIMA,ECUADOR,COSTA,MANABI,MANTA,MANTA,CALLE 113,SN,SN,SN,052627799,LIN DEWEN,GERENTE GENERAL,"800,00",A,A0311.01,2025,NO APLICA,NO APLICA,Armadores / pesca marítima,13
59035.0,172315,1391807627001,COMPAÑÍA AL MAR PESCA ALMARPEZ S.A.,ACTIVA,13/08/2013,ANÓNIMA,ECUADOR,COSTA,MANABI,MANTA,MANTA,13 Y 14,204,AVENIDA 6,CENTRO DE MANTA,052627666,GUZMAN CEDEÑO JAVIER OLAJUWON,GERENTE GENERAL,"3.000,00",A,A0311.01,2025,NO APLICA,NO APLICA,Armadores / pesca marítima,13
59118.0,172429,1391807929001,MANJARES DEL MAR S.A. MANJAMAR,DISOLUCIÓN Y LIQUIDACIÓ DE PLENO DERECHO NO INS RM,29/08/2013,ANÓNIMA,ECUADOR,COSTA,MANABI,JARAMIJÓ,JARAMIJÓ,ALFONZO DARQUEA,401,ALAJUELA,S/N,052383503,ECHEVERRI MONSALVE DARIO,GERENTE GENERAL,"106.000,00",A,A0311.01,2014,NO APLICA,NO APLICA,Armadores / pesca marítima,2
59132.0,172449,1391807902001,PROCOPROMAR CIA. LTDA.,DISOLUCIÓN Y LIQUIDACIÓN OFICIO INSCRITA EN RM,14/08/2013,RESPONSABILIDAD LIMITADA,ECUADOR,COSTA,MANABI,MANTA,MANTA,ALBA CASTRO Y MARTHA DE ROLDOS,S/N,S/N,SAN AGUSTIN,050000000,VELEZ MIELES CAMILO LUCIANO,GERENTE GENERAL,"1.000,00",A,A0311.01,2019,NO APLICA,NO APLICA,Armadores / pesca marítima,7
59364.0,172770,1391808143001,PRODUCTOS DEL MAR PROMARIT S.A.,ACTIVA,20/08/2013,ANÓNIMA,ECUADOR,COSTA,MANABI,MANTA,MANTA,CALLE 20,SN,AVENIDA 29,LOS ALGARROBOS,052622655,VASQUEZ GILER MARISOL DE LOS ANGELES,GERENTE GENERAL,"11.153,00",C,C1020.07,2025,NO APLICA,NO APLICA,Industria: elaboración y conservación de pescado,13
59630.0,173162,1391808690001,CULTIVO DE PECES S.A. CULTIPESCA,ACTIVA,22/05/2013,ANÓNIMA,ECUADOR,COSTA,MANABI,MANTA,MANTA,4TA,S/N,BARRIO 8 DE NERO,LA ENSENADITA,052621157,MENDOZA VERA EDGAR KEITH,GERENTE GENERAL,"10.000,00",C,C1020.07,2025,NO APLICA,NO APLICA,Industria: elaboración y conservación de pescado,13
59741.0,173324,1391809522001,V&BFISH S.A.,ACTIVA,20/08/2013,ANÓNIMA,ECUADOR,COSTA,MANABI,MANTA,MANTA,14,SN,AV. 13 Y 14,CENTRO DE MANTA,052612293,VARGAS VERA JOSE FRANCISCO,GERENTE GENERAL,"2.000,00",A,A0311.01,2025,NO APLICA,NO APLICA,Armadores / pesca marítima,13
60005.0,173680,1391809336001,VERTIPEZ S.A.,DISOLUCIÓN Y LIQUIDACIÓN DE PLENO DERECHO INSC. RM,24/10/2013,ANÓNIMA,ECUADOR,COSTA,MANABI,MANTA,MANTA,13 Y AV 3,1,IGLESIA LA MERCED,,052620744,CEVALLOS VARGAS JORGE LUIS,GERENTE GENERAL,"800,00",A,A0311.01,2020,NO APLICA,NO APLICA,Armadores / pesca marítima,8
62329.0,176832,1391814968001,BLAUFISH CIA. LTDA.,ACTIVA,29/03/2014,RESPONSABILIDAD LIMITADA,ECUADOR,COSTA,MANABI,MANTA,MANTA,BARBASQUILLO,201,VIA BARBASQUILLO,S/N,052631605,YOON BRAVO TONY MIJAIL,GERENTE GENERAL,"2.000,00",A,A0311.01,2025,NO APLICA,NO APLICA,Armadores / pesca marítima,12
62427.0,176961,1391814992001,"NAMAFRU NATURAL, MARISCO Y FRUTAS S.A.S.",ACTIVA,10/04/2014,SOCIEDAD POR ACCIONES SIMPLIFICADA,ECUADOR,COSTA,MANABI,JARAMIJÓ,JARAMIJÓ,KM 5 VIA MANTA - ROCAFUERTE AL LADO DE N,S/N,AL LADO DE NIGTH CLUB PUENTE,,052922872,JIANG WANG XUEJUN,GERENTE GENERAL,"12.500,00",A,A0311.01,2025,NO APLICA,NO APLICA,Armadores / pesca marítima,12
62698.0,177304,1391815239001,EMPACADORA FRIPEZ S.A.,ACTIVA,11/04/2014,ANÓNIMA,ECUADOR,COSTA,MANABI,MANTA,MANTA,114 Y 115,1,AV 103,LAZARETO,052384918,MERO UBILLUS EDILMA FLORESMILA,PRESIDENTE,"230.800,00",A,A0311.01,2025,NO APLICA,NO APLICA,Armadores / pesca marítima,12
63390.0,178208,1391817371001,OCEAN KEY S.A. OCEANMANTA,ACTIVA,08/04/2014,ANÓNIMA,ECUADOR,COSTA,MANABI,MANTA,MANTA,Vía Aeropuerto,002,Via Aeropuerto,,052383160,CEVALLOS LOAIZA RICARDO ANDRES,PRESIDENTE,"800.000,00",A,A0311.01,2025,NO APLICA,NO APLICA,Armadores / pesca marítima,12
64093.0,179101,1391817320001,BOTE MIMORENITA4 S.A.,ACTIVA,02/07/2014,ANÓNIMA,ECUADOR,COSTA,MANABI,MANTA,MANTA,AVENIDA 34 D,1210,ENTRE CALLES 5 Y 7,SANTA MARTHA,052623106,VEGA SOLEDISPA PASCUAL TEODORO,GERENTE GENERAL,"2.000,00",A,A0311.01,2024,NO APLICA,NO APLICA,Armadores / pesca marítima,11
64395.0,179519,1391817789001,CAMARONERA DEL PACIFICO S.A. PACIFCAM,ACTIVA,26/07/2014,ANÓNIMA,ECUADOR,COSTA,MANABI,MANTA,MANTA,CALLE 13 Y 14,1323,AVENIDA 7,SECTOR CENTRAL,052680412,RAMIA AVENATTI NELSON CAMILO,GERENTE GENERAL,"2.000,00",A,A0311.01,2025,NO APLICA,NO APLICA,Armadores / pesca marítima,12
64550.0,179709,1391818254001,PROMAREC S.A.,DISOLUCIÓN Y LIQUIDACIÓN OFICIO INSCRITA EN RM,06/08/2014,ANÓNIMA,ECUADOR,COSTA,MANABI,MANTA,MANTA,CALLE 18,1842,AVENIDA 20,,052580608,,,"1.000,00",C,C1020.02,2017,NO APLICA,NO APLICA,Industria: elaboración y conservación de pescado,4
64783.0,180003,1391818343001,TUNA FISHING COMPANY ECUADOR TUFICOM C. LTDA.,DISOLUCIÓN Y LIQUIDACIÓN OFICIO INSCRITA EN RM,21/08/2014,RESPONSABILIDAD LIMITADA,ECUADOR,COSTA,MANABI,MANTA,MANTA,CALLE 28,S/N,DIAGONAL PLATINUM,UMIÑA,052610128,LOPEZ ZAMBRANO JOSE AUGUSTO,GERENTE GENERAL,"400,00",A,A0311.01,2022,NO APLICA,NO APLICA,Armadores / pesca marítima,9
65468.0,180892,1391819129001,CONSERVERATROPICAL CIA. LTDA.,ACTIVA,10/09/2014,RESPONSABILIDAD LIMITADA,ECUADOR,COSTA,MANABI,MANTA,MANTA,CALLE 126,SN,AVENIDA 106,LA SIRENA,052381010,NOTTBOHM CEVALLOS HANS GUENTHER,GERENTE GENERAL,"800,00",C,C1020.02,2025,NO APLICA,NO APLICA,Industria: elaboración y conservación de pescado,12
66421.0,182073,1391821174001,ECUFISH S.A.,DISOLUCIÓN Y LIQUIDACIÓN OFICIO NO INSCRITA EN RM,05/11/2014,ANÓNIMA,ECUADOR,COSTA,MANABI,MONTECRISTI,MONTECRISTI,TERRAZAS DEL CONDE,114,M4,,052554065,INTRIAGO LOOR GALO ESNEIDER,GERENTE GENERAL,"285.800,00",A,A0311.03,2018,NO APLICA,NO APLICA,Armadores / pesca marítima,5
66782.0,182522,1391820992001,BLAUFISHPORT CIA.LTDA.,DISOLUCIÓN Y LIQUIDACIÓN DE PLENO DERECHO INSC. RM,25/11/2014,RESPONSABILIDAD LIMITADA,ECUADOR,COSTA,MANABI,MANTA,MANTA,CALLE 17,1701,AVENIDA 36,ACACIAS,052627449,ANDRADE MOREIRA JORGE ANTONIO,GERENTE GENERAL,"800,00",A,A0311.03,2016,NO APLICA,NO APLICA,Armadores / pesca marítima,3
68187.0,205129,1391765770001,EMPACADORA MADEZA S.A.,ACTIVA,07/08/2009,ANÓNIMA,ECUADOR,COSTA,MANABI,MANTA,MANTA,AV. 26 Y CALLE MARTHA DE ROLDOS,SN,FRENTE A LA SUBJEFATURA DE TRANSITO,CLDA. LOS TAMARINDOS,052384672,DELGADO ZAMBRANO MANUEL E.,GERENTE,"800,00",C,C1020.02,2024,NO APLICA,NO APLICA,Industria: elaboración y conservación de pescado,15
68209.0,205167,1391766793001,POLARISPESCA S.A.,ACTIVA,01/10/2009,ANÓNIMA,ECUADOR,COSTA,MANABI,MANTA,MANTA,M3,S/N,DIAGONAL KFC,MURCIELAGO,052621217,AGEITOS LIJO JUAN MANUEL,PRESIDENTE,"3.000,00",A,A0311.01,2025,NO APLICA,NO APLICA,Armadores / pesca marítima,16
68225.0,205205,1391767943001,ALHO FISH S.A.,ACTIVA,06/11/2009,ANÓNIMA,ECUADOR,COSTA,MANABI,MANTA,MANTA,115,SN,AV. 201 Y AV. 202,LA PAZ,052929590,PISCO MOREIRA CARLOS MOISES,GERENTE GENERAL,"800,00",A,A0311.01,2025,NO APLICA,NO APLICA,Armadores / pesca marítima,16
68237.0,205233,1391768567001,TXOPITUNA ECUADOR CIA. LTDA.,ACTIVA,10/12/2009,RESPONSABILIDAD LIMITADA,ECUADOR,COSTA,MANABI,MANTA,MANTA,CALLE 13 A,1333,AVENIDA 3,---,052622012,CHOPITEA CANTOS JAVIER AITOR,GERENTE ADMINISTRATIVO,"2.276.000,00",A,A0311.03,2025,NO APLICA,NO APLICA,Armadores / pesca marítima,16
69051.0,301126,1391824483001,INDUSTRIA NH SIMILA NHSIMIL CIA.LTDA.,ACTIVA,07/04/2015,RESPONSABILIDAD LIMITADA,ECUADOR,COSTA,MANABI,MANTA,MANTA,Vía Manta Rocafuerte,---,Av. 6 y 7,,052389010,NUÑEZ FARAH BADDI AMED,GERENTE GENERAL,"800,00",C,C1020.06,2025,SI,27/08/2015,Industria: elaboración y conservación de pescado,11
69453.0,301695,1391827113001,TIANXINGS S.A.,ACTIVA,16/06/2015,ANÓNIMA,ECUADOR,COSTA,MANABI,MANTA,MANTA,113,19,MANZANA I,,052924875,WENG WENPING,GERENTE GENERAL,"2.000,00",A,A0311.01,2025,SI,01/08/2015,Armadores / pesca marítima,11
70327.0,302853,1391832230001,PESQUERA MACÍAS & DELGADO PESMACDEL S.A.,DISOLUCIÓN Y LIQUIDACIÓN DE PLENO DERECHO INSC. RM,11/11/2015,ANÓNIMA,ECUADOR,COSTA,MANABI,MANTA,MANTA,SAN JUAN DE MANTA,00,S/N MANZANA,SAN JUAN DE MANTA,052627673,MACIAS MARQUEZ NEXAR ANTONIO,GERENTE GENERAL,"800,00",A,A0311.03,2018,SI,13/05/2016,Armadores / pesca marítima,4
70400.0,302954,1391832915001,PESQUERA EDUALPA S.A.,DISOLUCIÓN Y LIQUIDACIÓN DE PLENO DERECHO INSC. RM,07/12/2015,ANÓNIMA,ECUADOR,COSTA,MANABI,MANTA,MANTA,18 Y 19,S/N,AVENIDA 12,FLAVIO REYES,55003180,MERA CEDEÑO EDUARDO SALVADOR,PRESIDENTE,"900,00",A,A0311.03,2020,SI,30/05/2016,Armadores / pesca marítima,6
70774.0,303395,1391834918001,EXPORTADORA DE PRODUCTOS DEL MAR FRESCO Y CONGELADO EXPROFRESCO S.A.,DISOLUCIÓN Y LIQUIDACIÓN OFICIO INSCRITA EN RM,23/02/2016,ANÓNIMA,ECUADOR,COSTA,MANABI,MANTA,MANTA,VIA MANTA JARAMIJO,S/N,SANTA CECILIA,LOTIZACIÒN SANTA CECILIA EN LA VIA MANTA,052920000,CEVALLOS MOREIRA LIDER HONORIO,PRESIDENTE,"800,00",A,A0311.03,2020,SI,07/04/2017,Armadores / pesca marítima,5
70829.0,303460,1391835043001,INDUSTRIA ATUNERA ARRECIFES-MARINOS S.A.,DISOLUCIÓN Y LIQUIDACIÓN OFICIO INSCRITA EN RM,26/02/2016,ANÓNIMA,ECUADOR,COSTA,MANABI,MANTA,MANTA,Calle 120,S/N,Calle 102,Los esteros,056053010,HURTADO ANGEL WILLIAM,PRESIDENTE,"800,00",C,C1020.04,2020,SI,17/06/2016,Industria: elaboración y conservación de pescado,5
71468.0,304164,1391837453001,HAITANXIN S.A.,DISOLUCIÓN Y LIQUIDACIÓN OFICIO INSCRITA EN RM,31/05/2016,ANÓNIMA,ECUADOR,COSTA,MANABI,MANTA,MANTA,VIA MANTA ROCAFUERTE,VILLA 3,frente al imperio,LOS ESTEROS,052622655,HUACHISACA VERA JORGE ENRIQUE,GERENTE GENERAL,"800,00",A,A0311.01,2017,SI,18/04/2017,Armadores / pesca marítima,2
71630.0,304351,1391838247001,''PROCESADORA Y EXPORTADORA'' ''PROQUI PROSECMAR'' PROCESEMAR SOCIEDAD ANÓNIMA,DISOLUCIÓN Y LIQUIDACIÓN DE PLENO DERECHO INSC. RM,21/06/2016,ANÓNIMA,ECUADOR,COSTA,MANABI,MANTA,MANTA,VIA AEROPUERTO,SN,VIA EL AEROPUERTO,LAS COLINAS,056050785,OUIROZ AGUAYO EMILIO RAFAEL,GERENTE GENERAL,"800,00",C,C1020.02,2016,SI,06/09/2017,Industria: elaboración y conservación de pescado,1
71714.0,304446,1391838689001,PESCA DEL OCÉANO PESCAOCEAN S.A.,DISOLUCIÓN Y LIQUIDACIÓN OFICIO INSCRITA EN RM,04/07/2016,ANÓNIMA,ECUADOR,COSTA,MANABI,MANTA,MANTA,AVENIDA 4 NUMERO 1255 Y CALLE 13,1255,DIAGONAL A IGLESIA LA MERCED,CENTRO DE MANTA,052625854,MOLINA AYESA JAIME LUIS,GERENTE GENERAL,"100.000,00",A,A0311.01,2022,SI,06/09/2016,Armadores / pesca marítima,7
71867.0,304626,1391839936001,RODRIGUEZ & GONZENBACH GOMPI S.A.,DISOLUCIÓN Y LIQUIDACIÓN DE PLENO DERECHO INSC. RM,26/07/2016,ANÓNIMA,ECUADOR,COSTA,MANABI,MANTA,MANTA,MZ G VILLA 160 G2,G 160,,TARQUI,056054108,RODRIGUEZ GONZENBACH JOHANNA MARIA,GERENTE GENERAL,"801,00",A,A0311.01,,NO,,Armadores / pesca marítima,0
72445.0,305275,1391843976001,XLPESCA S.A.,INACTIVA,18/10/2016,ANÓNIMA,ECUADOR,COSTA,MANABI,MANTA,MANTA,24 de Mayo,S/N,Avenida 7,,055003208,GARCIA CAZARES CAROLINA ELIZABETH,PRESIDENTE,"800,00",A,A0311.01,2025,SI,22/03/2017,Armadores / pesca marítima,10
73463.0,306408,1391850859001,SEA&LAND COMERCIO E INVERSIONES MARINAS S.A.,ACTIVA,07/03/2017,ANÓNIMA,ECUADOR,COSTA,MANABI,MANTA,MANTA,AVENIDA 4,1047,CALLE 10 y 11,,052651055,BARBERAN ALAVA JOSE LUIS,GERENTE GENERAL,"4.000,00",A,A0311.01,2025,SI,27/06/2017,Armadores / pesca marítima,9
73464.0,306409,1391850867001,WORLD FISH AND SEAFOOD PROCESADORA Y COMERCIALIZADORA ''WORLDFISH'' COMPAÑIA ANÓNIMA,ACTIVA,07/03/2017,ANÓNIMA,ECUADOR,COSTA,MANABI,MANTA,MANTA,27,S/N,AV. 35,UMIÑA,055004047,FIGUEROA QUIÑONEZ CARMEN GINA,GERENTE GENERAL,"1.000,00",A,A0311.01,2025,SI,19/06/2018,Armadores / pesca marítima,9
73537.0,306489,1391851138001,LOGISTIC CONTAINER & TRANSPORT ECUADOR IMPORTADORA Y EXPORTADORA LCTE S.A.,ACTIVA,20/03/2017,ANÓNIMA,ECUADOR,COSTA,MANABI,MANTA,MANTA,CALLE 23,SN,ENTRE CALLE M2 Y M3,,052928704,FLORES PEÑAFIEL DAVID EDUARDO,GERENTE GENERAL,"500.800,00",A,A0311.01,2025,SI,08/05/2019,Armadores / pesca marítima,9
73954.0,306970,1391853394001,FISHCHOEZ&VILLEGAS EXPORTADORA DE PRODUCTOS DE MAR FISH CHOEZ & VILLEGAS S.A.,DISOLUCIÓN Y LIQUIDACIÓN OFICIO INSCRITA EN RM,25/05/2017,ANÓNIMA,ECUADOR,COSTA,MANABI,MANTA,MANTA,J2,123,J12 Y J14,JOCAY,052450404,VILLEGAS PADILLA HIPOLITO FIDEL,PRESIDENTE,"800,00",A,A0311.01,2019,SI,30/06/2017,Armadores / pesca marítima,3
74009.0,307031,1391853777001,EMPACADORA DE PRODUCTOS DEL MAR ZAMBRANO & MACIAS RODAVICMAR S.A.,ACTIVA,01/06/2017,ANÓNIMA,ECUADOR,COSTA,MANABI,MANTA,MANTA,MARTHA DE ROLDOS,SN,SN,SAN AGUSTIN,052384672,ZAMBRANO ALAVA YESICA YOMAIRA,PRESIDENTE,"800,00",C,C1020.02,2025,SI,28/04/2018,Industria: elaboración y conservación de pescado,9
74019.0,307043,1391853971001,PESQUERA Y FRIGORIFICOS POSLIGUA PYFP PESFRI CIA.LTDA.,ACTIVA,05/06/2017,RESPONSABILIDAD LIMITADA,ECUADOR,COSTA,MANABI,JARAMIJÓ,JARAMIJÓ,CALLE CF,B6,Y CALLEJON FB,SAN MARTIN,052608020,POSLIGUA QUIJIJE DARWIN ORLANDO,PRESIDENTE,"400,00",A,A0311.01,2025,SI,24/04/2018,Armadores / pesca marítima,9
74056.0,307087,1391854137001,EMPACADORA MKF MARK FISH S.A.,ACTIVA,06/06/2017,ANÓNIMA,ECUADOR,COSTA,MANABI,MANTA,MANTA,10,S/N,AVENIDA 24,,056053819,ALCIVAR VIZCAINO ALEX MAURICIO,PRESIDENTE,"800,00",C,C1020.04,2025,SI,30/04/2018,Industria: elaboración y conservación de pescado,9
74130.0,307175,1391854676001,COVE PROMAR COMPRA Y VENTA DE PRODUCTOS DEL MAR COVEPROMAR S.A.,DISOLUCIÓN Y LIQUIDACIÓN OFICIO INSCRITA EN RM,14/06/2017,ANÓNIMA,ECUADOR,COSTA,MANABI,MANTA,MANTA,VIA BARBASQUILLO,0,DIAGONAL AL HOTEL BARBASQUILLO,BARBASQUILLO,052678899,CORRAL DAZA ANGELINA RACHELE,PRESIDENTE,"165.800,00",A,A0311.01,2021,SI,26/06/2018,Armadores / pesca marítima,5
74685.0,307815,1391857233001,PESCAPECES S.A.,DISOLUCIÓN Y LIQUIDACIÓN OFICIO INSCRITA EN RM,10/08/2017,ANÓNIMA,ECUADOR,COSTA,MANABI,MANTA,MANTA,17,36-13,AV 37,LAS ACACIAS,056666666,SALAZAR PAZ Y MIÑO PATRICIO JAVIER,LIQUIDADOR,"1.692.000,00",A,A0311.01,2024,SI,17/10/2017,Armadores / pesca marítima,8
74935.0,308100,1391858841001,GUANWANG S.A.,DISOLUCIÓN Y LIQUIDACIÓN OFICIO INSCRITA EN RM,11/09/2017,ANÓNIMA,ECUADOR,COSTA,MANABI,MANTA,MANTA,AVENIDA 113,19,I,,052924402,HUANG JIE,PRESIDENTE,"2.000,00",A,A0311.01,2019,SI,03/05/2018,Armadores / pesca marítima,3
74991.0,308161,1391859139001,BARAKA SA EMPRESA DE COMERCIALIZACION EXPORTACIONES E IMPORTACIONES DE PESCA BARAKAFISHCORP S.A.,DISOLUCIÓN Y LIQUIDACIÓN OFICIO INSCRITA EN RM,21/09/2017,ANÓNIMA,ECUADOR,COSTA,MANABI,MANTA,MANTA,PRINCIPAL SIN NOMBRE,1,LAS CUMBRES,LAS CUMBRES,052920555,VERA ZAMBRANO LISBETH ROSARIO,PRESIDENTE,"800,00",A,A0311.01,2021,SI,19/11/2018,Armadores / pesca marítima,5
75742.0,308992,1391865147001,COMERCIALIZADORA Y TRANSPORTE RASAMFISH COM&TRANS RASAMFISH RASAMFISH COMPAÑIA DE RESPONSABILIDAD LIMITADA,ACTIVA,08/01/2018,RESPONSABILIDAD LIMITADA,ECUADOR,COSTA,MANABI,MANTA,MANTA,P,052582892,ENTRE AVENIDAS P1 Y P2,LA PRADERA,052582892,SOLIS BRAVO HUGO ALFONSO,PRESIDENTE,"1.000,00",C,C1020.02,2025,SI,09/07/2019,Industria: elaboración y conservación de pescado,8
75782.0,309035,1391865376001,DISTRIBUIDORA PROCESADORA DE PESCA DISPROPESCA S.A.,ACTIVA,08/01/2018,ANÓNIMA,ECUADOR,COSTA,MANABI,MANTA,MANTA,CDLA. MONTERREY CALLE ROSA EDILIA,0000,CALLE ROSA EDILMA,,052678616,AGUDO PABLO MARIA TERESA,PRESIDENTE,"20.800,00",A,A0311.01,2025,SI,24/08/2018,Armadores / pesca marítima,8
76285.0,309585,1391868618001,SOLORZANO & AVILA EXPORTADORA DEL MAR EVVERFISH S.A.,ACTIVA,02/03/2018,ANÓNIMA,ECUADOR,COSTA,MANABI,MANTA,MANTA,CALLE Nº. 120,1234,AVENIDA Nº. 108,,052381233,SOLORZANO AVILA DOMENICA GISELLE,PRESIDENTE,"800,00",A,A0311.01,2023,SI,16/04/2018,Armadores / pesca marítima,6
77544.0,310962,1391875177001,MARFISHING CÍA. LTDA. COMPAÑIA DE RESPONSABILIDAD LIMITADA,DISOLUCIÓN Y LIQUIDACIÓN OFICIO INSCRITA EN RM,13/07/2018,RESPONSABILIDAD LIMITADA,ECUADOR,COSTA,MANABI,MANTA,MANTA,Calle: AV. 108,00,124,BARRIO LA FLORITA,052222222,ESPINAL BENITEZ ENRIQUE EUGENIO,PRESIDENTE,"800,00",A,A0311.01,2019,SI,26/11/2020,Armadores / pesca marítima,2
77734.0,311172,1391876327001,CORPORACION VJX S.A.,ACTIVA,06/08/2018,ANÓNIMA,ECUADOR,COSTA,MANABI,MANTA,MANTA,Calle U10,Calle U10,Avenidas 6 y 7,Ciudadela Universitaria,052679992,JONIAUX JURADO OLGA LISSETTE,PRESIDENTE,"800,00",C,C1020.02,2025,SI,04/09/2018,Industria: elaboración y conservación de pescado,8
77907.0,311358,1391877293001,TUNA QUEEN TUQUEEN S.A.,ACTIVA,23/08/2018,ANÓNIMA,ECUADOR,COSTA,MANABI,MANTA,MANTA,S/N,VILLA 4,S/N,,052318588,DIAZ VAZQUEZ JORGE FRANCISCO,GERENTE GENERAL,"800,00",A,A0311.03,2025,SI,11/12/2023,Armadores / pesca marítima,8
78132.0,311606,1391878605001,YESMAR S.A.,ACTIVA,17/09/2018,ANÓNIMA,ECUADOR,COSTA,MANABI,JARAMIJÓ,JARAMIJÓ,PRINCIPAL,702,SECTOR MAR ABIERTO,San Pedro,052000000,ALONZO CALDERON CARLOS ARTURO,GERENTE GENERAL,"5.000,00",A,A0311.01,2025,SI,03/12/2019,Armadores / pesca marítima,8
79375.0,312950,1391897529001,BLUE-TRADING S.A.,ACTIVA,28/01/2019,ANÓNIMA,ECUADOR,COSTA,MANABI,MANTA,MANTA,VIA SAN MATEO,OFICINA 05,CENTRO COMERCIAL LA PLAZA BEACH,VIA SAN MATEO,052578761,PALMA ZAMBRANO WENDY NATHALIE,PRESIDENTE,"800,00",A,A0311.01,2025,SI,09/03/2020,Armadores / pesca marítima,7
79958.0,313585,1391900767001,GIGAPESCA CIA.LTDA.,ACTIVA,04/04/2019,RESPONSABILIDAD LIMITADA,ECUADOR,COSTA,MANABI,MANTA,MANTA,CALLE LAS ACACIAS,311,CALLEJON TRAS COCA COLA,ENTREVIAS,052927703,LOPEZ MEDINA LENIN RODRIGO,PRESIDENTE,"400,00",A,A0311.01,2025,SI,30/06/2020,Armadores / pesca marítima,7
80723.0,314426,1391904029001,SUR TUNA SURTUNA S.A.,ACTIVA,09/05/2019,ANÓNIMA,ECUADOR,COSTA,MANABI,MANTA,MANTA,CALLE U7,S/N,U2,,052388126,DOMINGUEZ VERA JOSE RUBEN,PRESIDENTE,"660.800,00",A,A0311.01,2025,SI,12/07/2019,Armadores / pesca marítima,7
80852.0,314560,1391904592001,MEREUFE S.A.,DISOLUCIÓN Y LIQUIDACIÓN OFICIO INSCRITA EN RM,28/06/2019,ANÓNIMA,ECUADOR,COSTA,MANABI,MANTA,MANTA,CALLE 304,40,AV. 222,INTERBARRIAL,052564204,CEDEÑO MERCEDES EUFEMIA,GERENTE GENERAL,"2.000,00",A,A0311.01,,NO,,Armadores / pesca marítima,0
81372.0,315116,1391906439001,SANPRODUCMAR S.A.,DISOLUCIÓN Y LIQUIDACIÓN OFICIO INSCRITA EN RM,13/08/2019,ANÓNIMA,ECUADOR,COSTA,MANABI,MANTA,MANTA,calle13,S/N,av.26,centro,052652204,SANTOS ZAMBRANO LUIS MIGUEL,GERENTE GENERAL,"800,00",A,A0311.01,2021,SI,11/09/2019,Armadores / pesca marítima,3
81766.0,315542,1391907893001,PESCA INDUSTRIALIZACION Y EXPORTACION PESINEX S.A.,ACTIVA,17/09/2019,ANÓNIMA,ECUADOR,COSTA,MANABI,MANTA,MANTA,LA LORENA,5,F,La Lorena,051234567,MORAN MENDOZA CARLOS ROLANDO,GERENTE GENERAL,"800,00",A,A0311.01,2025,SI,28/06/2020,Armadores / pesca marítima,7
81875.0,315660,1391908326001,INDUSTRIA BIOACUATICA DEL PACIFICO SA IBP S.A.,ACTIVA,25/09/2019,ANÓNIMA,ECUADOR,COSTA,MANABI,MANTA,MANTA,SN,SN,SN,VILLAMARINA,052380976,RODRIGUEZ VELEZ PATRICIA ELIZABETH,PRESIDENTE,"10.000,00",C,C1020.06,2025,SI,14/11/2019,Industria: elaboración y conservación de pescado,7
87159.0,321436,1391922736001,SHRIMPSOCIETY S.A.,ACTIVA,12/02/2021,ANÓNIMA,ECUADOR,COSTA,MANABI,MANTA,MANTA,6,S/N,6,,052381382,CORREA CEDEÑO LUIS MIGUEL,GERENTE GENERAL,"800,00",C,C1020.03,2025,SI,05/05/2021,Industria: elaboración y conservación de pescado,5
88247.0,322631,1391924585001,TUNABEACH FRONT S.A.,ACTIVA,12/04/2021,ANÓNIMA,ECUADOR,COSTA,MANABI,MANTA,MANTA,avenida 14,s/n,calle 30,MANTA,052624430,BENINCASA AZUA LUIGI ANTONIO,GERENTE GENERAL,"800,00",A,A0311.03,2025,SI,20/04/2023,Armadores / pesca marítima,5
89002.0,323449,1391925301001,PESQUERA ECUATUNA S.A.,ACTIVA,17/05/2021,ANÓNIMA,ECUADOR,COSTA,MANABI,MANTA,MANTA,S/D,VILLA 30,S/D,,052921761,ZAMBRANO DIAZ YOLANDA DISNEY,GERENTE GENERAL,"5.000,00",A,A0311.01,2025,SI,23/05/2022,Armadores / pesca marítima,5
89132.0,323587,1391925611001,CAPIFISH S.A.,ACTIVA,19/05/2021,ANÓNIMA,ECUADOR,COSTA,MANABI,MANTA,MANTA,U11,SD,U2,,052678769,DOMINGUEZ VERA JOSE RUBEN,PRESIDENTE,"1.000,00",A,A0311.01,2025,SI,03/06/2021,Armadores / pesca marítima,5
89480.0,323972,1391926189001,TUNAAUGERE S.A.,ACTIVA,02/06/2021,ANÓNIMA,ECUADOR,COSTA,MANABI,MANTA,MANTA,M3,s/n,Avenida 24,PERPETUO SOCORRO,052389010,NUÑEZ MARQUEZ GUSTAVO VINICIO,GERENTE GENERAL,"800,00",A,A0311.01,2025,SI,27/06/2022,Armadores / pesca marítima,5
89481.0,323973,1391926197001,FORTETUNA S.A.,ACTIVA,02/06/2021,ANÓNIMA,ECUADOR,COSTA,MANABI,MANTA,MANTA,M3,s/n,Calle 24,PERPETUO SOCORRO,052389010,NUÑEZ MARQUEZ GUSTAVO VINICIO,GERENTE GENERAL,"800,00",A,A0311.01,2025,SI,27/06/2022,Armadores / pesca marítima,5
91286.0,325989,1391929501001,FISHOLTMANT CIA.LTDA.,ACTIVA,02/08/2021,RESPONSABILIDAD LIMITADA,ECUADOR,COSTA,MANABI,MANTA,MANTA,310,S/N,AVENIDA 202,SN,052923767,ALVARADO MOREIRA JORGE FERNANDO,GERENTE GENERAL,"1.600,00",C,C1020.02,2025,SI,03/03/2022,Industria: elaboración y conservación de pescado,5
91883.0,326644,1391930550001,CONSERLUJAZ MANTA S.A.,ACTIVA,30/08/2021,ANÓNIMA,ECUADOR,COSTA,MANABI,MANTA,MANTA,27  Y AV FLAVIO REYES,SN,ESQ BARRIO UMIÑA,,052626415,ALAVA AVILA MERCY MORAYMA,GERENTE GENERAL,"800,00",A,A0311.01,2025,SI,12/04/2022,Armadores / pesca marítima,5
94031.0,329027,1391931919001,PESQUERA-TRANSOCEANICA S.A.S.,ACTIVA,22/11/2021,SOCIEDAD POR ACCIONES SIMPLIFICADA,ECUADOR,COSTA,MANABI,MANTA,MANTA,VIA MANTA SAN MATEO,SN,SN,Los Gavilanes,052382799,PALMA BENAVIDES JORGE ROBERTO,GERENTE GENERAL,"10.000,00",A,A0311.01,2022,SI,23/04/2022,Armadores / pesca marítima,2
94239.0,329258,1391931935001,SERVICIOS PESQUEROS Y CONEXAS DE GENNA LOURIDO SERPEDG S.A.S.,ACTIVA,29/11/2021,SOCIEDAD POR ACCIONES SIMPLIFICADA,ECUADOR,COSTA,MANABI,MANTA,MANTA,URB. PEDRO BALDA,SN,AVENIDA FLAVIO REYES,,052622156,LASCANO INTRIAGO LUIS MIGUEL,GERENTE GENERAL,"1.000,00",A,A0311.01,2025,SI,03/06/2022,Armadores / pesca marítima,5
95357.0,330490,1391932107001,DIMARPESCA S.A.,ACTIVA,11/01/2022,ANÓNIMA,ECUADOR,COSTA,MANABI,MANTA,MANTA,u1,s/n,U4,,052450045,SANTANA BRIONES MARIA JOSE,GERENTE GENERAL,"1.000,00",A,A0311.01,2025,SI,04/10/2022,Armadores / pesca marítima,4
95392.0,330529,1391932097001,MOLTUNA S.A.S.,ACTIVA,12/01/2022,SOCIEDAD POR ACCIONES SIMPLIFICADA,ECUADOR,COSTA,MANABI,MANTA,MANTA,AV. 28,S/N,CALLE FLAVIO REYES,LOS ALGARROBOS,052611548,MOLINA FLORES FERNANDO MIGUEL,PRESIDENTE,"1.200,00",A,A0311.03,2025,SI,09/10/2024,Armadores / pesca marítima,4
95701.0,330884,1391932127001,GILCOR S.A.S.,ACTIVA,21/01/2022,SOCIEDAD POR ACCIONES SIMPLIFICADA,ECUADOR,COSTA,MANABI,MANTA,MANTA,CALLE 10 AV. 28,SN,CASA ESQUINERA,,052627196,CORONEL NAVARRETE ALLISSON YOCASTTA,GERENTE GENERAL,"800,00",C,C1020.06,2025,SI,28/04/2024,Industria: elaboración y conservación de pescado,4
98076.0,333514,1391932400001,SEAFOOD INVESTMENT S.A.S.,ACTIVA,31/03/2022,SOCIEDAD POR ACCIONES SIMPLIFICADA,ECUADOR,COSTA,MANABI,MANTA,MANTA,AV. M1,S/N,CALLE 23,,052620000,MEYTHALER SANDOVAL CARLOS FRANCISCO,GERENTE GENERAL,"1.000,00",A,A0311.01,2023,SI,01/03/2023,Armadores / pesca marítima,2
100025.0,335653,1391932632001,BIGTUNA S.A.,ACTIVA,06/06/2022,ANÓNIMA,ECUADOR,COSTA,MANABI,MANTA,MANTA,U7,SN,AVENIDA U2,CIUDADELA UNIVERSITARIA,052678769,DOMINGUEZ VERA JOSE RUBEN,PRESIDENTE,"701.000,00",A,A0311.01,2025,SI,01/07/2022,Armadores / pesca marítima,4
103500.0,339478,1391933055001,DIST. OF FISH GARCIA S.A.S.,ACTIVA,23/09/2022,SOCIEDAD POR ACCIONES SIMPLIFICADA,ECUADOR,COSTA,MANABI,MANTA,MANTA,CIUDADELA URBIRRIOS,S/N,S/N,,052582903,GARCIA PACHECO WILTON GABRIEL,GERENTE GENERAL,"1.000,00",A,A0311.01,2025,SI,22/11/2022,Armadores / pesca marítima,4
104278.0,340330,1391933160001,NEGOCIOS DEL REY NEREY S.A.S.,DISOLUCIÓN Y LIQUIDACIÓN DE PLENO DERECHO INSC. RM,18/10/2022,SOCIEDAD POR ACCIONES SIMPLIFICADA,ECUADOR,COSTA,MANABI,MANTA,MANTA,CARRETERO A SAN MATEO,SD,SIN CALLE SECUNDARIA,,,ZAMBRANO MEDRANDA HAROLD RODRIGO,GERENTE GENERAL,"100,00",C,C1020.02,,NO,,Industria: elaboración y conservación de pescado,0
105132.0,341265,1391933443001,CHCM FISHING COMPANY S.A.,ACTIVA,10/11/2022,ANÓNIMA,ECUADOR,COSTA,MANABI,MANTA,MANTA,Ciudadela Las Brisas,4,Solar 2,,052230147,MACIAS MOREIRA MICHEL MARLON,PRESIDENTE,"800,00",A,A0311.03,2025,SI,20/10/2023,Armadores / pesca marítima,4
106845.0,343136,1391934129001,FISHLOGIST DEL ECUADOR S.A.S.,ACTIVA,11/01/2023,SOCIEDAD POR ACCIONES SIMPLIFICADA,ECUADOR,COSTA,MANABI,MANTA,MANTA,Urbanización Álamos,Casa 37,Ruta de Spondylus,,056971138,GONZENBACH FERNANDES KARLA PAOLA,GERENTE GENERAL,"200.100,00",A,A0311.01,2025,SI,11/04/2023,Armadores / pesca marítima,3
108736.0,345333,1391934490001,"EMPACADORA DEL SUR ""EMPACSUR"" S.A.S.",ACTIVA,02/03/2023,SOCIEDAD POR ACCIONES SIMPLIFICADA,ECUADOR,COSTA,MANABI,MANTA,MANTA,120 Y AV 102,S/N,AV 102,,051234567,HURTADO CERON JULIO CESAR,GERENTE GENERAL,"5.000,00",C,C1020.02,,NO,,Industria: elaboración y conservación de pescado,0
109414.0,346070,1391934568001,MOLE FISH S.A.S.,ACTIVA,20/03/2023,SOCIEDAD POR ACCIONES SIMPLIFICADA,ECUADOR,COSTA,MANABI,MANTA,MANTA,CALLE 112,S/N,AVE 103,CANITA JR,052624827,LOPEZ PARRALES CARLOS ALBERTO,PRESIDENTE,"800,00",A,A0311.01,2025,SI,01/08/2023,Armadores / pesca marítima,3
110584.0,347362,1391934727001,SEASCORPP S.A.S.,ACTIVA,20/04/2023,SOCIEDAD POR ACCIONES SIMPLIFICADA,ECUADOR,COSTA,MANABI,JARAMIJÓ,JARAMIJÓ,MAR DE BALBOA,7,R,,052594445,MARTINEZ HIDALGO PAUL ANDRES,PRESIDENTE,"100,00",C,C1020.01,,NO,,Industria: elaboración y conservación de pescado,0
111860.0,348738,1391934893001,PESCAGRI S.A.S.,ACTIVA,24/05/2023,SOCIEDAD POR ACCIONES SIMPLIFICADA,ECUADOR,COSTA,MANABI,MANTA,MANTA,Calle universitaria 10,c.32,Avenida Universitaria 2,,052627025,TERAN MONTALVAN ERNESTO FABRICIO,PRESIDENTE,"30.000,00",A,A0311.01,,NO,,Armadores / pesca marítima,0
113067.0,350020,1391935034001,EMPACADOS DEL MAR S.A.S.,ACTIVA,22/06/2023,SOCIEDAD POR ACCIONES SIMPLIFICADA,ECUADOR,COSTA,MANABI,MANTA,MANTA,S/N,S/N,S/N,,052380799,GALLEGO GOMEZ JORGE EDUARDO,GERENTE GENERAL,"1.000,00",A,A0311.01,2025,SI,24/03/2025,Armadores / pesca marítima,3
113265.0,350230,1391935052001,PROVEPEC S.A.S.,ACTIVA,27/06/2023,SOCIEDAD POR ACCIONES SIMPLIFICADA,ECUADOR,COSTA,MANABI,MANTA,MANTA,El coral,s/n,Urbanización Ciudad del Mar,,052677616,FERNANDEZ COELLO ALEJANDRO JAVIER,GERENTE GENERAL,"10.000,00",A,A0311.01,2025,SI,18/12/2024,Armadores / pesca marítima,3
113907.0,350936,1391935136001,MARESFISH S.A.S.,ACTIVA,12/07/2023,SOCIEDAD POR ACCIONES SIMPLIFICADA,ECUADOR,COSTA,MANABI,MANTA,MANTA,j,1,avenida 293,5 de agosto,052222222,PEÑAFIEL PARRALES CRISTOPHER ELVIS,PRESIDENTE,"50,00",A,A0311.01,2025,SI,15/04/2025,Armadores / pesca marítima,3
114182.0,351233,1391935171001,CAJON EC S.A.,ACTIVA,11/07/2023,ANÓNIMA,ECUADOR,COSTA,MANABI,MANTA,MANTA,VIA A SAN JUAN,SN,VIA A SAN JUAN,,052627874,CANTOS YANEZ ORAZIO GIACOMO,GERENTE GENERAL,"800,00",A,A0311.01,2025,SI,11/08/2023,Armadores / pesca marítima,3
114810.0,351920,1391935247001,CBVE S.A.S.,ACTIVA,03/08/2023,SOCIEDAD POR ACCIONES SIMPLIFICADA,ECUADOR,COSTA,MANABI,MANTA,MANTA,AVENIDA 12,SN,CALLE 8,,052000000,VILLACIS ESTRADA CARLOS BERNARDO,GERENTE GENERAL,"50,00",C,C1020.02,2025,SI,27/04/2024,Industria: elaboración y conservación de pescado,3
115551.0,352723,1391935323001,PACIFICOFISH S.A.,ACTIVA,22/08/2023,ANÓNIMA,ECUADOR,COSTA,MANABI,MANTA,MANTA,310,SN,AV 227,,052000000,CUZME HOLGUIN ANTHONY FABRICIO,GERENTE GENERAL,"1.000,00",A,A0311.01,2025,SI,21/09/2023,Armadores / pesca marítima,3
115629.0,352807,1391935334001,BLUEOCEANTEC S.A.,ACTIVA,23/08/2023,ANÓNIMA,ECUADOR,COSTA,MANABI,MANTA,MANTA,principal,1,urbanización puerto sol 1,urbanización puerto sol 1,059931264,WENG WENPING,GERENTE GENERAL,"800,00",A,A0311.01,2025,SI,30/04/2025,Armadores / pesca marítima,3
116369.0,353593,1391935403001,AG3 GOLD COMPANY S.A.,ACTIVA,11/09/2023,ANÓNIMA,ECUADOR,COSTA,MANABI,MANTA,MANTA,SAN JUAN DE MANTA,SN,DIAGONAL A CEMENTERIO JARDINES DEL EDEN,,053700945,SANCHO ALFONSO ANTONIO MANUEL,GERENTE GENERAL,"1.000,00",C,C1020.02,2025,SI,29/04/2024,Industria: elaboración y conservación de pescado,3
116781.0,354037,1391935452001,GALAPAGOS ECOFISH FISHGALA CIA.LTDA.,ACTIVA,16/08/2023,RESPONSABILIDAD LIMITADA,ECUADOR,COSTA,MANABI,MANTA,MANTA,11 y 12,11-40,Av. 18,CENTRO,052626656,SILVA PARRALES FRANCISCO MEDARDO,PRESIDENTE,"10.000,00",A,A0311.01,2025,SI,13/10/2023,Armadores / pesca marítima,3
117096.0,354389,1391935490001,ALDAN PACIFIC ECUADOR S.A.S.,ACTIVA,29/09/2023,SOCIEDAD POR ACCIONES SIMPLIFICADA,ECUADOR,COSTA,MANABI,MANTA,MANTA,CALLE 4,S/N,AV. 1 Y CALLE 1,LA ENSENADITA,052621157,PEROTTI COELLO GIAN SANDRO,PRESIDENTE,"500.000,00",A,A0311.01,2025,SI,08/11/2023,Armadores / pesca marítima,3
117117.0,354413,1391935494001,ATUNES DEL PACIFICO ATUNPAC S.A.S.,ACTIVA,29/09/2023,SOCIEDAD POR ACCIONES SIMPLIFICADA,ECUADOR,COSTA,MANABI,MANTA,MANTA,calle 20 avenida 35,s/n,diagonal al colegio 4 de noviembre,Algarrobos,052380642,VELASQUEZ PITA EDDY ALEJANDRO,GERENTE GENERAL,"200,00",A,A0311.01,2025,SI,13/03/2024,Armadores / pesca marítima,3
117516.0,354850,1391935535001,MECY S.A.S.,ACTIVA,11/10/2023,SOCIEDAD POR ACCIONES SIMPLIFICADA,ECUADOR,COSTA,MANABI,MANTA,MANTA,C.32,102,Calle Universidad 8 y 7,,,LUNA ROMERO CARLOS EDUARDO,GERENTE GENERAL,"600.000,00",A,A0311.03,,NO,,Armadores / pesca marítima,0
117632.0,354976,1391935544001,ZAMPA PESCA ZAMPESGROUP S.A.S.,ACTIVA,14/10/2023,SOCIEDAD POR ACCIONES SIMPLIFICADA,ECUADOR,COSTA,MANABI,MANTA,MANTA,AV. UMIÑA 2,965,VIA BARBASQUILLO,UMIÑA,056005862,ZAMBRANO MENDOZA DAYSI PATRICIA,GERENTE GENERAL,"100,00",A,A0311.01,2024,SI,24/05/2024,Armadores / pesca marítima,2
121009.0,358606,1391935923001,PRODUCTOS Y MARISCOS BSM S.A.S.,ACTIVA,16/01/2024,SOCIEDAD POR ACCIONES SIMPLIFICADA,ECUADOR,COSTA,MANABI,MANTA,MANTA,Calle 13,SN,Avenida 11,,052677462,REYES NAVARRO YOLANDA JAMILETH,GERENTE GENERAL,"800,00",C,C1020.02,2024,SI,14/02/2024,Industria: elaboración y conservación de pescado,1
121181.0,358791,1391935934001,BELOUVE S.A.S.,ACTIVA,19/01/2024,SOCIEDAD POR ACCIONES SIMPLIFICADA,ECUADOR,COSTA,MANABI,MANTA,MANTA,4,SN,SN,LA ENSENADITA,052318805,CALERO VELASCO JUAN CARLOS,PRESIDENTE,"1.000,00",A,A0311.01,2025,SI,14/02/2024,Armadores / pesca marítima,2
123961.0,361759,1391936187001,MARYTUNA S.A.,ACTIVA,15/03/2024,ANÓNIMA,ECUADOR,COSTA,MANABI,MANTA,MANTA,"AV MALECON, FRENTE KFC",1106,FRENTE A KFC,,052000000,CEVALLOS ALVAREZ MARIANELA ESTEFANIA,PRESIDENTE,"1.000,00",A,A0311.01,2025,SI,08/07/2024,Armadores / pesca marítima,2
124449.0,362271,1391936221001,POZWILLJ S.A.S.,ACTIVA,04/04/2024,SOCIEDAD POR ACCIONES SIMPLIFICADA,ECUADOR,COSTA,MANABI,MONTECRISTI,MONTECRISTI,COLORADO,SN,PARROQUIA COLORADO,,052123123,PONCE ROJAS BAWINTON,GERENTE GENERAL,"1.000,00",C,C1020.01,,NO,,Industria: elaboración y conservación de pescado,0
124493.0,362316,1391936228001,PELAGICOS DEL LITORAL S.A.S.,ACTIVA,04/04/2024,SOCIEDAD POR ACCIONES SIMPLIFICADA,ECUADOR,COSTA,MANABI,MANTA,MANTA,Calle M3 y Av. 24,M3,N/A,Murciélago,052613628,FABARA CELLERI MARCELO GABRIEL,GERENTE GENERAL,"800,00",A,A0311.01,2025,SI,20/05/2024,Armadores / pesca marítima,2
124585.0,362412,1391936236001,BOWEN-GROUP S.A.S.,ACTIVA,08/04/2024,SOCIEDAD POR ACCIONES SIMPLIFICADA,ECUADOR,COSTA,MANABI,MANTA,MANTA,Avenida La Cultura,sn,Calle 5,,052984065,BOWEN BRITO DIANA ELIZABETH,GERENTE GENERAL,"9.000,00",A,A0311.01,2025,SI,18/07/2024,Armadores / pesca marítima,2
124608.0,362442,1391936241001,SEA BUSINESS EXPORT ÉXCÓMERFISH S.A.,ACTIVA,04/04/2024,ANÓNIMA,ECUADOR,COSTA,MANABI,MANTA,MANTA,KILOMETRO 7 1/2,SN,VÍA MANTA - MONTECRISTI,,052610570,QUIÑONEZ REASCO JUANA MATILDE,PRESIDENTE,"4.000,00",A,A0311.01,2024,SI,15/07/2025,Armadores / pesca marítima,1
124705.0,362546,1391936247001,DELMARTRADE S.A.S.,ACTIVA,09/04/2024,SOCIEDAD POR ACCIONES SIMPLIFICADA,ECUADOR,COSTA,MANABI,MANTA,MANTA,AVENIDA 102,SN,CALLE 120,LOS ESTEROS,052450015,,,"500,00",C,C1020.04,2025,SI,18/12/2024,Industria: elaboración y conservación de pescado,2
125039.0,362898,1391936279001,COMERCIALIZADORA DE MARISCOS JAZI S.A.S.,ACTIVA,17/04/2024,SOCIEDAD POR ACCIONES SIMPLIFICADA,ECUADOR,COSTA,MANABI,MANTA,MANTA,BARRIO LOS ESTEROS,13-08,SN,,052000000,TOBAR ALCIVAR LADY DIANA,GERENTE GENERAL,"5.000,00",A,A0311.01,2025,SI,25/07/2024,Armadores / pesca marítima,2
125133.0,362999,1391936285001,BUEN VIENTO PRODUCCION PESQUERA PROBUENTO S.A.S.,ACTIVA,22/04/2024,SOCIEDAD POR ACCIONES SIMPLIFICADA,ECUADOR,COSTA,MANABI,MANTA,MANTA,AVENIDO 110 ANTIGUA VIA DEL AEROPUERTO,1,AV 109,,053856274,ARTEAGA MENDOZA ANDREA ISABEL,GERENTE GENERAL,"5.000,00",A,A0311.01,2025,SI,27/06/2024,Armadores / pesca marítima,2
125138.0,363004,1391936286001,BUENAMAR PESQUERA BUENAMARPES S.A.S.,ACTIVA,22/04/2024,SOCIEDAD POR ACCIONES SIMPLIFICADA,ECUADOR,COSTA,MANABI,MANTA,MANTA,AVENIDA 110 ANTIGUA VIA DEL AEROPUERTO,1,AV 109,,052000000,SOLORZANO YAGUAL CARLOS AQUILES,GERENTE GENERAL,"5.000,00",A,A0311.01,2025,SI,21/06/2024,Armadores / pesca marítima,2
125560.0,363459,1391936334001,TONFISK S.A.,ACTIVA,08/04/2024,ANÓNIMA,ECUADOR,COSTA,MANABI,MANTA,MANTA,CIUDAD DEL MAR EDF PLAZA DEL MAR,SN,CIUDAD DEL MAR,,052000000,CEVALLOS ALVAREZ MARIANELA ESTEFANIA,PRESIDENTE,"1.000,00",A,A0311.03,2025,SI,08/07/2024,Armadores / pesca marítima,2
126241.0,364173,1391936396001,COMERCIALIZADORA GRUPO CEDEÑO - COCEDE S.A.S.,ACTIVA,21/05/2024,SOCIEDAD POR ACCIONES SIMPLIFICADA,ECUADOR,COSTA,MANABI,MANTA,MANTA,CIUDADELA LA PRADERA 0,45,SIN CALLE SECUNDARIA,,052583263,CEDEÑO ARROYO VANIA ELIZABETH,GERENTE GENERAL,"300,00",C,C1020.02,,SI,20/06/2024,Industria: elaboración y conservación de pescado,0
127226.0,365194,1391936482001,PROCESADORA ALFRO JIRO S.A.S.,ACTIVA,12/06/2024,SOCIEDAD POR ACCIONES SIMPLIFICADA,ECUADOR,COSTA,MANABI,MANTA,MANTA,AV 24 DE MAYO,SN,CALLE  PRINCIPAL,LA ENSENADITA,052924875,JIMENEZ BAJAÑA PAUL ADRIAN,GERENTE GENERAL,"1.000,00",A,A0311.01,2025,SI,24/02/2025,Armadores / pesca marítima,2
129697.0,367801,1391936715001,JARF MAR S.A.S.,ACTIVA,14/08/2024,SOCIEDAD POR ACCIONES SIMPLIFICADA,ECUADOR,COSTA,MANABI,MANTA,MANTA,13,3,S/N,N/A,052678592,VALLE REYES JORGE HUMBERTO,GERENTE GENERAL,"1.000,00",A,A0311.01,2025,SI,05/09/2024,Armadores / pesca marítima,2
131042.0,369209,1391936845001,OCEANMACA S.A.S.,ACTIVA,15/09/2024,SOCIEDAD POR ACCIONES SIMPLIFICADA,ECUADOR,COSTA,MANABI,MANTA,MANTA,413,1,SN,,052310125,ALVAREZ CONSTANTE VALERY DAYANA,GERENTE GENERAL,"1.000,00",A,A0311.03,2025,SI,14/10/2025,Armadores / pesca marítima,2
131571.0,369767,1391936883001,TUNAPRO S.A.S.,ACTIVA,26/09/2024,SOCIEDAD POR ACCIONES SIMPLIFICADA,ECUADOR,COSTA,MANABI,MANTA,MANTA,15,AV 3,DIAGONAL AL PUERTO DE MANTA,,051234568,ALARCON BARCIA CESAR GUSTAVO,GERENTE GENERAL,"800,00",A,A0311.01,2025,SI,20/03/2025,Armadores / pesca marítima,2
131833.0,370050,1391936914001,VIMER S.A.,ACTIVA,01/10/2024,ANÓNIMA,ECUADOR,COSTA,MANABI,MANTA,MANTA,119,S/N,AVENIDA 109,LA VICTORIA,052385262,VILLAVICENCIO MERA NELSON ALFREDO,GERENTE GENERAL,"5.000,00",A,A0311.01,2025,SI,09/10/2024,Armadores / pesca marítima,2
132634.0,370889,1391937025001,JAH-HMH S.A.S.,ACTIVA,24/10/2024,SOCIEDAD POR ACCIONES SIMPLIFICADA,ECUADOR,COSTA,MANABI,MANTA,MANTA,AVENIDA 4 DE NOVIEMBRE,AVENIDA 11,CALLE 320,,052623133,PISCO MOREIRA CARLOS MOISES,PRESIDENTE,"800,00",A,A0311.01,2025,SI,09/04/2025,Armadores / pesca marítima,2
135529.0,373914,1391937314001,MARPROFISH S.A.,ACTIVA,15/01/2025,ANÓNIMA,ECUADOR,COSTA,MANABI,MANTA,MANTA,CALLE P21,P21,AVENIDA P10,LA PRADERA,052611142,GANCHOZO BRAVO ROQUE MERCIALES,PRESIDENTE,"2.950,00",C,C1020.02,2025,SI,18/02/2025,Industria: elaboración y conservación de pescado,1
136902.0,375347,1391937436001,AGROPEZLOGISTIC S.A.,ACTIVA,10/02/2025,ANÓNIMA,ECUADOR,COSTA,MANABI,MANTA,MANTA,CALLE M2,0000,AVENIDA MAELCON,,053026914,GOROZABEL LEON JORGE MELECIO,GERENTE GENERAL,"1.000,00",A,A0311.01,2025,SI,05/06/2025,Armadores / pesca marítima,1
138411.0,376935,1391937558001,MAR& MAR PRODUCTOS S.A.,ACTIVA,17/03/2025,ANÓNIMA,ECUADOR,COSTA,MANABI,MANTA,MANTA,AVENIDA 28,calle 16,CALLE 16,SANTA MONICA,053089078,ZAMBRANO OSTAIZA JOSE BOLIVAR,GERENTE GENERAL,"120.000,00",A,A0311.01,2025,SI,09/04/2026,Armadores / pesca marítima,1
138586.0,377112,1391937572001,SERVICE DEIKOR SB S.A.S.,ACTIVA,20/03/2025,SOCIEDAD POR ACCIONES SIMPLIFICADA,ECUADOR,COSTA,MANABI,MANTA,MANTA,AVENIDA 110,110,CALLE J1,,052614564,BAQUE BARRETO MARGARITA STEFANY,GERENTE GENERAL,"400,00",A,A0311.01,2025,SI,28/03/2025,Armadores / pesca marítima,1
140521.0,379137,1391937717001,MARDELFRIO S.A.S.,ACTIVA,01/05/2025,SOCIEDAD POR ACCIONES SIMPLIFICADA,ECUADOR,COSTA,MANABI,JARAMIJÓ,JARAMIJÓ,PUNTA BLANCA JARAMIJO 1,SN,VIA A PUNTA BLANCA,,052677617,ARCENTALES SANTOS DANIELA CAROLINA,GERENTE GENERAL,"301.000,00",C,C1020.02,2025,SI,19/09/2025,Industria: elaboración y conservación de pescado,1
140533.0,379149,1391937720001,BAJO CERO SERVICIOS INDUSTRIALES & CONEXAS S.A.S.,ACTIVA,01/05/2025,SOCIEDAD POR ACCIONES SIMPLIFICADA,ECUADOR,COSTA,MANABI,MANTA,MANTA,"CIUDADELA LOS OLIVOS, VIA CIRCUNVALACION",SN,VIA CIRCUNVALACIÓN,,052383939,MERA CEVALLOS DIANA PAOLA,GERENTE GENERAL,"1.000,00",C,C1020.02,2025,SI,14/05/2025,Industria: elaboración y conservación de pescado,1
140534.0,379150,1391937721001,SERVICIOS INDUSTRIALES PROINDUSTRO S.A.S.,ACTIVA,01/05/2025,SOCIEDAD POR ACCIONES SIMPLIFICADA,ECUADOR,COSTA,MANABI,JARAMIJÓ,JARAMIJÓ,CIUDADELA LOS OLIVOS VIA CIRCUNVALACION,SN,VIA CIRCUNVALACIÓN TRAMO 3-1,,052383939,BAILON SANTANA DAVID XAVIER,GERENTE GENERAL,"1.000,00",C,C1020.02,2025,SI,24/04/2026,Industria: elaboración y conservación de pescado,1
141594.0,380244,1391937820001,MOREFISH S.A.S.,ACTIVA,23/05/2025,SOCIEDAD POR ACCIONES SIMPLIFICADA,ECUADOR,COSTA,MANABI,MANTA,MANTA,via san mateo,S/N,CIUDADELA ALAMOS,,052622813,MURILLO MACIAS PAMELA CRISTINA,GERENTE GENERAL,"100,00",A,A0311.01,2025,SI,06/06/2025,Armadores / pesca marítima,1
147065.0,385887,1391938291001,PESQUERA PINTO CASTILLO ALGEVI S.A.S.,ACTIVA,08/09/2025,SOCIEDAD POR ACCIONES SIMPLIFICADA,ECUADOR,COSTA,MANABI,MANTA,MANTA,VIA CIRCUNVALACION,S/N,KM. 1,,052677914,PINTO LOPEZ GEORGE ABRAHAN,GERENTE GENERAL,"100,00",A,A0311.01,,SI,07/10/2025,Armadores / pesca marítima,0
147349.0,386178,1391938326001,OPENPESCA S.A.S.,ACTIVA,15/09/2025,SOCIEDAD POR ACCIONES SIMPLIFICADA,ECUADOR,COSTA,MANABI,JARAMIJÓ,JARAMIJÓ,S/N,S/N,Parroquia Cabecera C,,052924590,ALARCON MONTALVAN LEONIDAS ELEUTERIO,GERENTE GENERAL,"800,00",A,A0311.01,2025,SI,15/10/2025,Armadores / pesca marítima,1
147548.0,386383,1391938351001,PADEZA EXPORT - PADEXP S.A.S.,ACTIVA,18/09/2025,SOCIEDAD POR ACCIONES SIMPLIFICADA,ECUADOR,COSTA,MANABI,MANTA,MANTA,CALLE 113,SN,AVENIDA 103,TARQUI,052370099,PANEZO SABANDO LUIS CAMILO,GERENTE GENERAL,"1.000,00",A,A0311.01,2025,SI,30/01/2026,Armadores / pesca marítima,1
149127.0,387992,1391938466001,SKYTUNA S.A.,ACTIVA,21/10/2025,ANÓNIMA,ECUADOR,COSTA,MANABI,MANTA,MANTA,U7,SN,U2,,052678769,BARREIRO CUENCA ZAIRA YADIRA,GERENTE GENERAL,"1.000,00",A,A0311.01,2025,SI,31/10/2025,Armadores / pesca marítima,1
149658.0,388530,1391938506001,SPCLEAN SERVICIOS Y SUMINISTROS S.A.S.,ACTIVA,30/10/2025,SOCIEDAD POR ACCIONES SIMPLIFICADA,ECUADOR,COSTA,MANABI,MANTA,MANTA,12,sn,av 35,,050000000,CHINGA NUÑEZ WILSON SAMUEL,GERENTE GENERAL,"100,00",C,C1020.09,2025,SI,31/10/2025,Industria: elaboración y conservación de pescado,1
150755.0,389670,1391938598001,OPERGLOBAL S.A.S.,ACTIVA,26/11/2025,SOCIEDAD POR ACCIONES SIMPLIFICADA,ECUADOR,COSTA,MANABI,JARAMIJÓ,JARAMIJÓ,PRINCIPAL,S/N,LOTIZACIÓN SANTA CECILIA,SANTA CECILIA,052934587,FERNANDEZ MOREIRA CARLOS ALBERTO,GERENTE GENERAL,"100,00",C,C1020.09,2025,SI,17/12/2025,Industria: elaboración y conservación de pescado,1
154779.0,394015,1391938927001,MEU PEIXE ECUADOR S.A.S.,ACTIVA,12/02/2026,SOCIEDAD POR ACCIONES SIMPLIFICADA,ECUADOR,COSTA,MANABI,MANTA,MANTA,BARRIO MURCIELAGO 1,1,MANTA,,056028073,CARRILLO PARRALES CARLOS ENRIQUE,GERENTE GENERAL,"1.000,00",A,A0311.01,,SI,17/03/2026,Armadores / pesca marítima,0
156771.0,396163,1391939070001,MARCANAAN MAR DE CANAAN S.A.S.,ACTIVA,23/03/2026,SOCIEDAD POR ACCIONES SIMPLIFICADA,ECUADOR,COSTA,MANABI,MANTA,SANTA MARIANITA,SAN PEDRO,S/N,SAN PEDRO,,052999999,MORALES VERA OSCAR FREDDY,GERENTE GENERAL,"2.000,00",A,A0311.01,,SI,24/03/2026,Armadores / pesca marítima,0
157247.0,396657,1391939107001,PROSANTMAR S.A.S.,ACTIVA,01/04/2026,SOCIEDAD POR ACCIONES SIMPLIFICADA,ECUADOR,COSTA,MANABI,MANTA,MANTA,calle v4,27,av v4,villamarina,,SANTANA SANTANA ARIEL ALEXANDER,GERENTE GENERAL,"1.000,00",C,C1020.09,,NO,,Industria: elaboración y conservación de pescado,0
157712.0,397150,1391939135001,FISHBLUE BM S.A.S.,ACTIVA,09/04/2026,SOCIEDAD POR ACCIONES SIMPLIFICADA,ECUADOR,COSTA,MANABI,MANTA,MANTA,SN,SN,SN,BARRIO 4 DE NOVIEMBRE 1,052668617,GUERRERO VELEZ INGRID MELISSA,GERENTE GENERAL,"800,00",A,A0311.01,,NO,,Armadores / pesca marítima,0
157724.0,397162,1391939136001,SALTWATER FISHERY S.A.S.,ACTIVA,09/04/2026,SOCIEDAD POR ACCIONES SIMPLIFICADA,ECUADOR,COSTA,MANABI,MANTA,MANTA,20,Av 23,S/N,,053945178,MONTALVAN GUILLEN ERICK LUIS,GERENTE GENERAL,"10.000,00",A,A0311.01,,SI,29/04/2026,Armadores / pesca marítima,0
157730.0,397168,1391939138001,SANTOSFISHERY S.A.S.,ACTIVA,09/04/2026,SOCIEDAD POR ACCIONES SIMPLIFICADA,ECUADOR,COSTA,MANABI,MANTA,MANTA,Urb. Villaventura,Manzana i,Manta,,052624815,ALARCON VELASQUEZ FAUSTO LEONARDO,GERENTE GENERAL,"10.000,00",A,A0311.01,,SI,29/04/2026,Armadores / pesca marítima,0
157775.0,397219,1391939140001,SQUID FISHERY S.A.S.,ACTIVA,10/04/2026,SOCIEDAD POR ACCIONES SIMPLIFICADA,ECUADOR,COSTA,MANABI,MANTA,MANTA,14A y 14C,Avenida 36,S/N,,052373256,INTRIAGO ALONZO ERIK DAGOBERTO,GERENTE GENERAL,"10.000,00",A,A0311.01,,SI,05/05/2026,Armadores / pesca marítima,0
159373.0,398896,1391939289001,LA GRANJEFA DEL ATÚN S.A.S.,ACTIVA,12/05/2026,SOCIEDAD POR ACCIONES SIMPLIFICADA,ECUADOR,COSTA,MANABI,MANTA,MANTA,304,SN,AV.224,,052000000,QUIROZ MENDOZA MARIELA LUCIA,GERENTE GENERAL,"100,00",A,A0311.01,,SI,24/05/2026,Armadores / pesca marítima,0
159483.0,399014,1391939298001,OCEANTUNA S.A.S.,ACTIVA,14/05/2026,SOCIEDAD POR ACCIONES SIMPLIFICADA,ECUADOR,COSTA,MANABI,MANTA,MANTA,FLAVIO REYES K1,136,K1,BARRIO UMIÑA,052000000,QUIJIJE LOPEZ CARLOS GILBERTO,PRESIDENTE,"1.000,00",A,A0311.01,,NO,,Armadores / pesca marítima,0
160194.0,399766,1391939349001,SERVICIOS PORTUARIOS Y COMERCIALIZACION DE PESCA SERVICOMPES S.A.S.,ACTIVA,27/05/2026,SOCIEDAD POR ACCIONES SIMPLIFICADA,ECUADOR,COSTA,MANABI,MANTA,MANTA,311,311,TRANO 2 VIA CIRCUNVALACION,,052921944,CAICEDO LOPEZ CARLOS ALBERTO,GERENTE GENERAL,"800,00",C,C1020.09,,NO,,Industria: elaboración y conservación de pescado,0
162811.0,402391,1391939568001,VERAHSTUNASOLUTIONS S.A.S.,ACTIVA,14/07/2026,SOCIEDAD POR ACCIONES SIMPLIFICADA,ECUADOR,COSTA,MANABI,JARAMIJÓ,JARAMIJÓ,URBANIZACION SAN PATRICIO 1,S/N,S/R,SAN PATRICIO,052645252,VERA ALVIA MIGUEL ANGEL,GERENTE GENERAL,"1.000,00",C,C1020.04,,SI,14/08/2026,Industria: elaboración y conservación de pescado,0
167755.0,407339,1391940392001,SEAEMPIRE S.A.S.,ACTIVA,02/10/2026,SOCIEDAD POR ACCIONES SIMPLIFICADA,ECUADOR,COSTA,MANABI,MANTA,MANTA,Calle 9,Calle 9,Avenida 4,,050000000,DEMERA VERA ARIOLDO EUDALDO,GERENTE GENERAL,"800,00",A,A0311.01,,NO,,Armadores / pesca marítima,0
168816.0,700234,1391824416001,GOODMARCOM S.A.,ACTIVA,17/12/2014,ANÓNIMA,ECUADOR,COSTA,MANABI,JARAMIJÓ,JARAMIJÓ,KM 8.5 VIA MANTA-ROCAFUERTE,SN,SN,,053700945,PROAÑO RUEDA LUIS JORDAN,SUBGERENTE,"2.914.000,00",A,A0311.03,2025,NO APLICA,NO APLICA,Armadores / pesca marítima,12
169013.0,700483,1391823096001,WATODORAMAR S.A.,DISOLUCIÓN Y LIQUIDACIÓN DE PLENO DERECHO INSC. RM,30/01/2015,ANÓNIMA,ECUADOR,COSTA,MANABI,MANTA,MANTA,14,SN,AV 3 ESQUINA,CENTRO DE MANTA,,CHICA PALMA TEMISTOCLES AGUSTIN,GERENTE GENERAL,"800,00",A,A0311.01,,NO APLICA,NO APLICA,Armadores / pesca marítima,0
170427.0,702291,1391825846001,MARICULTORES DE GALAPAGOS MARIDEGAL S.A.,DISOLUCIÓN Y LIQUIDACIÓN DE PLENO DERECHO INSC. RM,06/05/2015,ANÓNIMA,ECUADOR,COSTA,MANABI,MANTA,MANTA,12,SN,AV 7 Y 8,,052629558,CANTOS AZUA XAVIER ALFREDO,GERENTE GENERAL,"900,00",A,A0311.01,2016,NO APLICA,NO APLICA,Armadores / pesca marítima,2
170502.0,702387,1391825676001,CORPORACION FRANK REVELO. EXPORTACION - IMPORTACION - PESQUERA AGRICOLA. EXPORMANTA S.A.,ACTIVA,01/04/2015,ANÓNIMA,ECUADOR,COSTA,MANABI,MANTA,MANTA,CALLE 309,SN,AVE. 204,MARIA AUXILIADORA,052612390,FRANK REVELO OSCAR LUIS,GERENTE GENERAL,"800,00",A,A0311.01,2024,NO APLICA,NO APLICA,Armadores / pesca marítima,10
170651.0,702573,1391835337001,SARDIMARSAL S.A.,DISOLUCIÓN Y LIQUIDACIÓ DE PLENO DERECHO NO INS RM,25/02/2015,ANÓNIMA,ECUADOR,COSTA,MANABI,JARAMIJÓ,JARAMIJÓ,VIA MANTA - JARAMIJO,SN,SONA COMERCIAL,,099916253,PICO PINARGOTE CRISTHIAN ORLANDO,GERENTE GENERAL,"800,00",A,A0311.03,2016,NO APLICA,NO APLICA,Armadores / pesca marítima,2
171197.0,703246,1391827598001,COMERCIALIZADORA DEL MAR PEZ&PEZ S.A.,ACTIVA,24/06/2015,ANÓNIMA,ECUADOR,COSTA,MANABI,MANTA,MANTA,HUGO MAYO,314,MZ Q,LA PRADERA,052578857,DELGADO PUENTES ANA KRISTELL,GERENTE GENERAL,"1.000,00",A,A0311.01,2025,NO APLICA,NO APLICA,Armadores / pesca marítima,11
171332.0,703421,1391829108001,PRIMSA FISHING DIAMONT PFDCOM S.A.,DISOLUCIÓN Y LIQUIDACIÓN DE PLENO DERECHO INSC. RM,08/07/2015,ANÓNIMA,ECUADOR,COSTA,MANABI,MANTA,MANTA,SN,SN,SN,,052679039,ESLAO NAVIA EDISON EMANUEL,PRESIDENTE,"10.000,00",A,A0311.03,2016,NO APLICA,NO APLICA,Armadores / pesca marítima,2
171686.0,703855,1391829469001,NAVIERA ECUATORIANA PICHINCHA NAVIP S.A.,ACTIVA,30/07/2015,ANÓNIMA,ECUADOR,COSTA,MANABI,MANTA,MANTA,calle 23 y av 24,SN,SN,murcielago,052578510,VILLAPRADO LOOR ESTEBAN ADRIAN,GERENTE GENERAL,"800,00",A,A0311.03,2023,NO APLICA,NO APLICA,Armadores / pesca marítima,9
171689.0,703858,1391829493001,PRODUCTORA NACIONAL ATUNERA ECUATORIANA PROATUNA S.A.,DISOLUCIÓN Y LIQUIDACIÓN OFICIO NO INSCRITA EN RM,30/07/2015,ANÓNIMA,ECUADOR,COSTA,MANABI,MANTA,MANTA,ELOY ALFARO,SN,AN,,052623018,GUALA MONTECE VICENTE FRANCISCO,GERENTE GENERAL,"75.000,00",A,A0311.03,2020,NO APLICA,NO APLICA,Armadores / pesca marítima,6
171690.0,703860,1391829442001,NAVIERA ECUATORIANA AUSTRAL MARITIMA AUSMAR S.A.,DISOLUCIÓN Y LIQUIDACIÓN OFICIO INSCRITA EN RM,30/07/2015,ANÓNIMA,ECUADOR,COSTA,MANABI,MANTA,MANTA,M1,SN,AV. 23 Y 24,PERPETUO SOCORRO,052623916,VILLAZANA ALGARA ANGIE MARGARITA,GERENTE GENERAL,"800,00",A,A0311.03,2018,NO APLICA,NO APLICA,Armadores / pesca marítima,4
171692.0,703862,1391829434001,NAVIERA ECUATORIANA DAULE NAECUDAL S.A.,DISOLUCIÓN Y LIQUIDACIÓN OFICIO INSCRITA EN RM,30/07/2015,ANÓNIMA,ECUADOR,COSTA,MANABI,MANTA,MANTA,M1,SN,AV 23 Y 24,PERPETUO SOCORRO,052623916,GOMEZ ZAPATA MARIO VINICIO,GERENTE GENERAL,"800,00",A,A0311.03,2021,NO APLICA,NO APLICA,Armadores / pesca marítima,7
171841.0,704035,1391829426001,INDUSTRIAS CIBIS SANUS INDUCIBIS S.A.,ACTIVA,14/08/2015,ANÓNIMA,ECUADOR,COSTA,MANABI,MANTA,MANTA,MZ D11 V20,0,SN,,052853000,ZUÑIGA GUERRERO DANIEL SANTIAGO,GERENTE GENERAL,"800,00",C,C1020.02,2025,NO APLICA,NO APLICA,Industria: elaboración y conservación de pescado,11
172120.0,704360,1391830068001,PESQUERA TUNAQUICK S.A.,ACTIVA,01/09/2015,ANÓNIMA,ECUADOR,COSTA,MANABI,MONTECRISTI,MONTECRISTI,KM 8 1/2,SN,SN,,052318367,BONILLA VERA BERBERLY ISABEL,GERENTE GENERAL,"201.000,00",A,A0311.01,2025,NO APLICA,NO APLICA,Armadores / pesca marítima,11
172656.0,704997,1391831846001,COMERCIALIZADORA HERNAN CHICA IMEXTUNACONP S.A.,ACTIVA,06/10/2015,ANÓNIMA,ECUADOR,COSTA,MANABI,MANTA,MANTA,J21,SN,ENTRE AV 290 Y 225,JOCAY,052927046,MACIAS LOOR JANETH ALEXANDRA,GERENTE GENERAL,"3.000,00",A,A0311.01,2023,NO APLICA,NO APLICA,Armadores / pesca marítima,9
174999.0,707762,1391837135001,CONSERVAS DEL MAR MARCONSERVA S.A.,DISOLUCIÓN Y LIQUIDACIÓN OFICIO NO INSCRITA EN RM,19/05/2016,ANÓNIMA,ECUADOR,COSTA,MANABI,JARAMIJÓ,JARAMIJÓ,PRINCIPAL,SN,VIA ROCAFUERTE,,052389020,FAROH CANO ORLANDO TULIO,GERENTE GENERAL,"7.000,00",A,A0311.01,2022,NO APLICA,NO APLICA,Armadores / pesca marítima,7
175313.0,708110,1391838069001,CONSERVERA FISHPACKING S.A.,DISOLUCIÓN Y LIQUIDACIÓN DE PLENO DERECHO INSC. RM,06/06/2016,ANÓNIMA,ECUADOR,COSTA,MANABI,MANTA,MANTA,CALLE 126,SN,AV 106,LA SIRENA,052382200,MENENDEZ JONIAUX JUAN CARLOS,GERENTE GENERAL,"5.000,00",A,A0311.01,,NO APLICA,NO APLICA,Armadores / pesca marítima,0
175592.0,708436,1391840241001,PESQUERA DEL SUR PESQUESURSA S.A.,ACTIVA,30/06/2016,ANÓNIMA,ECUADOR,COSTA,MANABI,MONTECRISTI,MONTECRISTI,km 3 1/2,S/N,VIA CIRCUNVALACION,,052921970,APPENZAUSER VOIGT RICARDO OLIVER,PRESIDENTE,"10.000,00",A,A0311.03,2025,NO APLICA,NO APLICA,Armadores / pesca marítima,10
175946.0,708841,1391841981001,FISHINGDEGFER S.A.,ACTIVA,01/08/2016,ANÓNIMA,ECUADOR,COSTA,MANABI,MANTA,MANTA,CALLE 16,sn,AV 3,,053701725,DE GENNA FERNANDEZ ALDO PIETRO,GERENTE GENERAL,"1.000,00",A,A0311.01,2025,NO APLICA,NO APLICA,Armadores / pesca marítima,10
175947.0,708842,1391841124001,EXPORTADORA PACIFICO EXPORTPACIFIC S.A.,ACTIVA,03/08/2016,ANÓNIMA,ECUADOR,COSTA,MANABI,MANTA,MANTA,AV HUGO MAYO,S/N,CALLE EMILIANO BARCIA,S/N,052578760,BARCIA UBILLUS DOLORES DEL CARMEN,GERENTE GENERAL,"1.000,00",C,C1020.02,2025,NO APLICA,NO APLICA,Industria: elaboración y conservación de pescado,10
176136.0,709051,1391841485001,ESPADEROS-PACIFICO S.A.,ACTIVA,24/08/2016,ANÓNIMA,ECUADOR,COSTA,MANABI,MANTA,MANTA,M3,SN,AVENIDA 24,MURCIELAGO,052621217,GUDE GONZALEZ ANDRES,GERENTE GENERAL,"102.900,00",A,A0311.01,2025,NO APLICA,NO APLICA,Armadores / pesca marítima,10
176301.0,709237,1391849079001,MARITIMO E INDUSTRIAL CAMPO MARINO CAMPOMARINO S.A.,DISOLUCIÓN Y LIQUIDACIÓN OFICIO INSCRITA EN RM,01/09/2016,ANÓNIMA,ECUADOR,COSTA,MANABI,MANTA,MANTA,KM 4 1/2 VIA MANTA MONTECRISTI,SN,CALLE M1 ENTRE AV 23 Y 24,,052623916,BARRUECO PEREZ ALEJANDRO,PRESIDENTE,"10.000,00",A,A0311.01,2018,NO APLICA,NO APLICA,Armadores / pesca marítima,3
176378.0,709326,1391842309001,SULLIVAN BAY PESCA SBP-ECUADOR S.A.,ACTIVA,12/09/2016,ANÓNIMA,ECUADOR,COSTA,MANABI,MANTA,MANTA,CALLE 11,s/n,Av. 3,José María Egas,055003145,CUELLAR SANCHEZ SULLIVAN BALDEHIR,PRESIDENTE,"800,00",A,A0311.01,2025,NO APLICA,NO APLICA,Armadores / pesca marítima,10
176777.0,709774,1391844174001,ATLANTIS EC COMERCIALIZACION DE PESCADO FRESCO Y CONGELADO COMERFRESCON COMPAÑIA DE RESPONSABILIDAD LIMITADA,ACTIVA,17/10/2016,RESPONSABILIDAD LIMITADA,ECUADOR,COSTA,MANABI,MANTA,MANTA,AV 6,SN,ENTRE CALLES 12 Y 13,,052678508,ESQUETTINI VALLEJO PEDRO SANTIAGO,GERENTE GENERAL,"400,00",A,A0311.01,2025,NO APLICA,NO APLICA,Armadores / pesca marítima,10
176840.0,709840,1391846339001,PESQUERA ALZAMFISH S.A.,DISOLUCIÓN Y LIQUIDACIÓN DE PLENO DERECHO INSC. RM,19/10/2016,ANÓNIMA,ECUADOR,COSTA,MANABI,MANTA,MANTA,-,4,Q,,052678454,ALVIA MENDOZA JOSE RONALD,GERENTE GENERAL,"15.000,00",A,A0311.01,2023,NO APLICA,NO APLICA,Armadores / pesca marítima,8
176956.0,709973,1391845960001,FRESCOPES S.A.,ACTIVA,21/10/2016,ANÓNIMA,ECUADOR,COSTA,MANABI,MANTA,MANTA,LOS ESPINOS,LOTE 6,MANZANA H,,052720074,ZAMBRANO ROSADO CESAR EDUARDO,GERENTE GENERAL,"800,00",A,A0311.01,2025,NO APLICA,NO APLICA,Armadores / pesca marítima,10
176984.0,710004,1391846185001,COMERCIALIZADORA SERVICIOS LOGÍSTICOS OPERFRESH S.A.,DISOLUCIÓN Y LIQUIDACIÓN OFICIO INSCRITA EN RM,30/09/2016,ANÓNIMA,ECUADOR,COSTA,MANABI,MANTA,MANTA,CONJUNTO LOS ALAMOS,CASA 37,SN,..,052222222,ABRIL CAMARGO HUMBERTO,PRESIDENTE,"800,00",A,A0311.01,2022,NO APLICA,NO APLICA,Armadores / pesca marítima,7
178151.0,711302,1391850336001,PROCONMAN S.A.,ACTIVA,10/02/2017,ANÓNIMA,ECUADOR,COSTA,MANABI,MANTA,MANTA,21,UMIÑA 2,C3,UMIÑA,052976134,RODRIGUEZ CEVALLOS CESAR ALBERTO,PRESIDENTE,"1.000,00",A,A0311.01,2025,NO APLICA,NO APLICA,Armadores / pesca marítima,9
178352.0,711527,1391853831001,LA PERLA DEL SUR ECUADOR PERSUECUA S.A.,DISOLUCIÓN Y LIQUIDACIÓN OFICIO INSCRITA EN RM,15/03/2017,ANÓNIMA,ECUADOR,COSTA,MANABI,JARAMIJÓ,JARAMIJÓ,KM 7 VÍA POZA DE LA SABANA,sn,A 700 METROS DE LOS POZOS DE LA SABANA,,S/N,NUÑEZ ESPINOZA EDUARDO ISIDRO,GERENTE GENERAL,"800,00",A,A0311.01,2019,NO APLICA,NO APLICA,Armadores / pesca marítima,3
179848.0,713190,1391855850001,BRIOPESCA CIA.LTDA.,DISOLUCIÓN Y LIQUIDACIÓN OFICIO INSCRITA EN RM,06/07/2017,RESPONSABILIDAD LIMITADA,ECUADOR,COSTA,MANABI,MANTA,MANTA,13 y 14,SN,AVENIDA 4 Y 6,,052629709,BRIONES CONFORME BENJY JOSE,GERENTE GENERAL,"800,00",A,A0311.01,2018,NO APLICA,NO APLICA,Armadores / pesca marítima,2
180466.0,713870,1391858973001,PISCANTUR S.A.,ACTIVA,14/08/2017,ANÓNIMA,ECUADOR,COSTA,MANABI,JARAMIJÓ,JARAMIJÓ,KM 5.5 VIA MANTA - ROCAFUERTE,SN,SN,PARQUE DEL ATUN,052389010,NUÑEZ MARQUEZ GUSTAVO VINICIO,GERENTE GENERAL,"850.000,00",A,A0311.03,2025,NO APLICA,NO APLICA,Armadores / pesca marítima,9
180732.0,714154,1391858892001,IMPORT & EXPORT SKYFISH S.A.,ACTIVA,05/09/2017,ANÓNIMA,ECUADOR,COSTA,MANABI,MANTA,MANTA,J21,SN,J25,JOCAY,052927046,CHICA PARRAGA JOSUE GABRIEL,GERENTE GENERAL,"10.000,00",A,A0311.01,2024,NO APLICA,NO APLICA,Armadores / pesca marítima,8
180879.0,714314,1391859589001,ECOPEZ EXPORT SOCIEDAD ANÓNIMA,ACTIVA,07/09/2017,ANÓNIMA,ECUADOR,COSTA,MANABI,MONTECRISTI,MONTECRISTI,VIA A LOS BAJOS,SN,VIA A LOS BAJOS,,052612594,GARCIA BARAHONA JUAN CARLOS,GERENTE,"800,00",A,A0311.01,2023,NO APLICA,NO APLICA,Armadores / pesca marítima,7
180988.0,714437,1391859937001,CONSERVERA MAR Y PESCA CONMARPES S.A.,ACTIVA,26/09/2017,ANÓNIMA,ECUADOR,COSTA,MANABI,JARAMIJÓ,JARAMIJÓ,Vía Manta - Rocafuerte,SN,entrada frente a TADEL,,052624996,AVILA GOMEZ JANETH MARIA,PRESIDENTE,"2.000,00",C,C1020.04,2025,NO APLICA,NO APLICA,Industria: elaboración y conservación de pescado,9
180998.0,714447,,FORTUNE-FISH S.A.,DISOLUCIÓN Y LIQUIDACIÓN DE PLENO DERECHO INSC. RM,02/10/2017,ANÓNIMA,ECUADOR,COSTA,MANABI,MANTA,MANTA,AVENIDA 111,-,-,,052383061,CRUZ TERNEUS DIEGO ALEJANDRO,PRESIDENTE,"800,00",A,A0311.01,,NO APLICA,NO APLICA,Armadores / pesca marítima,0
181202.0,714668,1391861052001,QUEENFISH S.A.,DISOLUCIÓN Y LIQUIDACIÓN OFICIO INSCRITA EN RM,11/10/2017,ANÓNIMA,ECUADOR,COSTA,MANABI,MANTA,MANTA,LOMAS DE BARBASQUILLO,LOTE 26,B,,052626466,CAÑIZARES IANNI FABRIZZIO LEONARDO,GERENTE GENERAL,"800,00",A,A0311.01,2019,NO APLICA,NO APLICA,Armadores / pesca marítima,3
181384.0,714869,1391862075001,COMPAÑIA VILLACIS & ESPINOZA ROSMARFISH S.A.,ACTIVA,16/10/2017,ANÓNIMA,ECUADOR,COSTA,MANABI,MANTA,MANTA,27,35,BARRIO UMIÑA,,052059409,VILLACIS ESPINOZA ERICK DE JESUS,PRESIDENTE,"10.000,00",A,A0311.01,2025,NO APLICA,NO APLICA,Armadores / pesca marítima,9
181404.0,714890,1391861591001,COMERCIALIZADORA FREDDY & MARLON GOSENFISH S.A.,ACTIVA,16/10/2017,ANÓNIMA,ECUADOR,COSTA,MANABI,MANTA,MANTA,27,SN,-,UMIÑA,055004047,PARRAGA PONCE MARIA JOSE,GERENTE GENERAL,"1.190.000,00",A,A0311.01,2025,NO APLICA,NO APLICA,Armadores / pesca marítima,9
181436.0,714926,1391861788001,NEGOCIOS INDUSTRIALES DEL MAR NEGOINMAR S.A.,ACTIVA,05/10/2017,ANÓNIMA,ECUADOR,COSTA,MANABI,MANTA,MANTA,INTERBARRIAL,L2-67,A UNA CUADRA DE LA TIENDA KATITA,05 DE JUNIO,052627223,CEME CEDENO VICENTE JOSE,GERENTE GENERAL,"800,00",C,C1020.02,2025,NO APLICA,NO APLICA,Industria: elaboración y conservación de pescado,9
181615.0,715117,1391862806001,COMERCIALIZADORA SEA FISHERS COMERSEAFISH S.A.,DISOLUCIÓN Y LIQUIDACIÓN OFICIO INSCRITA EN RM,07/11/2017,ANÓNIMA,ECUADOR,COSTA,MANABI,MANTA,MANTA,PRINCIPAL,CASA 90,URBANIZACIÓN HORIZONTE AZUL,,052630526,RIVERA MENDOZA MARIO DAVID,PRESIDENTE,"10.000,00",A,A0311.01,2021,NO APLICA,NO APLICA,Armadores / pesca marítima,5
181749.0,715262,1391864477001,PESQUERAKORPEZ S.A.,ACTIVA,15/11/2017,ANÓNIMA,ECUADOR,COSTA,MANABI,MANTA,MANTA,1 Y AV 7,20,47,LA FRAGATA,052624077,GOROZABEL LEON JORGE MELECIO,GERENTE GENERAL,"1.000,00",A,A0311.01,2025,NO APLICA,NO APLICA,Armadores / pesca marítima,9
182153.0,715711,1391865198001,"FREDDY & JERONIMO CAÑARTE ZAMBRANO VENTA, PROCESO Y COMERCIALIZACIÓN DE PRODUCTOS DE LA PESCA FREJERFISH S.A.",ACTIVA,18/12/2017,ANÓNIMA,ECUADOR,COSTA,MANABI,MANTA,MANTA,-SN,1,AL FRENTE DE LA GASOLINERA EL PALMAR,EL PALMAR,052398167,ZAMBRANO CANTOS VIRNA MARIUXI,PRESIDENTE,"1.000,00",A,A0311.01,2025,NO APLICA,NO APLICA,Armadores / pesca marítima,9
182706.0,716330,1391867603001,YESFISH S.A.,ACTIVA,31/01/2018,ANÓNIMA,ECUADOR,COSTA,MANABI,JARAMIJÓ,JARAMIJÓ,PRINCIPAL,-SN,-VIA JARAMIJO,MAR ABIERTO,052922730,REYES PICO JOSE ILDIFONSO,GERENTE GENERAL,"800,00",C,C1020.02,2025,NO APLICA,NO APLICA,Industria: elaboración y conservación de pescado,8
183201.0,716882,1391869215001,CHONILLO FISH CHONIFISH S.A.,ACTIVA,08/03/2018,ANÓNIMA,ECUADOR,COSTA,MANABI,JARAMIJÓ,JARAMIJÓ,VIA A JARAMIJO - ROCAFUERTE,sn,POR LA ENTRADA DE FABRICA PESMARPAC A 20,,052925845,ZAMBRANO CHONILLO FREDDY HUMBERTO,GERENTE GENERAL,"1.000,00",A,A0311.01,2025,NO APLICA,NO APLICA,Armadores / pesca marítima,8
183455.0,717158,1391870884001,ALCERTUNA S.A.,DISOLUCIÓN Y LIQUIDACIÓN DE PLENO DERECHO INSC. RM,29/11/2017,ANÓNIMA,ECUADOR,COSTA,MANABI,MANTA,MANTA,120,-,AV 113,,052925119,ALCIVAR RIASCO LUIS ENRIQUE,GERENTE GENERAL,"10.000,00",A,A0311.01,2023,NO APLICA,NO APLICA,Armadores / pesca marítima,7
183681.0,717406,1391882440001,B.K. MAR EXPORTADORA E IMPORTADORA BKMAREI S.A.,ACTIVA,09/04/2018,ANÓNIMA,ECUADOR,COSTA,MANABI,MANTA,MANTA,26 de Mayo,SN,Calle 27 B,,056054458,QIU  JIANFA,GERENTE GENERAL,"1.000,00",A,A0311.01,2025,NO APLICA,NO APLICA,Armadores / pesca marítima,8
183994.0,717746,1391876483001,PESQUERA SALVAFISH S.A.,DISOLUCIÓN Y LIQUIDACIÓN OFICIO INSCRITA EN RM,19/04/2018,ANÓNIMA,ECUADOR,COSTA,MANABI,MANTA,MANTA,M 4,313,AVENIDA 25,LOS GAVILANES,052382774,REYES ALAVA OSCAR ALFONSO,PRESIDENTE,"1.000,00",A,A0311.01,2023,NO APLICA,NO APLICA,Armadores / pesca marítima,6
183998.0,717750,1391875940001,SERVIBUQUES S.A.,ACTIVA,18/04/2018,ANÓNIMA,ECUADOR,COSTA,MANABI,MANTA,MANTA,111,SN,AVENIDA 103 ESQUINA,,052626206,GOMEZ CHAVEZ KATHERINE PATRICIA,PRESIDENTE,"1.000,00",A,A0311.01,2025,NO APLICA,NO APLICA,Armadores / pesca marítima,8
184349.0,718126,1391873190001,ATUNERA VERMONT ATUNVERMONT S.A.,ACTIVA,01/06/2018,ANÓNIMA,ECUADOR,COSTA,MANABI,MANTA,MANTA,CALLE 12,SN,AV 7 Y 8,,052921852,VERDINI MONTEMUIÑO JORGE ANTONIO,GERENTE GENERAL,"50.000,00",A,A0311.03,2025,NO APLICA,NO APLICA,Armadores / pesca marítima,8
184798.0,718613,1391875061001,SEAFOODPREMIUMEXPORT CIA.LTDA.,ACTIVA,29/06/2018,RESPONSABILIDAD LIMITADA,ECUADOR,COSTA,MANABI,MANTA,MANTA,-S/N,-S/N,LOTE 6,,052582289,NAVIA CEDEÑO AGUSTIN ANTONIO,PRESIDENTE,"1.000,00",A,A0311.03,2025,NO APLICA,NO APLICA,Armadores / pesca marítima,8
185127.0,718977,1391877633001,INVERSIONES CURIMAGUA S.A.,DISOLUCIÓN Y LIQUIDACIÓN OFICIO INSCRITA EN RM,26/07/2018,ANÓNIMA,ECUADOR,COSTA,MANABI,MANTA,MANTA,AVENIDA PRINCIPAL,LOTE 2,A7,,052568017,ORTISI FRANCISCO JOSE JUNIOR,GERENTE GENERAL,"1.000,00",A,A0311.01,2022,NO APLICA,NO APLICA,Armadores / pesca marítima,5
185367.0,719241,1391877447001,EFECIOS S.A.,DISOLUCIÓN Y LIQUIDACIÓN OFICIO INSCRITA EN RM,08/08/2018,ANÓNIMA,ECUADOR,COSTA,MANABI,MANTA,MANTA,13 Y 14,0,AV. 3 Y 6,,055001597,CHANALATA CASTRO CHRISTIAN PATRICIO,PRESIDENTE,"800,00",A,A0311.03,2020,NO APLICA,NO APLICA,Armadores / pesca marítima,3
185495.0,719385,1391877765001,PESQUERA DOÑAROGE S.A.,ACTIVA,13/04/2018,ANÓNIMA,ECUADOR,COSTA,MANABI,MANTA,MANTA,4,SN,S/N,LA ENSENADITA,052621157,DIAZ GARCIA ANGEL,PRESIDENTE,"1.052.178,00",A,A0311.03,2025,NO APLICA,NO APLICA,Armadores / pesca marítima,8
185498.0,719388,1391877811001,PESQUERAROCIO S.A.,ACTIVA,13/04/2018,ANÓNIMA,ECUADOR,COSTA,MANABI,MANTA,MANTA,4,SN,SN,LA ENSENADITA,052621157,MENDOZA VERA EDGAR KEITH,GERENTE GENERAL,"675.876,00",A,A0311.03,2025,NO APLICA,NO APLICA,Armadores / pesca marítima,8
185500.0,719390,1391877838001,PESQUERA DOÑAMARUJA S.A.,ACTIVA,13/04/2018,ANÓNIMA,ECUADOR,COSTA,MANABI,MANTA,MANTA,4,SN,SN,,052613539,TORRES OCHOA MARIA CAMILA,PRESIDENTE,"1.075.627,00",A,A0311.03,2025,NO APLICA,NO APLICA,Armadores / pesca marítima,8
185501.0,719391,1391877803001,PESQUERA DONBARTOLO S.A.,ACTIVA,13/04/2018,ANÓNIMA,ECUADOR,COSTA,MANABI,MANTA,MANTA,4,SN,S/N,LA ENSENADITA,052621157,MENDOZA VERA EDGAR KEITH,GERENTE GENERAL,"149.542,00",A,A0311.03,2025,NO APLICA,NO APLICA,Armadores / pesca marítima,8
185679.0,719589,1391878508001,GEMIMARKSA S.A.,ACTIVA,07/09/2018,ANÓNIMA,ECUADOR,COSTA,MANABI,MONTECRISTI,MONTECRISTI,VIA REFINERIA,SN,CIRCUNVALACION TRAMO 2,SITIO BARRANCO PRIETO,052657114,VELOZ CALLE MARCO ANTONIO,PRESIDENTE,"800,00",C,C1020.06,2025,NO APLICA,NO APLICA,Industria: elaboración y conservación de pescado,8
185916.0,719850,,OCEANATUN S.A.,DISOLUCIÓN Y LIQUIDACIÓN OFICIO NO INSCRITA EN RM,18/09/2018,ANÓNIMA,ECUADOR,COSTA,MANABI,JARAMIJÓ,JARAMIJÓ,11,1107,2,,,PALADINES JARAMILLO HENRY FABRIZIO,GERENTE GENERAL,"1.000,00",A,A0311.01,,NO APLICA,NO APLICA,Armadores / pesca marítima,0
186274.0,720249,0993151556001,OCEANMANABI S.A.,ACTIVA,16/10/2018,ANÓNIMA,ECUADOR,COSTA,MANABI,MANTA,MANTA,CALLE U8,Lote 3,Av U4,Universitaria,052626254,GUERRERO JIMENEZ GINA CRISTINA,PRESIDENTE,"1.000,00",A,A0311.01,2025,NO APLICA,NO APLICA,Armadores / pesca marítima,8
186595.0,720604,1391881525001,EXPORTADORA JUAN FISH JUANFISH S.A.,ACTIVA,30/10/2018,ANÓNIMA,ECUADOR,COSTA,MANABI,MANTA,MANTA,CALLE 12,SN,AVENIDA 22,,056054458,RESTREPO MESA JUAN MANUEL,PRESIDENTE,"800,00",A,A0311.01,2023,NO APLICA,NO APLICA,Armadores / pesca marítima,6
187381.0,721471,,JOLOPEZ S.A.,DISOLUCIÓN Y LIQUIDACIÓN OFICIO INSCRITA EN RM,21/11/2018,ANÓNIMA,ECUADOR,COSTA,MANABI,MANTA,MANTA,U9,0,U3,,052678268,LOPEZ DELGADO JOEL ANDERSON,GERENTE GENERAL,"800,00",C,C1020.06,,NO APLICA,NO APLICA,Industria: elaboración y conservación de pescado,0
188997.0,723234,,EXPORTADORA DE HARINAS MANTA EXPORMANT S.A.,DISOLUCIÓN Y LIQUIDACIÓN OFICIO INSCRITA EN RM,09/05/2019,ANÓNIMA,ECUADOR,COSTA,MANABI,MANTA,MANTA,avenida Par vial,callejon,entrada al barrio la Aurora,La Aurora 2,2927990,DENDER PROAÑO CARLOS ROLANDO,PRESIDENTE,"800,00",C,C1020.05,,NO APLICA,NO APLICA,Industria: elaboración y conservación de pescado,0
189021.0,723259,,MOLINOS BIOACUATICOS DE MANTA MOLIMANTA S.A.,DISOLUCIÓN Y LIQUIDACIÓN OFICIO NO INSCRITA EN RM,06/05/2019,ANÓNIMA,ECUADOR,COSTA,MANABI,JARAMIJÓ,JARAMIJÓ,via a la Sequita a los lados de HARIMARSA,S/N,Via a Rocafuerte km  71/2,la Victoria,53701455,AGUDO VALLE RODRIGO DEL JESUS,GERENTE GENERAL,"800,00",C,C1020.05,,NO APLICA,NO APLICA,Industria: elaboración y conservación de pescado,0
189299.0,723564,1391905181001,PROOCEANO S.A.,DISOLUCIÓN Y LIQUIDACIÓN OFICIO INSCRITA EN RM,26/04/2019,ANÓNIMA,ECUADOR,COSTA,MANABI,MANTA,MANTA,VIA MANTA MONTECRISTI,S/N,KILOMETRO 4 1/2,LA AURORA,0958811379,ANCHUNDIA LUCAS JAIME DANIEL,PRESIDENTE,"1.000,00",A,A0311.03,,NO APLICA,NO APLICA,Armadores / pesca marítima,0
189692.0,723990,1391904401001,CENTRO DE BIOTECNOLOGIAS OMICAS CEBIOMICS S.A.,ACTIVA,17/06/2019,ANÓNIMA,ECUADOR,COSTA,MANABI,MONTECRISTI,MONTECRISTI,Anivbal San Andres,-sn,-av metropolitana,-,052578691,INMOMANAGER S.A.S.,PRESIDENTE,"800,00",A,A0311.01,2025,NO APLICA,NO APLICA,Armadores / pesca marítima,7
190010.0,724337,1391904983001,PEZ KOI PEZKOI S.A.,ACTIVA,05/07/2019,ANÓNIMA,ECUADOR,COSTA,MANABI,MANTA,MANTA,CALLE 12,207,AVENIDA 7 Y 8,,056054458,VALENCIA LUNA ERICK JEAMPIERR,GERENTE GENERAL,"800,00",A,A0311.01,2025,NO APLICA,NO APLICA,Armadores / pesca marítima,7
190234.0,724578,1391905505001,DELIMARINA S.A.,ACTIVA,12/07/2019,ANÓNIMA,ECUADOR,COSTA,MANABI,MANTA,MANTA,AV FLAVIO REYES,S/N,ENTRE 17 Y 18,,056054458,SALAZAR MUÑOZ JUAN SEBASTIAN,PRESIDENTE,"800,00",C,C1020.04,2025,NO APLICA,NO APLICA,Industria: elaboración y conservación de pescado,7
190608.0,724980,1391906277001,ALBACORA-FISH S.A.,ACTIVA,26/07/2019,ANÓNIMA,ECUADOR,COSTA,MANABI,MANTA,MANTA,16,s/n,Av 03,cordova,052677393,VERA VIVAS RISKEE RENEE,PRESIDENTE,"250.000,00",A,A0311.01,2025,SI,24/09/2019,Armadores / pesca marítima,7
192361.0,726893,1391911726001,MOLLITIAM S.A.,ACTIVA,15/10/2019,ANÓNIMA,ECUADOR,COSTA,MANABI,JARAMIJÓ,JARAMIJÓ,VIA MANTA ROCAFUERTE,S/N,PARQUE DEL ATUN,PARQUE DEL ATUN,053701250,NUÑEZ MARQUEZ GUSTAVO VINICIO,GERENTE GENERAL,"800,00",A,A0311.03,2025,SI,27/11/2020,Armadores / pesca marítima,7
192736.0,727297,1391912196001,PESCAFRESDELECUADOR S.A.,ACTIVA,23/12/2019,ANÓNIMA,ECUADOR,COSTA,MANABI,MANTA,MANTA,67,CALLE P3,MANTA,,052222222,MENDOZA VINUEZA FABRICIO RAFAEL,GERENTE GENERAL,"800,00",A,A0311.03,2025,SI,16/08/2020,Armadores / pesca marítima,7
192829.0,727394,1391912684001,ATUNERA DEL PACIFICO SUR ATUNSUR S.A.,ACTIVA,28/12/2019,ANÓNIMA,ECUADOR,COSTA,MANABI,MANTA,MANTA,CALLE M2,SN,AV 7 Y 8,MURCIELAGO,052921852,VERDINI MONTEMUIÑO JORGE ANTONIO,GERENTE GENERAL,"3.000,00",A,A0311.01,2025,SI,23/07/2020,Armadores / pesca marítima,7
193635.0,728270,1391913796001,INDUSTRIA ATUNERA REYAZUL S.A.,ACTIVA,03/03/2020,ANÓNIMA,ECUADOR,COSTA,MANABI,MANTA,MANTA,CALLE 13,102,AVENIDA 7,,052613177,MENDOZA MENDOZA MARIA EUGENIA,GERENTE GENERAL,"1.000,00",A,A0311.01,2025,SI,02/07/2020,Armadores / pesca marítima,6
194403.0,729103,1391914792001,COMERCIALIZADORA Y SECADORA DE PRODUCTOS PESQUEROS EL SOL PROELSOL S.A.,DISOLUCIÓN Y LIQUIDACIÓN OFICIO INSCRITA EN RM,02/07/2020,ANÓNIMA,ECUADOR,COSTA,MANABI,MONTECRISTI,MONTECRISTI,5 de mayo,1,sitio el colorado,,052632984,MURILLO MUENTES KELVIN ROLANDO,GERENTE GENERAL,"800,00",C,C1020.06,,NO,,Industria: elaboración y conservación de pescado,0
194545.0,729264,1391917449001,JRMOREIRA CIA.LTDA.,ACTIVA,13/03/2020,RESPONSABILIDAD LIMITADA,ECUADOR,COSTA,MANABI,MANTA,MANTA,16,s/n,Av. 35,LAS ACACIAS,0939166778,MOREIRA DOUMET JHON RENE,GERENTE GENERAL,"10.000,00",A,A0311.01,2024,SI,10/05/2021,Armadores / pesca marítima,5
194760.0,729512,1391915136001,SEMAGUA MANTA ''SEMANTSEA'' S.A.,DISOLUCIÓN Y LIQUIDACIÓN OFICIO INSCRITA EN RM,16/07/2020,ANÓNIMA,ECUADOR,COSTA,MANABI,MANTA,MANTA,15,3,AV  MALECON,CENTRO  DE  MANTA,052613618,REALPE GILER NUVIA ABEDA,GERENTE GENERAL,"2.000,00",A,A0311.01,,NO,,Armadores / pesca marítima,0
195559.0,730406,1391916094001,BRIOTUNA S.A.S.,DISOLUCIÓN Y LIQUIDACIÓN DE PLENO DERECHO INSC. RM,19/08/2020,SOCIEDAD POR ACCIONES SIMPLIFICADA,ECUADOR,COSTA,MANABI,MANTA,MANTA,CALLE 13 Y 14,S/N,AV. 3 Y 6,,052629709,BRIONES CONFORME WILLIAM JOSE,PRESIDENTE,"800,00",C,C1020.02,2021,SI,12/10/2020,Industria: elaboración y conservación de pescado,2
195625.0,730479,1391920911001,EMPRESA DE ALIMENTOS MONTECRISTI EMPAMON S.A.,ACTIVA,17/08/2020,ANÓNIMA,ECUADOR,COSTA,MANABI,MANTA,MANTA,VIA MANTA MONTECRISTI,S/N,VIA INTERBARRIAL,,059999999,AGUILERA AYALA PABLO OSWALDO,PRESIDENTE,"100.800,00",C,C1020.02,2025,SI,16/01/2021,Industria: elaboración y conservación de pescado,6
196253.0,731170,1391917406001,PRODUCTORA ATUNERA MOLINA VALLE PROTUNA S.A.,ACTIVA,24/08/2020,ANÓNIMA,ECUADOR,COSTA,MANABI,MANTA,MANTA,VIA A SAN MATEO,SN,SN,,052630237,MOLINA CEVALLOS CESAR ANDRES,GERENTE GENERAL,"800,00",A,A0311.03,2025,SI,06/07/2021,Armadores / pesca marítima,6
196672.0,731645,1391917708001,HARIBALAN S.A.S.,ACTIVA,25/09/2020,SOCIEDAD POR ACCIONES SIMPLIFICADA,ECUADOR,COSTA,MANABI,MANTA,MANTA,CALLE U5 Y U7,SN,CDLA UNIVERSITARIA,,052568726,ZAMBRANO MIRANDA FRANKLIN GUSTAVO,GERENTE GENERAL,"100,00",C,C1020.05,2025,SI,07/10/2021,Industria: elaboración y conservación de pescado,6
196850.0,731843,1391917589001,ALIMENTOS CONGELADOS ALIMARE S.A.,ACTIVA,23/09/2020,ANÓNIMA,ECUADOR,COSTA,MANABI,JARAMIJÓ,JARAMIJÓ,PRINCIPAL,S/N,LOTIZACIÓN SANTA CECILIA,SANTA CECILIA,052677519,MOREIRA SALVADOR BRYAN XAVIER,PRESIDENTE,"814.772,00",C,C1020.02,2025,SI,30/12/2020,Industria: elaboración y conservación de pescado,6
197663.0,732752,1391918682001,ISLAS-CIES S.A.,ACTIVA,19/10/2020,ANÓNIMA,ECUADOR,COSTA,MANABI,MONTECRISTI,MONTECRISTI,S/N,S/N,S/N,,052318367,REYES QUIMI GUILLERMO ENRIQUE,GERENTE GENERAL,"5.000,00",A,A0311.01,2023,SI,18/05/2021,Armadores / pesca marítima,4
198855.0,734074,1391927061001,EMPRESA PESQUERA CAPFERGUE S.A.,ACTIVA,21/12/2020,ANÓNIMA,ECUADOR,COSTA,MANABI,MANTA,MANTA,105,0000,MALECON,,052382103,GUERRERO GOMEZ DENZEL FERNANDO,PRESIDENTE,"1.000,00",A,A0311.01,2025,SI,05/05/2022,Armadores / pesca marítima,6
199889.0,735196,1391923023001,PARIMASECOM S.A.S.,ACTIVA,23/02/2021,SOCIEDAD POR ACCIONES SIMPLIFICADA,ECUADOR,COSTA,MANABI,MONTECRISTI,MONTECRISTI,calle 14 y calle 74,s/n,DIAGONAL A LA PURIFICADORA CLARE WATER,,052578930,MEDRANDA URETA MARIA FERNANDA,GERENTE GENERAL,"100,00",A,A0311.03,2025,SI,07/06/2022,Armadores / pesca marítima,5
200220.0,735565,1391923848001,COMPAÑIA DE EXPORTADORES DE PRODUCTOS DEL MAR ''EXPO&MAR'' S.A.,ACTIVA,05/03/2021,ANÓNIMA,ECUADOR,COSTA,MANABI,MANTA,MANTA,225,227,CALLEJÓN PEATONAL E,SANTA ANA,052927988,CHICA PONCE MADELEINE ANEL,PRESIDENTE,"10.800,00",C,C1020.04,2025,SI,09/06/2022,Industria: elaboración y conservación de pescado,5
200641.0,736025,1391924267001,SOISAMAR S.A.S.,ACTIVA,31/03/2021,SOCIEDAD POR ACCIONES SIMPLIFICADA,ECUADOR,COSTA,MANABI,JARAMIJÓ,JARAMIJÓ,VÍA JARAMIJÓ,S/N,S/N,,052924590,PISCO MOREIRA CARLOS MOISES,GERENTE GENERAL,"1.000,00",A,A0311.01,2025,SI,03/05/2022,Armadores / pesca marítima,5
201612.0,737090,1391926499001,DEXICON S.A.,ACTIVA,19/05/2021,ANÓNIMA,ECUADOR,COSTA,MANABI,MANTA,MANTA,112,6,103,LOS ESTEROS,052450547,FUELTALA ESPINOSA PATRICIO HERNAN,GERENTE GENERAL,"1.200.000,00",C,C1020.02,2025,SI,07/09/2021,Industria: elaboración y conservación de pescado,5
202229.0,737763,1391927711001,RENAPACIFIC IMPORTADORA Y EXPORTADORA S.A.,ACTIVA,24/06/2021,ANÓNIMA,ECUADOR,COSTA,MANABI,MANTA,MANTA,Av 5,s/n,Via Barbasquillo,,052678092,OCHOA SANTOS LAURA,GERENTE GENERAL,"2.000,00",A,A0311.01,2025,SI,19/07/2022,Armadores / pesca marítima,5
202461.0,738014,1391928688001,UMITUNA S.A.,ACTIVA,30/06/2021,ANÓNIMA,ECUADOR,COSTA,MANABI,MANTA,MANTA,C-23,SN,AVENIDA MALECON,Centro,052621365,VILLAR CHOUCIÑO GABRIELA MARIA,GERENTE GENERAL,"1.000,00",A,A0311.01,2025,SI,01/07/2022,Armadores / pesca marítima,5
203247.0,738881,,ANTHONYTUNA S.A.,DISOLUCIÓN Y LIQUIDACIÓN OFICIO INSCRITA EN RM,12/08/2021,ANÓNIMA,ECUADOR,COSTA,MANABI,MANTA,MANTA,Km 1 1/2 vía a Barbasquillo,s/n,s/n,,0998629603,OCHOA SANTOS INES,PRESIDENTE,"2.000,00",A,A0311.01,,NO,,Armadores / pesca marítima,0
204001.0,739713,1391931808001,DISTRIBUIDORA DE PRODUCTOS ALIMENTICIOSFCP S.A.,ACTIVA,05/10/2021,ANÓNIMA,ECUADOR,COSTA,MANABI,JARAMIJÓ,JARAMIJÓ,VIA JARAMIJO,S/N,CALLEJON ISIDRO AYORA,CDLA. SANTA CECILIA,052677617,FERNANDEZ CUESTA FRANCISCO XAVIER,GERENTE GENERAL,"1.000,00",C,C1020.02,2025,SI,11/05/2022,Industria: elaboración y conservación de pescado,5
205505.0,741372,1391932147001,ECUATUNAMAR S.A.,DISOLUCIÓN Y LIQUIDACIÓN OFICIO INSCRITA EN RM,16/12/2021,ANÓNIMA,ECUADOR,COSTA,MANABI,MANTA,MANTA,ALTO DE MANTA BEACH,16,MZ P,,052920029,CRUZ TERAN JULIO ALBERTO,GERENTE GENERAL,"1.000,00",A,A0311.01,2021,SI,22/11/2022,Armadores / pesca marítima,1
206512.0,742497,1391932359001,PRODUCTOS ALIMENTICIOS CONGELADOS PROALICONSA S.A.,ACTIVA,21/01/2022,ANÓNIMA,ECUADOR,COSTA,MANABI,MONTECRISTI,MONTECRISTI,E482,S/N,S/N,,052678062,PLUA MARCILLO JOSE LUIS,GERENTE GENERAL,"800,00",A,A0311.01,2025,SI,04/05/2023,Armadores / pesca marítima,4
207188.0,743246,1391932440001,MANTAFISHERMAN S.A.S.,ACTIVA,31/03/2022,SOCIEDAD POR ACCIONES SIMPLIFICADA,ECUADOR,COSTA,MANABI,JARAMIJÓ,JARAMIJÓ,VIA MANTA ROCAFUERTE,S/N,S/N,,052381751,PARRALES MARRASQUIN ISIDRO MAURO,GERENTE GENERAL,"1.000,00",A,A0311.01,2025,SI,17/11/2022,Armadores / pesca marítima,4
207341.0,743413,1391932427001,PROYECTOS NEYZOA S.A.S.,ACTIVA,06/04/2022,SOCIEDAD POR ACCIONES SIMPLIFICADA,ECUADOR,COSTA,MANABI,JARAMIJÓ,JARAMIJÓ,S/N,S/N,Vía Manta,,052623333,LUCAS FLORES JORGE,GERENTE GENERAL,"800,00",A,A0311.01,2025,SI,01/03/2023,Armadores / pesca marítima,4
208369.0,744546,1391932662001,PESQUERA DEL PACIFICO PESDEPAC S.A.,ACTIVA,19/05/2022,ANÓNIMA,ECUADOR,COSTA,MANABI,MONTECRISTI,MONTECRISTI,vía Circunvalación,s/n,Km 7.5,,052000000,MACIAS MACIAS LUIS ALFONSO,GERENTE GENERAL,"800,00",C,C1020.04,2025,SI,21/04/2023,Industria: elaboración y conservación de pescado,4
211408.0,747852,1391933682001,CAROFOODS DEL ECUADOR S.A.S.,DISOLUCIÓN Y LIQUIDACIÓN DE PLENO DERECHO INSC. RM,25/11/2022,SOCIEDAD POR ACCIONES SIMPLIFICADA,ECUADOR,COSTA,MANABI,MANTA,MANTA,Tramo circunvalacion,villa 11,via a San Juan,,052643072,SANTANA FARFAN JANETH JESENIA,GERENTE GENERAL,"1.000,00",A,A0311.01,,SI,10/03/2023,Armadores / pesca marítima,0
213583.0,750224,1391934730001,PESQUERA ADRIANA S.A.,ACTIVA,10/03/2023,ANÓNIMA,ECUADOR,COSTA,MANABI,MANTA,MANTA,4,SN,MANTA,LA ENSENADITA,052621157,MENDOZA VERA EDGAR KEITH,GERENTE GENERAL,"1.088.492,00",A,A0311.03,2025,SI,30/06/2023,Armadores / pesca marítima,3
213599.0,750241,1391934731001,AEROFISH S.A.,ACTIVA,06/03/2023,ANÓNIMA,ECUADOR,COSTA,MANABI,MANTA,MANTA,Manta,1,4 de Noviembre,LA ENSENADITA,052318805,MARTINEZ RUIZ ALVARO DIEGO,GERENTE GENERAL,"1.449.105,00",A,A0311.01,2025,SI,15/11/2023,Armadores / pesca marítima,3
213676.0,750320,1391934789001,PESCADORES DEL MAR BERMEJO S.A.S.,ACTIVA,27/04/2023,SOCIEDAD POR ACCIONES SIMPLIFICADA,ECUADOR,COSTA,MANABI,MANTA,MANTA,S/N,705,S/N,,052028965,PALMA VINCES YANDRY VLADIMIR,PRESIDENTE,"800,00",A,A0311.01,2023,SI,07/02/2024,Armadores / pesca marítima,1
214711.0,751431,1391935120001,MEROFRESCO S.A.,ACTIVA,16/06/2023,ANÓNIMA,ECUADOR,COSTA,MANABI,MANTA,MANTA,Ciudadela Aquiles Paz,S/N,sin calle secundaria,LOS ESTEROS,050284461,MERO MENDOZA CRISTOBAL COLON,GERENTE GENERAL,"2.000,00",A,A0311.03,2025,SI,21/02/2024,Armadores / pesca marítima,3
215718.0,752517,1391935384001,COMPAÑIA PUNTOMAR S.A.,ACTIVA,30/08/2023,ANÓNIMA,ECUADOR,COSTA,MANABI,MANTA,MANTA,310,1,216,,052620687,CAICEDO VERNAZA PAULO ANTONIO,GERENTE GENERAL,"900,00",C,C1020.09,2024,SI,20/12/2023,Industria: elaboración y conservación de pescado,2
216300.0,753140,1391935618001,PESQUERA FINISTERRE S.A.,ACTIVA,27/09/2023,ANÓNIMA,ECUADOR,COSTA,MANABI,MANTA,MANTA,CALLE 4,S/N,S/N,,052621157,MENDOZA VERA EDGAR KEITH,GERENTE GENERAL,"800,00",A,A0311.01,2025,SI,24/11/2023,Armadores / pesca marítima,3
216747.0,753609,1391935826001,TUNAFISHNG S.A.,ACTIVA,27/11/2023,ANÓNIMA,ECUADOR,COSTA,MANABI,MANTA,MANTA,290,S/N,J21 Y J25,,052633614,TUAREZ MACIAS RONALD STEVEN,PRESIDENTE,"3.000,00",A,A0311.01,2025,SI,30/05/2024,Armadores / pesca marítima,3
216943.0,753825,1391936248001,SANTOS VELEZ SV S.A.S.,ACTIVA,18/12/2023,SOCIEDAD POR ACCIONES SIMPLIFICADA,ECUADOR,COSTA,MANABI,MANTA,MANTA,12,SN,AVENIDA 20,,052654321,SANTOS SALTOS VERNI MIGUEL,GERENTE GENERAL,"6.000,00",A,A0311.01,2025,SI,19/04/2024,Armadores / pesca marítima,3
222591.0,759770,1391937805001,PELAMAR S.A.S.,ACTIVA,15/05/2025,SOCIEDAD POR ACCIONES SIMPLIFICADA,ECUADOR,COSTA,MANABI,MANTA,MANTA,14,14,LUXOR,JESUS DE NAZARETH,052472480,RODRIGUEZ VERA ALBERTO IVAN ARTURO,GERENTE GENERAL,"100,00",C,C1020.01,,NO,,Industria: elaboración y conservación de pescado,0
226235.0,763467,,TUTTOMARE SEAFOOD S.A.,ACTIVA,23/03/2026,ANÓNIMA,ECUADOR,COSTA,MANABI,MANTA,MANTA,SAN JUAN,LOTE 55,S/N,,052389356,GANCHOZO ZAMBRANO DIANA MARILIN,GERENTE GENERAL,"10.000,00",A,A0311.01,,NO,,Armadores / pesca marítima,0
226499.0,763731,1391939292001,BLUEPESCA PESCA INDUSTRIAL S.A.S.,ACTIVA,04/05/2026,SOCIEDAD POR ACCIONES SIMPLIFICADA,ECUADOR,COSTA,MANABI,JARAMIJÓ,JARAMIJÓ,km 51/2 via Manta Rocafuerte,km 51/2,Van Manta Rocafuerte,,052611787,DE GENNA FERNANDEZ MARIO BARTOLOME,GERENTE GENERAL,"1.000,00",A,A0311.01,,SI,13/05/2026,Armadores / pesca marítima,0
